zw,Please select your battalion,What is your time in service?,"Have you completed a mobilization or deployment? (SAD, Title 10, Title 32, etc.)",If you are deploying in the next twelve months do you have any questions or concerns regarding an upcoming deployment?,Have you used any form of educational assistance?,"If ""yes"" what educational benefits have you utilized and have you had any issues utilizing them?",Are you aware of the 211 resource?,Have you had any pay issues to include bonuses not being paid in a timely manner?,Do you feel like your leadership is competent and interested in your development as a soldier and civilian?,Would you be interested in extending or re-enlisting?,Would you be interested in re-enlisting or extending if you were at a different unit?,Would you be interested in re-enlisting or extending if you could acquire a new MOS?,Do you feel valued at your unit?,What made you join the Army National Guard?,What has changed over the course of your enlistment that may have negatively impacted your desire to stay in? ,"In as much detail as you would like, please explain why you are, or are not interested in extending or re-enlisting.",What changes would you make to improve the morale of soldiers within your company or battlion?,Column 2,Column 3,Column 4,Column 5,Column 6,Column 7,Have you attended any military schools other than your initial entry training?,"If ""No"" please elaborate on what would make you feel like a more valued asset to the team."
1/28/2025 15:00:22,PHPAA (1-116th INF BN),Less than 3 years,No,siodf,Yes,,Yes,No,No,Yes,I am happy at my current unit,I am happy in my current MOS,Yes,,,Answer,Answer,,,,,,,,
1/28/2025 16:35:44,PHPAA (1-116th INF BN),Greater than 12 years,Yes,I think we all have lots of unanswered questions on the upcoming deployment due to where we are in the timeline ,Yes,State TA ,Yes,No,Yes,Yes,I am happy at my current unit,I am happy in my current MOS,Yes,Wanted to serve my country ,The push of retention is not matched by the tools a unit has to assist in retention effort ,"I’m at 18 years and will finish, God willing ","Training focus. New incentives management system to ensure timely payment of incentives.  de-linking BRS from incentives eligibility, return to grant style state tuition program, reduce the restrictions on reenlistment incentives to allow soldiers to be retained while exploring other aspects of the VAARNG.  Looking into funding for tricare for Mday Soldiers akin to MD ARNG ",,,,,,,,
1/28/2025 18:30:18,PHPAA (1-116th INF BN),Greater than 12 years,Yes,,Yes,"Montgomery GI Bill and Post 9/11 GI Bill, state and federal tuition assistance ",No,No,Yes,No,No,No,Yes,A sense of pride and a desire to serve my community ,"A flawed perspective of leaders. Leaders Refusing to be flexible with personnel. Leaders mentality to follow through on negative personnel actions immediately, but it takes over 6 months and scrutiny at all levels to give a soldier an award. ",My views and perspectives do not align with the leaders in the vaarng. Family and civilian careers have to come first. The guard can not attempt to supersede everything else in a service members life. ,"When soldiers say they are leaving due to training and optempo, listen to them. Set priorities and stick to them. Be transparent at all echelons. Provide true soldier care, not just say it as a buzz word. ",,,,,,,Yes,
1/28/2025 19:07:23,PHPAA (1-116th INF BN),Greater than 3 years but less than 6,Yes,,Yes,GI bill,No,No,No,No,No,Yes,Yes,My Dad,My motivation ,Better job,None,,,,,,,No,
1/28/2025 19:16:34,PHPAA (1-116th INF BN),Greater than 12 years,Yes,Just where and when,Yes,Tuition assistance and Ohio national guard scholarship,No,No,Yes,Yes,I am happy at my current unit,I am happy in my current MOS,Yes,Left active duty but wanted to continue to serve,Poor leadership,Keep serving,New to unit so to early to tell,,,,,,,Yes,
1/28/2025 19:29:00,PHPAA (1-116th INF BN),Greater than 3 years but less than 6,No,,Yes,Post 9/11 GI bill,No,Yes,Yes,Undecided,I am happy at my current unit,I am happy in my current MOS,Yes,The bonus ,Lack of promotion ,Possible career change ,N/a,,,,,,,Yes,
1/28/2025 19:34:55,PHPAA (1-116th INF BN),Less than 3 years,Yes,None,Yes,Federal tuition assistance ,No,No,Yes,Undecided,I am happy at my current unit,Yes,Yes,Opportunities,None,I am not interested in extending due to being offered opportunities outside the guard.,Communication ,,,,,,,No,
1/28/2025 19:42:19,PHPAA (1-116th INF BN),Greater than 6 years but less than 12,Yes,N/A,No,N/A,Yes,No,Yes,Undecided,I am happy at my current unit,I am happy in my current MOS,Yes,Change of pace from active duty army,N/A,Just haven't made my mind up yet. Time will tell ,N/A,,,,,,,Yes,N/A
1/28/2025 20:24:13,PHPAA (1-116th INF BN),Less than 3 years,No,No,No,,No,No,Yes,Yes,I am happy at my current unit,I am happy in my current MOS,Yes,Become a infantryman ,Nothing,Wanna do better things in the army,Do more badass stuff,,,,,,,No,
1/29/2025 9:17:30,P1XAA (276th EN),Greater than 6 years but less than 12,Yes,No,No,,No,No,No,Undecided,Yes,Yes,Yes,Insurance ,We never do our job ,We never have the opportunity to do our job. All drills with the exception of AT is motorpool maintenence.,More opportunities to do our jobs. ,,,,,,,Yes,
1/29/2025 10:16:18,PHPAA (1-116th INF BN),Less than 3 years,Yes,,No,,No,No,Yes,Undecided,No,I am happy in my current MOS,Yes,School and experience ,Opportunities to go to schools ,I am interested if I can be sent to schools in the summer like ranger or mountain ,I would like more detailed information in emails sent out as far as what exactly I would be volunteering for and what I am doing,,,,,,,Yes,
1/29/2025 10:56:43,PHPAA (1-116th INF BN),Greater than 12 years,Yes,N/A,Yes,Federal TA - No Issues,No,No,Yes,Yes,Yes,Yes,Yes,For a sense of purpose and to serve my community and country. ,Time away from family as well as having to drive further to get to my unit. ,"I’m very interested in extending. As much as I enjoyed my time in B Co, the drive is a bit far and due to my service connected disabilities, it’s hard to complete infantry tasks. I would like the re-enlist but change my MOS and IST to the NC Guard to a unit closer to home. ",Change up our training plans. We always conduct the same battle drills year after year and don’t change up how we are doing them. I would also like to see us involve other units into our training as well as other branches. We have a lot of resources at Fort Barfoot that are under utilized and I feel like we could incorporate these things for better overalll training and morale.,,,,,,,Yes,
1/29/2025 11:16:21,X6TAA (329th HHC),Greater than 6 years but less than 12,Yes,,Yes,Federal TA,No,No,Yes,Yes,I am happy at my current unit,Yes,Yes,School paid for SLRP,Soldier care and AGR accountability ,I am interested in staying in to finish my masters degree and insurance. ,AGR accountability and soldier care. BN and RSG are too removed from line units and don’t understand the requirements of an MDAY,,,,,,,Yes,
1/29/2025 11:40:14,X3YF3 (1030th BN),Greater than 12 years,Yes,No,Yes,Post 911,No,No,Yes,Yes,Yes,Yes,No,Gave me something to do after high-school since I was undecided on future at the time.,Politics and lack of promotion opportunities for E6 and above.,"Politics and lack of promotion opportunities for E6 and above. Also, this new generation of soldiers are not as committed to the mission of the guard. It took me 18 years before I requested to split from drill because I understood the sacrifice.  They don't care and nothing is done to them for not showing up because the guard only care about numbers now, not discipline. ","Hold soldiers more accountable and give them more opportunities to actually do their job. For example,  I'm in a transportation company.  Put soldiers on orders/ not split from drill or RMAs to do real world missions. I see civilian contractors consistently transporting military equipment that we have the capability to do. ",,,,,,,Yes,Show more appreciation for our hard work and sacrifice 
1/29/2025 11:50:30,PHPAA (1-116th INF BN),Greater than 3 years but less than 6,Yes,No,Yes,Gi bill state TA,No,No,Yes,Undecided,I am happy at my current unit,I am happy in my current MOS,Yes,Good times ,"Repetitive trainings with no advanced training, only shoot once or twice a year, no cooperative training with other units, no unique training, higher command making units wait on Sunday for longer than needed  ","May reenlist but bonus is way too low for 6 years and no one cares about a jacket, a bag or Woobie hoodie ","Time management, if soldiers are done training then release, have more advanced training, sim rounds, more blanks, more live ammo. Have force on force training, units v other units. Unit cooperation, with infantry units training with aviation units( air assaults, air movements, air lifts) armor units (MOUT) medical units (TCCC) etc ",,,,,,,Yes,
1/29/2025 12:06:32,PHPAA (1-116th INF BN),Greater than 6 years but less than 12,Yes,,Yes,"GI Bill and state TA. Yes I had issues, my leadership did not notify me of the proper channels to complete it. I was told that I should wait for my GI Bill, that I would eventually get it paid like my signing bonus when that is not how it works, and because of that misinformation I missed out on much of it.",No,No,Yes,No,No,No,Yes,Nationalism and school benefits.,Bonus issues.,"I extended by 6 months to decide if I wanted to stay in, but apparently adding 6 months over my initial 6 year contract makes me unable to get a bonus for reenlistment. I was on the fence when a bonus was on the line, with no bonus on the line I am no longer on the fence.",Better benefits teaching.,,,,,,,No,
1/29/2025 12:16:27,X3YF3 (1030th BN),Greater than 12 years,Yes,No,Yes,Post 9/11,No,No,Yes,Yes,Yes,I am happy in my current MOS,Yes,Opportunity, Nothing,I’m only a handful of years away from hitting my 20. ,The flexibility to take a “sick” day. Or being able to split last minute without feeling like you’re a horrible person. ,,,,,,,Yes,NA
1/29/2025 12:50:58,X3YF3 (1030th BN),Greater than 6 years but less than 12,No,No,No,,No,Yes,Yes,No,No,No,Yes,Insurance ,Nothing,I am ready to be done. ,None,,,,,,,Yes,
1/29/2025 18:07:45,8BJAA (JFHQ),Greater than 6 years but less than 12,Yes,,Yes,TA,Yes,No,Yes,Undecided,Yes,Yes,Yes,Patriotism ,Toxic leadership,I’m AGR,Better leadership,,,,,,,No,
1/29/2025 18:29:50,X3YF3 (1030th BN),Greater than 6 years but less than 12,No,N/A,No,,No,Yes,Yes,Yes,I am happy at my current unit,Yes,Yes,E6,Nothing,Benefits ,Money,,,,,,,Yes,
1/29/2025 19:18:17,PHPAA (1-116th INF BN),Greater than 3 years but less than 6,No,Na,No,,No,Yes,Yes,Yes,I am happy at my current unit,I am happy in my current MOS,Yes,Once a month prior active duty ,Growing family and location ,Would like to grow in my current civilian job,Family involvement and fun activities for individual families/ get away trips ,,,,,,,Yes,
1/29/2025 19:18:39,PHPAA (1-116th INF BN),Greater than 3 years but less than 6,No,No,No,,No,No,No,Undecided,Yes,I am happy in my current MOS,Yes,I wanted to serve my county.,Nothing,I’m interested in re-enlisting and staying in for the full 20,None,,,,,,,No,
1/29/2025 19:43:41,PHPAA (1-116th INF BN),Greater than 6 years but less than 12,Yes,"Syria / Iraq. However, I understand it can change. ",Yes,Post 911 GI Bill,Yes,No,Yes,Undecided,No,No,Yes,I’m prior service. Missed it. Needed it for mental health. ,"Laziness, lack of discipline within the unit. Woke agenda. PRONOUNS.  ",I’m going to extend for my own mental heath. I need the military. ,Allow us to travel. AT should be in other states/countries.  ,,,,,,,Yes,
1/30/2025 11:45:28,PHPAA (1-116th INF BN),Greater than 6 years but less than 12,Yes,No,No,,No,Yes,Yes,Yes,I am happy at my current unit,I am happy in my current MOS,Yes,The bonus,The quality of the average soldier,Tricare is affordable ,Effective but fun training. Stop with the “check the box” mindset,,,,,,,Yes,
1/30/2025 11:45:43,PHPAA (1-116th INF BN),Less than 3 years,No,,No,,No,Yes,No,No,No,No,No,School,Everything ,It sucks,Everything ,,,,,,,No,
1/30/2025 12:29:53,PHPAA (1-116th INF BN),Greater than 3 years but less than 6,Yes,Not deploying,No,,No,No,No,Undecided,No,Yes,Yes,Nothing else to do after schools closed down ,High turnover rate of individuals and lack of communication from chain. Rushed to get things done with no info of what we’re doing until it was needed to be done an hour prior. Lack of planning ahead of time from command and higher. Lack of rest plan in prior years for lower enlisted. Lack of upkeep with equipment in prior years leading to having to “deal with or work through” leading to multiple deficiencies to equipment. High lack of morale from prior years leading into newer TY’s. Lack of thorough promotions and choices and not promote someone because you want them out of the unit. With new guidelines for how units will be ran it does not make sense to continue training as if we were the same army when in the near future we will be training in a separate way. ,My time is coming to an end and have little heart to continue. Stressor that is in my life now having to consistently change from military to civilian and lose time at my civilian job and using up my leave for civilian job to come to drill. Missing out on potential clients to make money that is not covered by military pay to accommodate. I am undecided but believe my career will end after this contract due to reasons stated above. Love the people I work with at my level but feel there is a certain level of incompetence some degree higher. ,Having time to communicate and get to know lower enlisted. Proper rest and meal plans instead of hoping to be done early. Higher communication from the “top down” and open communication within reason of plans. Treat soldiers as humans and not machines that can be worked endlessly. This survey should have been written answer as there could be additional reasons to these questions and not just a yes or no. ,,,,,,,Yes,
1/30/2025 14:12:53,X6TAA (329th HHC),Greater than 6 years but less than 12,Yes,No,No,,No,No,Yes,Yes,No,Yes,Yes,College money,Leadership changes before it’s fine now,I already reenlisted,More exciting training,,,,,,,Yes,
1/30/2025 15:33:52,PHPAA (1-116th INF BN),Greater than 12 years,Yes,N/A,Yes,Tuition Assistance ,Yes,No,Yes,Yes,I am happy at my current unit,I am happy in my current MOS,Yes,Benefits for college ,None ,None ,More realistic training as a PLT or Company ,,,,,,,Yes,N/A
1/30/2025 15:49:51,PHPAA (1-116th INF BN),Greater than 12 years,Yes,No,Yes,1606/1607 Post 911. Nonissues,No,No,Yes,Yes,Yes,Yes,Yes,Sense of service,Not much,I am interested ,Unsure,,,,,,,Yes,
1/30/2025 16:09:53,PHPAA (1-116th INF BN),Greater than 6 years but less than 12,Yes,,Yes,GI bill college credits. No.,Yes,No,No,No,No,No,No,To gradually begin separating completely.,Soldiers not joining to be the best the country has to offer. They don’t want to train they just want to sit around and complain. Higher leadership using their most qualified soldiers to check a box and in return showing no appreciation nor gratuity to those said soldiers.,I’m not reenlisting because the army has become weak bodied and weak minded not only in garrison but also down range. ,"I would actually have them train like an infantryman should. Sleeping outside, real MOS training with multiple scenarios other than outdated battle drills that we do every month. Enforcing structure that built the infantry to be what it was once known for. Acknowledging good and hard working soldiers with schools and promotions and team/ squad leader roles instead of saying “you did the best out of the whole brigade” and leaving it at that. It’s honestly been quite unsettling watching fellow soldiers with higher rank be worse at their jobs and duties than lower enlisted. The respect and gratitude had been misplaced. ",,,,,,,Yes,I feel used for my knowledge and experience but appreciation I feel like none is given or acknowledged.
1/30/2025 16:12:17,PHPAA (1-116th INF BN),Greater than 6 years but less than 12,Yes,,No,,No,No,Yes,Undecided,I am happy at my current unit,I am happy in my current MOS,Yes,I wanted to serve my country and be a part of something greater ,N/A,N/A,I would make it to where soldiers got paid mileage to come to drill. I live almost 250 miles away from my armory and it negatively impacts my finances. I believe this is a big retention issue with the guard ,,,,,,,No,
1/30/2025 16:12:39,PHPAA (1-116th INF BN),Greater than 3 years but less than 6,No,,No,,No,Yes,Yes,No,No,No,Yes,To finish my 8 years after i had left active,The army is getting soft,"The army is getting soft, the government doesnt care at all, and this job isnt worth it anymore",Make the army strong again,,,,,,,Yes,
1/30/2025 16:17:46,V6VAA (1-116th HHC),Less than 3 years,Yes,,Yes,FASFA,No,No,Yes,Undecided,I am happy at my current unit,Yes,Yes,I always new I wanted to serve so I said why not.,Nothing ,No,To let them out early if where not doing anything else and everything is completed instead of keeping them longer than that.,,,,,,,No,
1/30/2025 16:22:33,PHPAA (1-116th INF BN),Greater than 6 years but less than 12,No,When and where ,No,,No,No,Yes,Yes,No,I am happy in my current MOS,Yes,Continued service ,I have children ,I do plan on reenlistment ,Events near home drills ,,,,,,,Yes,
1/30/2025 16:52:51,PHPAA (1-116th INF BN),Greater than 12 years,Yes,No,No,,No,No,Yes,Yes,I am happy at my current unit,I am happy in my current MOS,Yes,Tricare,N/A,Finish 20 years,Cooler training.,,,,,,,Yes,
1/30/2025 16:56:37,PHPAA (1-116th INF BN),Greater than 6 years but less than 12,Yes,Yes,No,,No,No,No,Undecided,I am happy at my current unit,I am happy in my current MOS,Yes,Family has served ,N/A,N/A,New equipment and less time on the road ,,,,,,,Yes,
1/30/2025 17:39:02,X3YF3 (1030th BN),Greater than 6 years but less than 12,Yes,N/a,Yes,FEDERAL TA ,No,No,No,Yes,I am happy at my current unit,I am happy in my current MOS,Yes,Education benefits,Incompetent people and lack of development in the NCO Corp ,I am extending because this is my career. ,More school opportunities. G3 and MSC denying apps due to not being required to the position. ,,,,,,,Yes,
1/30/2025 17:53:41,PHPAA (1-116th INF BN),Greater than 6 years but less than 12,Yes,N/A,No,,No,No,Yes,Yes,I am happy at my current unit,I am happy in my current MOS,Yes,Want to serve my country and serve my community ,N/A,N/A,To have advanced training on different weapon systems and required soldiers to go to different schools and courses ,,,,,,,Yes,
1/30/2025 17:59:08,PHPAA (1-116th INF BN),Less than 3 years,No,,No,,No,No,Yes,Yes,I am happy at my current unit,I am happy in my current MOS,Yes,I wanted to have fun,Not,I am interested because I want to go ranger school.,Nothing,,,,,,,No,
1/31/2025 10:30:04,X3YF3 (1030th BN),Greater than 6 years but less than 12,Yes,No,No,,No,No,Yes,Undecided,I am happy at my current unit,I am happy in my current MOS,Yes,My family members served ,How the military handle certain situations involving soldiers ,Having to give up certain opportunities just to become a technician in the military ,Start letting soldiers go to the schools they are interested in. Doing more missions to help with team development and building ,,,,,,,No,
1/31/2025 10:35:24,X3YF3 (1030th BN),Greater than 6 years but less than 12,Yes,No,No,N/A,No,No,Yes,Yes,Yes,Yes,Yes,Change Of Pace,School Seats,N/A,Funding For Schools,,,,,,,Yes,
1/31/2025 10:53:38,X6TAA (329th HHC),Greater than 12 years,Yes,No,Yes,GI Bill ,Yes,No,Yes,No,I am happy at my current unit,No,Yes,"Military is a family tradition, pride to achieve and serve ",The military is not the same military as when I joined.,I enlisted in 2008 so I am close to my 20 years of service,Communication in soldier care,,,,,,,Yes,
1/31/2025 11:06:14,X3YF3 (1030th BN),Greater than 12 years,Yes,,Yes,Post 911,No,Yes,Yes,No,No,No,Yes,Economy ,Soldier's Care,Soldier's Care,Soldier's Care and Accountability ,,,,,,,Yes,
1/31/2025 11:44:53,X6SF3 (529th BN),Greater than 12 years,Yes,No,Yes,GI Bill,No,No,Yes,Yes,Yes,Yes,Yes,Money (Bonus),N/A,N/A,More Money,,,,,,,Yes,
1/31/2025 12:04:21,X3YF3 (1030th BN),Less than 3 years,No,,No,,Yes,No,Yes,No,I am happy at my current unit,No,Yes,Something different ,Nothing,Never planned to reenlist ,"Character, better character",,,,,,,No,
1/31/2025 12:09:42,X3YF3 (1030th BN),Greater than 3 years but less than 6,Yes,,No,,No,Yes,Yes,Undecided,I am happy at my current unit,I am happy in my current MOS,Yes,Misplaced faith in an officer,"Bad leadership. A platoon sergeant (mentioned in following question) who worked to pit platoons, squads, people against each other. Not in a friendly competition way, but in a blame each other for any snafu (including ones caused by said PSG).","A senior NCO put hands on a lower ranking soldier for calling out the seniors disrespectful behavior and the lower ranking soldier advised to keep quiet because only the lower ranking soldier would get a serious punishment for insubordination, whereas the senior would get a counseling that wouldn't affect them beyond a piece of paper.",Addressing poor/toxic leadership. More training/missions and better/proactive management of resources/personnel.,,,,,,,No,
1/31/2025 12:28:09,X3YF3 (1030th BN),Greater than 6 years but less than 12,Yes,How much heads up will we get?,Yes,Tuition Assistance ,No,No,Yes,Yes,Yes,Yes,Yes,Felt right,Lack of school openings/funding to send. Inconsistent soldier expectations,"I want to change my MOS, but do find enjoyment with my current position ","More schools, fair treatment between the PLTs (2nd looks like they get more action), and actually schedule AND grant sergeants time. I mean time actually scheduled into the drill weekend specifically for squad leaders to sit down with their squad for at least an hour or two and just talk with them and get things done (going over support forms, reviewing NCOERs, answer questions, have a cohesive conversation with the whole group about leadership, opportunities, goals, etc) where it isn't seen as ""free space"" to schedule another redundant class. I want this to be acknowledged as the productive use of time that it is.",,,,,,,Yes,
1/31/2025 12:30:11,X3YF3 (1030th BN),Greater than 3 years but less than 6,Yes,,No,,No,No,Yes,Yes,Yes,Yes,Yes,To be a MilTech and a WO ,"Finding information and communicating with CoC for some admin stuffs, such as promotion points I can receive.",I hope the unit and R&R will transparently and actively assist soldiers in reclassifying into an MOS that truly suits them as a condition for their extension.,"To improve the morale of soldiers within my company or battalion, I would focus on three key areas: leadership engagement, professional development, and soldier welfare.

Leadership Engagement – Strong leadership is the foundation of high morale. I would ensure that leaders at all levels are actively engaged with their soldiers, fostering an environment of trust and open communication. Regular check-ins, town hall meetings, and anonymous feedback channels would help identify concerns early and address them effectively.

Professional Development – Soldiers need to feel that their careers are progressing. I would advocate for increased training opportunities, MOS-specific certifications, and leadership development programs. Additionally, I would work with retention and R&R teams to ensure soldiers have clear paths to reclassify into MOSs that align with their skills and career goals if they choose to extend their service.

Soldier Welfare – Ensuring soldiers' well-being directly impacts morale. I would push for improvements in work-life balance by enforcing reasonable duty schedules, increasing access to mental health resources, and recognizing outstanding performance through awards and incentives. Additionally, team-building activities, mentorship programs, and unit events would strengthen cohesion and unit pride.",,,,,,,Yes,
1/31/2025 14:06:54,PHPAA (1-116th INF BN),Less than 3 years,No,,Yes,"Tuition Assistance, no",No,Yes,Yes,Undecided,I am happy at my current unit,Yes,Yes,"Family history, college money, desire to serve something greater than myself",The amount of sleep we get has varied wildly with different commanders.,"Negative
It feels like a bunch of busy work with very little training of actual substance accomplished. I have seen many good friends of mine miss important life events to attend training. My entire unit has been repeatedly sleep deprived to a dangerous extent before being asked to drive long distances (e.g. 7+ hours driving after less than 3 hours of sleep in a 48 hour period). The army was half a year late to paying me my initial enlistment bonus. I do not know if I am willing to continue putting the pressure of my military service onto my friends and family. I feel the military has an overall negative impact on my mental health. There have been days where my unit did not feed us at all. I personally feel my service means nothing and has helped nobody. We do not get gas money and some of my friends lose money coming to drill because of this.
Positive
For students the pay is good. When we do actual training rather than sitting in the armory aimlessly I enjoy my job. I enjoy the other people in my unit. I want to go on deployment. I like shooting.",Ensure soldiers actually get sleep. Do whatever possible to ensure training time is actually spent training and not sitting around struggling to find tasks to do.,,,,,,,No,
1/31/2025 14:11:49,X3YF3 (1030th BN),Greater than 12 years,Yes,,No,,No,No,Yes,Yes,Yes,I am happy in my current MOS,Yes,To serve,Leadership ,I'm re-enlisting,Just communicate and interested pushing soldiers to better themselves ,,,,,,,Yes,
1/31/2025 14:14:27,X6TAA (329th HHC),Greater than 12 years,Yes,No,Yes,State and Federal TA/GI Bill,Yes,No,Yes,Undecided,I am happy at my current unit,No,Yes,Serve my country ,Time!!,I have 31 years in and I want to leave this to the young kids,Listen to and take care of Soldiers genuinely ,,,,,,,Yes,
1/31/2025 14:14:41,X3YF3 (1030th BN),Greater than 3 years but less than 6,No,NA,Yes,"Montgomery GI, Federal TA",No,Yes,Yes,Yes,I am happy at my current unit,I am happy in my current MOS,Yes,NA,Lack of accountability/reprimanding ,I am re-enlisting for the education benefits,More missions/ opportunities for schools,,,,,,,Yes,NA
1/31/2025 15:01:34,X3YF3 (1030th BN),Greater than 3 years but less than 6,Yes,No,Yes,"STAP, FTA, and Chapter 1606 ",No,No,Yes,Undecided,I am happy at my current unit,Yes,Yes,I wanted to serve but also keep my civilian career,Disorganization and Lack of opportunities to attend more schools,"I would like to extend my re-enlistment or even commission. If I do so, I want  to have my activity in the Army to be better aligned with my civilian professional growth. 
CONTEXT: I have been working for a cloud software company for 12 years doing customer service. However, I am exploring a change in careers and I am interested in entering the Intelligence community. I have a Master's degree in Political sciences with a concentration on International Security, I am a native Spanish speaker, fluent in English an currentlyd learning French. My ASVAB scores meet and exceed the thresholds for a commission or a reclass to any of the M.I. MOS, and I'm in the green on everything in my Army record. However,  I have learned that availability of E-5 slots for  M.I. related MOS in the VAARNG is extremely limited and if I commission there is no guarantee that I would be a 35A. Given this situation I'm considering either switching to the Army Reserves at the end of my contract (05FEB2026) or ETS. Any help is appreciated.","More resources to have combat ready vehicles and drive more during drill weekends, more access to Army schools, better organization (timely communications for upcoming missions, school availability, etc.)",,,,,,,Yes,No comment
1/31/2025 15:02:37,X3YF3 (1030th BN),Greater than 3 years but less than 6,Yes,,Yes,"GI Bill, tuition assistance ",No,Yes,Yes,Undecided,Yes,Yes,Yes,"Benefits, healthcare",Poor/uncaring leadership - not at this unit,Currently weighing options,Add purpose to drill instead of random training/pmcs,,,,,,,Yes,
1/31/2025 15:13:56,X3YF3 (1030th BN),Greater than 3 years but less than 6,No,No,No,,No,Yes,No,No,Yes,Yes,No,My recruiter was the best and understood me and what I wanted todo in this ,The way that my unit continues to show me that no matter the situation that might accrue they will always be child like and not resolve or act in an appropriate manner ,I am not interested in extending at the current moment for many reasons one for the national guard to be part time it is not like that. Two my unit continues to prove they are child like. It’s all about ego and saving your own face no matter the expense of your soldier. ,I would actually have people on the ground or in a zoom listening to the actually real problems. Stop giving us answers we already heard and dealt with ,,,,,,,No,They say communicate and we will help and then when you ask for help they make any excuse not to help 
1/31/2025 15:27:31,X3YF3 (1030th BN),Greater than 3 years but less than 6,Yes,No,No,,No,Yes,Yes,Yes,I am happy at my current unit,I am happy in my current MOS,Yes,Benefits,None,I am. Educational benefits for my kids. VA loan. Bonus,Gas reimbursement,,,,,,,No,
1/31/2025 15:43:58,X3YF3 (1030th BN),Less than 3 years,No,,No,,No,No,Yes,No,No,No,Yes,College reasons,I just realized it’s not for me,I’m not re-enlisting because this is not a career I want to persue ,N/a the morale is great at my unit ,,,,,,,No,
1/31/2025 15:45:41,X3YF3 (1030th BN),Less than 3 years,No,,No,,No,No,Yes,No,No,No,Yes,College reasons,I realized it’s not for me,The military is not a career I want to persue ,N/a morale is great at my unit,,,,,,,No,
1/31/2025 17:39:41,PHPAA (1-116th INF BN),Greater than 6 years but less than 12,Yes,,Yes,Army ignited/ no issues,Yes,No,Yes,Yes,I am happy at my current unit,I am happy in my current MOS,Yes,Continued service,Policy changes ,There are many advantages to serving and the pros outweigh the cons. Aside from the fact that service to our country and community is vital,Better unit swag,,,,,,,Yes,
1/31/2025 21:58:09,PHPAA (1-116th INF BN),Greater than 12 years,Yes,,No,,No,No,Yes,Yes,I am happy at my current unit,I am happy in my current MOS,Yes,Insurance and retirement,"Woke crap, having to do R&Rs job, MUTA 5s instead of MUTA 6s, having to deal with stupid briefings that don't make me anymore if an effective Soldier. ","Woke crap, having to do R&Rs job, MUTA 5s instead of MUTA 6s, having to deal with stupid briefings that don't make me anymore if an effective Soldier. ","Stop cramming 15 pounds of crap into a 5 pound bag. Cut out the useless briefings, stop making us do R&R's job, we have enough to do as it is. ",,,,,,,Yes,
2/1/2025 6:37:53,97PAA (91st Cyber),Greater than 12 years,Yes,Not deploying,Yes,"GI Bill, Federal TA and State TA",No,No,Yes,Yes,Yes,Yes,Yes,Patriotism and a family history of service,The woke nature of the military ,I am interested ,Leadership ,,,,,,,Yes,
2/1/2025 7:08:19,X3YF3 (1030th BN),Greater than 6 years but less than 12,Yes,,No,,Yes,No,Yes,No,No,No,Yes,Boredom of civilian life ,Negative or poor leadership in different units ,Tired of revolving my life around the drill schedule and planning things with family and last minute cancellation of plans especially non refundable trips ,Better communication ,,,,,,,Yes,
2/1/2025 7:48:00,X3YF3 (1030th BN),Less than 3 years,No,No,No,N/A,No,Yes,No,No,No,No,No,Wanted to do something fun and crazy ,N/A,N/A,N/A,,,,,,,No,N/A
2/1/2025 7:48:19,X3YF3 (1030th BN),Less than 3 years,No,,No,,No,No,Yes,Undecided,I am happy at my current unit,I am happy in my current MOS,Yes,Benefits,Nothing,Retirement ,Nothing ,,,,,,,No,
2/1/2025 7:48:39,X3YF3 (1030th BN),Less than 3 years,No,No,Yes,TA,No,Yes,Yes,Yes,I am happy at my current unit,I am happy in my current MOS,Yes,Education benefits,No,Looking to extend education benefits,More organization for training weekends,,,,,,,No,
2/1/2025 7:48:52,X3YF3 (1030th BN),Greater than 3 years but less than 6,No,,No,,No,Yes,Yes,Undecided,I am happy at my current unit,I am happy in my current MOS,Yes,Bonus,"Being flagged unnecessarily, bonus not being paid",I would reenlist if I got a bonus,Better time management by leadership,,,,,,,No,
2/1/2025 7:49:01,X3YF3 (1030th BN),Greater than 3 years but less than 6,No,No,No,,No,No,Yes,No,No,No,Yes,Benefits ,Nonething,I’m just ready to get out time was fun ,More interesting training ,,,,,,,No,
2/1/2025 7:49:03,X3YF3 (1030th BN),Greater than 12 years,Yes,No,Yes,School,Yes,No,No,No,No,No,Yes,Family and school ,Na,I’ve already reenlisted ,I’m unsure ,,,,,,,Yes,
2/1/2025 7:49:28,X3YF3 (1030th BN),Less than 3 years,Yes,No,No,,No,No,No,No,No,No,No,It was fun. ,Less training and ore sitting around and doing nothing. ,Boring and waste of time when I can continue my career without a distraction ,Nothing ,,,,,,,No,Not being treated differently 
2/1/2025 7:49:51,X3YF3 (1030th BN),Greater than 6 years but less than 12,Yes,Yes,No,,No,Yes,Yes,Undecided,I am happy at my current unit,Yes,Yes,To become a better me and do more for my family and country ,Got hurt in Basic Training and now I feel constant pain. ,Na,Na,,,,,,,Yes,
2/1/2025 7:51:00,X3YF3 (1030th BN),Less than 3 years,No,,No,,No,Yes,Yes,No,No,No,Yes,to follow my grandfather’s footsteps but i have asthma which affects me leveling up,asthma ,health issues,more explanation ,,,,,,,No,
2/1/2025 7:51:30,X3YF3 (1030th BN),Greater than 6 years but less than 12,Yes,,Yes,State Tuition Assistance - website was difficult to utilize ,No,No,Yes,No,No,No,Yes,Joined for the experience ,Lifestyle changes ,"The lack of communication within every unit I've been in is aggravating. Also, being in the Guard is no longer compatible with my lifestyle ",Honestly can't think of any. Having available vehicles would be nice ,,,,,,,Yes,
2/1/2025 7:52:17,X3YF3 (1030th BN),Greater than 3 years but less than 6,No,Not deploying,No,None,No,Yes,Yes,Yes,Yes,Yes,Yes,Wanted to see how the army was,My job,None,More push ups,,,,,,,No,None
2/1/2025 7:52:24,X3YF3 (1030th BN),Greater than 6 years but less than 12,Yes,No,No,,No,No,No,No,No,No,No,Didn’t want college ,Unit command and leadership ,Military sucks ,Open martinsville unit ,,,,,,,Yes,
2/1/2025 7:52:53,X3YF3 (1030th BN),Greater than 3 years but less than 6,Yes,None,Yes,Total cyber solutions comptia certification,No,No,No,Undecided,Yes,Yes,Yes,To serve,Bad experiences bad leadership corruption,Already stated,Better leadership,,,,,,,Yes,
2/1/2025 7:53:12,X3YF3 (1030th BN),Greater than 6 years but less than 12,Yes,None,No,N/A,No,No,Yes,Yes,I am happy at my current unit,I am happy in my current MOS,Yes,Money,Hurry up and waiting ,N\A,Open back up Martinsville Armory.,,,,,,,No,N/A
2/1/2025 7:53:56,X3YF3 (1030th BN),Greater than 12 years,Yes,,No,,No,Yes,No,No,Yes,No,Yes,Boredum,Closing Martinsville Armory,Closing Martinsville Armory,Opening Martinsville,,,,,,,No,
2/1/2025 7:54:46,X3YF3 (1030th BN),Greater than 12 years,Yes,No,No,,No,No,Yes,No,No,No,Yes,School,Nothing ,I'm just ready for a new path,Cookouts and more fundays,,,,,,,Yes,
2/1/2025 8:00:28,X3YF3 (1030th BN),Less than 3 years,No,,No,,No,No,Yes,Undecided,Yes,Yes,Yes,School and to step out my comfort zone,Not learning my job at ait so then at unit I’m not lost,I like learning new things ,Nothing at all,,,,,,,No,
2/1/2025 8:01:16,X3YF3 (1030th BN),Greater than 12 years,Yes,Na,Yes,Gi ,No,No,No,Yes,Yes,I am happy in my current MOS,No,Finishing time in service ,Active to guard ,Finishing time for retirement ,Na,,,,,,,Yes,Na
2/1/2025 8:02:30,X3YF3 (1030th BN),Less than 3 years,No,No,No,,No,No,Yes,Undecided,I am happy at my current unit,I am happy in my current MOS,Yes,Free school ,Trying to maintain a balance ,I need the benefits,N/A,,,,,,,No,
2/1/2025 8:18:09,X3YF3 (1030th BN),Greater than 12 years,No,No,No,,No,Yes,Yes,Undecided,Yes,Yes,Yes,Idk man,Depression,Slow promotion ,Promote people that need to be promoted ,,,,,,,Yes,
2/1/2025 8:18:28,X3YF3 (1030th BN),Greater than 6 years but less than 12,Yes,,No,,No,Yes,No,No,No,No,No,Money,Leadership is ugly the care for the troops is not there,When it stoped being one weekend a month to much extra training ,Everyone held accountable the same,,,,,,,No,To much of the buddy buddy system 
2/1/2025 8:20:42,X3YF3 (1030th BN),Greater than 3 years but less than 6,No,,No,,No,Yes,Yes,No,No,No,Yes,Had to cause of contract ,DONT LIKE IT,DONT LIKE IT,I don’t know,,,,,,,No,
2/1/2025 8:21:08,X3YF3 (1030th BN),Greater than 3 years but less than 6,No,,No,,No,No,No,No,No,No,No,I have no clue tbh,Everything,Just not for me,Need a lot of work,,,,,,,No,
2/1/2025 8:21:44,X3YF3 (1030th BN),Greater than 3 years but less than 6,No,No,Yes,Montgomery Gill and state TA. Not using anymore ,No,Yes,Yes,No,I am happy at my current unit,I am happy in my current MOS,Yes,Benefits and careeer growth ,"Time, job change and relocation","Undecided, depends on bonus and student debt repayment ",Communication and clear expectations ,,,,,,,No,
2/1/2025 8:22:00,97TAA (124th Cyber),Greater than 12 years,Yes,Negative,Yes,GI Bill and no issues,No,No,Yes,Undecided,I am happy at my current unit,I am happy in my current MOS,Yes,School but decided to stay because I love the US constitution,Promotion issues,I was supposed to have been promoted last year but for some reason I was told because I was on profile I couldn’t be promoted but the regulation states that anyone on profile can be promoted up until March 2025. So that has really affected my mood and has let me down to the point where I have lost 1 year of time in grade and 1 year of pay. Just tired of having to fight for my promotion more than my unit chain of command. ,Listen to soldiers concerns and actually take action. It’s one thing to just listen but if no actions are taken what’s the point of a soldier voicing their concern?,,,,,,,Yes,
2/1/2025 8:22:44,X3YF3 (1030th BN),Less than 3 years,No,,Yes,"1606, FTA",No,Yes,No,No,Yes,Yes,No,In state tuition,Low-speed culture,I plan on commissioning active duty,"Higher standards, less monotonous drills",,,,,,,No,
2/1/2025 8:23:25,X3YF3 (1030th BN),Greater than 6 years but less than 12,Yes,No,No,,No,No,Yes,No,No,No,Yes,Young ,Issues with employment/family balancing ,Tired and broken ,Not sure,,,,,,,Yes,
2/1/2025 8:23:37,X3YF3 (1030th BN),Less than 3 years,No,N/A,Yes,TA assistants ,No,No,Yes,Undecided,I am happy at my current unit,I am happy in my current MOS,Yes,College,N/A,I plan on commissioning ,N/A,,,,,,,No,
2/1/2025 8:24:39,X3YF3 (1030th BN),Greater than 6 years but less than 12,Yes,,No,,No,Yes,No,Undecided,No,No,No,I just wanted to do it ,To much dumb things going on ,Not worth it ,Everything about the unit needs to change ,,,,,,,No,
2/1/2025 8:34:36,X3YF3 (1030th BN),Greater than 6 years but less than 12,Yes,,No,,No,Yes,Yes,Yes,I am happy at my current unit,I am happy in my current MOS,Yes,I wanted to,Nothing ,Retirement ,Soldier care,,,,,,,Yes,
2/1/2025 8:36:32,97QAA (123rd Cyber),Greater than 3 years but less than 6,No,,No,,No,No,No,Yes,I am happy at my current unit,Yes,Yes,Career change and stability ,Being put in rear-det and not having a sense of direction for my career or goals within the unit  coming out of AIT.,I’m re-enlisting because I’m trying to make the most out of my experience that I feel I wasn’t able to achieve because of AIT (COVID) and my unit being mobilized and me being placed in rear-det right after AIT and having no plan for me within the unit.,Diversity ,,,,,,,No,
2/1/2025 8:44:30,X3YF3 (1030th BN),Greater than 6 years but less than 12,Yes,,No,,No,No,Yes,Yes,I am happy at my current unit,Yes,Yes,Better my life,Overlooked and not giving the chance,Bonus,Giving all soldiers the chance to do things,,,,,,,Yes,
2/1/2025 8:54:59,X3YF3 (1030th BN),Greater than 3 years but less than 6,No,,No,,No,Yes,Yes,No,No,No,Yes,Insurance,I don’t need insurance now,I don’t need insurance anymore,None,,,,,,,No,
2/1/2025 8:56:53,X3YF3 (1030th BN),Greater than 12 years,Yes,,No,,No,No,Yes,Yes,I am happy at my current unit,I am happy in my current MOS,Yes,Money,Changing of different leadership,Staying till 20 years,Morning PT,,,,,,,Yes,
2/1/2025 8:56:54,X3YF3 (1030th BN),Greater than 6 years but less than 12,Yes,No,Yes,TA assistance,No,Yes,No,Undecided,Yes,Yes,No,To help my community,"Haven’t worked to help my community. In the hurricane duty, we helped a college mostly with their soccer field.",N/a,N/a,,,,,,,No,N/a
2/1/2025 8:58:50,X6TAA (329th HHC),Greater than 12 years,Yes,No,Yes,Gi bill ,No,No,Yes,Undecided,I am happy at my current unit,I am happy in my current MOS,Yes,Career,Good ol’ boy politics within the organization ,N/A,"Better planning and communication within the upper echelon of leadership within the company. I feel that poor planning trickles down and soldiers don’t feel valued when 3 hours pass with little to do and then 2 hours of work gets tasked before they can be released . Planning happens at the earliest possible moment , not the day of .",,,,,,,Yes,
2/1/2025 8:59:28,X3YF3 (1030th BN),Less than 3 years,No,,Yes,State ta and GI bill. Couldn’t use the federal aid because the system took too long to process and it told me my class information was incorrect without having a “correct” option. ,No,No,Yes,No,No,No,No,Tuition assistance and mos related skills,Being forced to attend training events unrelated to my mos (ie cerfp) ,Interference with life and negative implications to my mental health ,Let them do the job they signed up to do and not extra things they didn’t ,,,,,,,No,If college came first and I didn’t have to miss weeks of class during final exams because I was volunteered for training events 
2/1/2025 9:00:07,X3YF3 (1030th BN),Greater than 6 years but less than 12,Yes,,Yes,1606. No,No,No,Yes,Undecided,I am happy at my current unit,Yes,Yes,Bonus,Drive to drill,Undecided,Better food,,,,,,,Yes,
2/1/2025 9:02:02,X3YF3 (1030th BN),Less than 3 years,No,What would I do about my college education?,Yes,ArmyIgnited and Federal Tuition Assistance ,No,No,Yes,Undecided,I am happy at my current unit,I am happy in my current MOS,Yes,Gain experience and maturity along with college benefits ,Nothing,I am undecided with how long I want to stay in,Nothing,,,,,,,No,
2/1/2025 9:04:51,X3YF3 (1030th BN),Greater than 6 years but less than 12,No,No,Yes,GI Bill,No,Yes,Yes,No,No,No,Yes,Benefits,"I knew I didn’t want to stay in any longer than my initial contract, but I also received my disability rating within 2 months of said contract.","I am currently receiving 100% Disability, so I am not getting paid for my drill time. There is no reason for me to continue serving if my time is not compensated. ","Be more communicative from the top down, and compensate soldiers for the extra time spent away from family, work, etc. when at schools that are mandatory besides drill.",,,,,,,Yes,
2/1/2025 9:05:41,X3YF3 (1030th BN),Less than 3 years,Yes,,No,,No,No,Yes,Undecided,I am happy at my current unit,I am happy in my current MOS,Yes,The experience ,My interests ,Not sure yet,N/A,,,,,,,Yes,
2/1/2025 9:08:40,X3YF3 (1030th BN),Greater than 3 years but less than 6,No,No,No,,No,Yes,Yes,No,No,No,Yes,Recruiter tricked me coming out of active ,Not for me ,Not for me ,Unsure,,,,,,,No,
2/1/2025 9:12:29,X3YF3 (1030th BN),Greater than 3 years but less than 6,No,,Yes,Gi bill tried to use state but since it was online and didn't have a physical location in VA I couldn't and no one really told me about federal ta until I was basically done school ,No,No,Yes,Undecided,Yes,Yes,Yes,Money,Idk,I might want to pursue a career in cyber / swe but it's either military or civilian side,More free food,,,,,,,No,
2/1/2025 9:14:40,X3YF3 (1030th BN),Greater than 12 years,Yes,No,Yes,GI bill,No,Yes,No,No,No,No,No,Nothing,Good ole boy system,Good ole boy system,Promotions should be made based on merit and not just how you look on a computer,,,,,,,Yes,
2/1/2025 9:19:49,X3YF3 (1030th BN),Greater than 12 years,Yes,,No,,No,Yes,Yes,Undecided,No,I am happy in my current MOS,Yes,Desire to serve.,Complacent attitudes.,"Reasons for not re-enlisting late pay, late bonuses, incorrect/lost records, chronic surveys.",Being paid on time is a big morale changer.,,,,,,,Yes,
2/1/2025 9:39:37,X3YF3 (1030th BN),Less than 3 years,No,No,No,,No,No,No,Undecided,Yes,Yes,Yes,Didn’t know what else to do,"Unmotivated unit, unclear communication",Reenlisting for money,"More communication, unit PT",,,,,,,Yes,
2/1/2025 9:43:31,X3YF3 (1030th BN),Less than 3 years,No,,Yes,,No,No,Yes,No,I am happy at my current unit,Yes,Yes,Service to my state ,Medical ,N/A,Morale is already high,,,,,,,No,
2/1/2025 9:51:47,X3YF3 (1030th BN),Less than 3 years,No,,Yes,I have had no problems with army ignite ,No,No,Yes,Undecided,I am happy at my current unit,Yes,Yes,The benefits ,The disorganization ,I wish to get conditionally released to the army ,More leader transparency ,,,,,,,No,
2/1/2025 9:54:14,X3YF3 (1030th BN),Less than 3 years,No,no,No,n/a,No,No,Yes,Yes,I am happy at my current unit,Yes,Yes,college ,wanting to rank up but i know that’s more point related than anything… also hair regulation ,i would re enlist for benefits ,HQ gets the same amount of freedom as the other platoons l,,,,,,,No,
2/1/2025 9:55:49,X3YF3 (1030th BN),Greater than 6 years but less than 12,Yes,no,No,,No,No,Yes,No,No,No,Yes,wanted a change,I had kids and work alot on the civilian side,ive grown tired of being enlisted it has become more headache over the years,less last minute changes,,,,,,,Yes,
2/1/2025 9:56:28,X3YF3 (1030th BN),Less than 3 years,No,I’m not deploying (As far as I know),Yes,I’m now using my Chapter 1606 Reserve Select benefit. ,No,No,Yes,Yes,Yes,Yes,Yes,For College,Not sure.,I’m interested in re-enlisting because the military definitely has given me an extra push in life. ,More courses on what benefits we can utilize while being in the Army National Guard.,,,,,,,No,
2/1/2025 10:10:19,X3YF3 (1030th BN),Less than 3 years,No,No,Yes,Montgomery GI bill,No,Yes,No,No,No,No,No,School benefits ,Not being able to ship out to BCT because I refused to get the Covid-19 vaccine and as a result I was separated from the Army. I waited until the end of 2023 to reenlist and shipped out 2024. When I was finally able to go to BCT I had a really bad experience ,Bad experience ,"Be kinder to each other, have better communication and help each other out.",,,,,,,No,
2/1/2025 10:11:09,X3YF3 (1030th BN),Less than 3 years,Yes,,No,,Yes,No,Yes,No,No,No,Yes,Career,Nothing ,Different career path ,Be a team player,,,,,,,No,
2/1/2025 10:11:46,X3YF3 (1030th BN),Greater than 3 years but less than 6,Yes,,Yes,JAVA class no issues,No,No,Yes,Undecided,I am happy at my current unit,Yes,Yes,Random decision ,N/A,Undecided,N/A,,,,,,,Yes,
2/1/2025 10:12:03,X3YF3 (1030th BN),Greater than 12 years,Yes,No,No,,No,Yes,Yes,No,No,No,Yes,Young with nothing to do,To much politics now armys changed and ive been ready to get out ,Been ready to ets ,Na,,,,,,,No,
2/1/2025 10:31:47,X3YF3 (1030th BN),Greater than 12 years,Yes,No,Yes,No issues,Yes,No,Yes,Yes,I am happy at my current unit,Yes,Yes,Honor,Nothing,I am reenlisting.,More flexibility,,,,,,,Yes,
2/1/2025 10:36:45,X3YF3 (1030th BN),Greater than 3 years but less than 6,Yes,,Yes,"GI Bill, Army Ignited courses, Tuition Assistance",No,Yes,Yes,Yes,I am happy at my current unit,I am happy in my current MOS,Yes,"Higher calling, Military service",My civilian life has progressed. I have less time and more obligations civilian side.,My civilian job being client and deadline driven; the unpredictability of mobilisations and training.,"More recognition. More awards. Not participation awards, but we are all here assisting the mission. Soldiers should be recognised for their service. It really helps morale. Even just a letter of thanks or coin from a higher enlisted or officer can totally change a soldiers outlook. Especially lower enlisted, which are the soldiers you would mainly be targeting for reenlistment, the higher enlisted are most likely here “for life” as they say.",,,,,,,Yes,
2/1/2025 10:36:59,X3YF3 (1030th BN),Less than 3 years,No,,No,,No,Yes,Yes,Undecided,I am happy at my current unit,I am happy in my current MOS,Yes,the ability to stay home ,nothing that i know of yet,i’m still undecided so i’m not completely sure what i would like to do,I’m not sure,,,,,,,No,
2/1/2025 10:45:01,X3YF3 (1030th BN),Greater than 6 years but less than 12,Yes,,No,,No,No,Yes,Undecided,Yes,Yes,Yes,To set me up for success ,Distance of travel from my home of record. And promotions,I want to reclass and get promoted.,Putting out the correct information ,,,,,,,No,
2/1/2025 11:05:07,X3YF3 (1030th BN),Greater than 6 years but less than 12,Yes,No,No,,Yes,Yes,Yes,No,Yes,I am happy in my current MOS,No,To serve me country ,No getting paid every time I’m owed money,Why would I reenlist when they can hold up the terms of my current contract ,Getting paid in a timely manner and contracts not being breeched ,,,,,,,Yes,Because I keep saying something about me not receiving my bonus for 8 months and filing a congressional complaint and still can’t get paid
2/1/2025 11:14:33,X3YF3 (1030th BN),Less than 3 years,No,,No,,No,Yes,Yes,Yes,Yes,Yes,Yes,Money ,Leadership ,I want to reenlist to have a better future,I’m not sure,,,,,,,No,
2/1/2025 11:24:23,97PAA (91st Cyber),Greater than 12 years,Yes,No,Yes,"TA, no",No,Yes,Yes,Yes,I am happy at my current unit,I am happy in my current MOS,Yes,Health insurance ,MOS school ,Changing corps,NA,,,,,,,Yes,
2/1/2025 11:29:43,97TAA (124th Cyber),Greater than 12 years,Yes,,Yes,Federal Tuition - they were not able to pay my two college courses so I ended up paying for it. ,No,Yes,Yes,No,No,I am happy in my current MOS,Yes,Clearance ,none ,I have not received my renelistment bonus or continuation pay ,Soldier to do what it takes to resolve the issue ,,,,,,,Yes,
2/1/2025 11:38:27,X3YF3 (1030th BN),Greater than 3 years but less than 6,No,N/A,Yes,"State tuition assistance. At first it was nice to use when you didn’t have to pay upfront, you only had to pay if you failed your courses. Now it requires you to pay upfront. I use the assistance because I can’t afford school, you want me to pay the money I don’t have and I get it back if I pass my classes. It was easier when you only had to pay if you failed your classes. ",No,No,Yes,Undecided,I am happy at my current unit,I am happy in my current MOS,Yes,Honor and school money ,"Being forced the receive the Covid shot. Yes NOW they’re saying we don’t have to get it,  but I WAS forced to and received it in fear of being kicked out. I did not want the shot. ","I don’t feel like I should right now, I feel the Lord is pulling me in order directions. I love it here and I feel like things could change but as of right now it’s a no. ","I enjoy being in the National Guard, and don’t have too many issues with it. I am concerned with how things are done around the unit. The time management here does not exist. Things are scheduled and then they don’t happen, things get shifted around all the time and some people don’t know until last minute. The organization here is questionable at times. Yes, I know “hurry up and wait,” but there comes a point where it is to a ridiculous degree. Just some more organization and time management would do the unit good. It is frustrating having things moved around all the time, my civilian job is extremely organized and things happen on time. I do understand when things happen though. 

It also is frustrating when everyone leaves while there is a platoon still working. We were told it would stop but it keeps happening. ",,,,,,,No,N/A
2/1/2025 11:39:29,97TAA (124th Cyber),Less than 3 years,No,,No,,No,Yes,Yes,Yes,I am happy at my current unit,I am happy in my current MOS,Yes,Family lineage ,Harsh leadership in AIT,I plan to make it to SGT or SSG within my first contract. After that I want to continue at least one more contract to see where I can get from there.,Continue with interactive trainings and new skills training,,,,,,,No,
2/1/2025 11:42:12,X3YF3 (1030th BN),Greater than 6 years but less than 12,No,No,Yes,Gi bill,No,Yes,Yes,Yes,Yes,Yes,Yes,To gain more skills.,"There is not much down time, and we are held at drill alot longer than we should. Most of us have 3 plus hour drives home and we are at drill between 5pm-7pm ",I plan to do my 20 years and retire.,Soldier care and more hands on training. ,,,,,,,Yes,
2/1/2025 11:43:38,X3YF3 (1030th BN),Greater than 12 years,No,,No,,No,Yes,Yes,No,No,No,No,Family support,Miscommunication ,Ready for a new start in life,N/a,,,,,,,No,
2/1/2025 11:52:31,X3YF3 (1030th BN),Greater than 12 years,Yes,No,No,,No,Yes,No,Yes,Yes,I am happy in my current MOS,No,Benefits,I'm staying in regardless of what's happening.,I will re-enlist ,"Talk about home, family, how we feel about the world.",,,,,,,Yes,They only care about numbers rather than soldiers mental state. 
2/1/2025 12:07:26,X3YF3 (1030th BN),Greater than 12 years,Yes,,No,,No,No,No,Undecided,No,No,No,"Young, dumb, and wanted money. ","The guard doesn’t care about our civilian employers whatsoever. Stop implementing mandatory training, we sign up for 1 weekend a month and 2 weeks a year. If the unit wants us to be CERFP trained, do it during AT. Don’t make us miss more of our civilian job than we need to, it pays the bills full-time. ",Burnt out on the guard. The only incentive to retire is the Tricare. ,That’s a heavy question. ,,,,,,,Yes,
2/1/2025 12:16:30,X3YF3 (1030th BN),Greater than 6 years but less than 12,Yes,,Yes,Military TA,Yes,Yes,Yes,No,I am happy at my current unit,I am happy in my current MOS,Yes,"Education benefits, VA Loan, health care. ",Assistance with child care while attending drill and SAD duties.,"Starting an llc, taking classes and child care issues. ","More training events related to MOS. Make sure Soldiers are aware of what's available to them so they know they have options on traning courses, schools, etc. Making sure Soldiers are taken care in terms of, mental, family, pay and anything they may have issues with. ",,,,,,,Yes,
2/1/2025 12:24:19,777AA (R&R),Greater than 12 years,No,No,Yes,Post 911,No,No,Yes,No,I am happy at my current unit,I am happy in my current MOS,Yes,Service to my family and Country ,N/A,Age,My BN Leadership as to the SGM to the BC is new so at this time I have no suggestions. My Leadership up to my 1SG is outstanding and do not have any other suggestions. They care about the welfare of all of their Soldiers ,,,,,,,Yes,
2/1/2025 12:53:42,X3YF3 (1030th BN),Greater than 6 years but less than 12,Yes,,No,,No,No,Yes,Undecided,I am happy at my current unit,Yes,Yes,I wanted to do something that not many people my age were doing? ,N/a,N/a,None,,,,,,,Yes,
2/1/2025 13:51:45,X3YF3 (1030th BN),Greater than 3 years but less than 6,Yes,N/a,Yes,Gi bill,No,Yes,Yes,No,No,No,Yes,Health insurance,"Everything feels like a struggle, and I feel like nothing just happens or comes easy",Not worth it,Not sure,,,,,,,No,
2/1/2025 14:00:36,X6TAA (329th HHC),Greater than 6 years but less than 12,No,,No,,No,No,Yes,Yes,Yes,Yes,Yes,Wanting to better myself,Classes,I want to retire from the military and have atleast 1 deployment before I get out,Getting to do more hands on jobs,,,,,,,Yes,
2/1/2025 14:01:07,97QAA (123rd Cyber),Greater than 6 years but less than 12,Yes,,Yes,Army ignited ,Yes,Yes,Yes,Undecided,I am happy at my current unit,I am happy in my current MOS,Yes,"Education,discipline,service","Pay issues, physical injury",Financially I can't mobilize or go to schools due to VA disability pay exceeding military pay,"Civilian clothing on Sundays, mwr events like bowling or golf",,,,,,,Yes,
2/1/2025 14:01:43,97QAA (123rd Cyber),Greater than 12 years,Yes,No,Yes,GI Bill and Tuition Assistance ,No,No,Yes,Yes,I am happy at my current unit,I am happy in my current MOS,Yes,Service and benefits,Administrative tasks not being completed in a timely manner,TRICARE,Fixing pay issues,,,,,,,Yes,
2/1/2025 14:05:27,97QAA (123rd Cyber),Greater than 12 years,Yes,N/A,Yes,"State tuition assistance and post 9/11 GI Bill. I wish I could have gotten the increased state tuition assistance while I was in school, or I wish that the SLRP wasn't a nightmare. I have $25k in debt (even with those programs) and I attended community college for 2 years and a public university for 2 years. ",Yes,No,Yes,Yes,I am happy at my current unit,I am happy in my current MOS,Yes,Ive wanted to serve in the military since I was a little kid.,"Sometimes there's a lack of funding for certification vouchers or training. There's also too much admin stuff and redundant, repetitive training that takes away a big chunk of our actual cyber training time.","I am interested in reenlisting because I'm close to retirement eligibility, Tricare is great, and because I still feel like it benefits my life and career.",More funding and professional training. Hands-on training and certification boot camps would be immensely beneficial.,,,,,,,Yes,
2/1/2025 15:35:36,X3YF3 (1030th BN),Greater than 3 years but less than 6,No,No,Yes,State tuition assistance and Gi bill,No,No,Yes,Yes,I am happy at my current unit,I am happy in my current MOS,Yes,Benefits,Leaders,I am reenlisting ,Better communication ,,,,,,,No,
2/1/2025 15:41:19,X3YF3 (1030th BN),Less than 3 years,No,N/A,No,,No,No,Yes,Undecided,I am happy at my current unit,Yes,Yes,New career opportunities ,Costing me to be here,I’m undecided. ,It depends on the individual soldier. ,,,,,,,No,
2/1/2025 15:57:53,X3YF3 (1030th BN),Greater than 6 years but less than 12,No,,Yes,State TA,No,Yes,Yes,No,No,No,Yes,School,Met my purpose,Done my time,Stop changing drill schedule,,,,,,,Yes,
2/1/2025 16:00:45,97PAA (91st Cyber),Greater than 12 years,Yes,n/a,Yes,army ignited,No,No,Yes,Yes,I am happy at my current unit,Yes,Yes,education,n/a,Retirement,Clearer mission,,,,,,,Yes,
2/1/2025 16:02:15,97PAA (91st Cyber),Greater than 12 years,Yes,Not deploying ,Yes,Post 911 GI bill ,Yes,No,Yes,No,I am happy at my current unit,Yes,Yes,The brotherhood and the opportunity to network and learn from the great minds of the 91st HHD,"25B no longer exists, forcing me to reclass ",I did re-enlist for 6 more years. Getting my 20 years ,More company events,,,,,,,No,n/a my leadership is perfect at making sure we are valued and herd. 
2/1/2025 16:04:40,X3YF3 (1030th BN),Greater than 3 years but less than 6,No,N/a,No,N/a,No,Yes,No,No,Yes,Yes,No,Leaving active duty and wanting some security in my life,It’s been negative from the start. I didn’t get anything I was told I would get from the nation guard recruiter and stuck in a place where people push me to the side when I try to help,Doing national guard things after being in active duty just feels like a waste of a weekend if I’m being honest. Not trying to be mean but that’s the truth. Im working on something that I have no idea how to fix. And not to many people willing to help me learn it,Just be there to actually help people when they have a problem,,,,,,,No,To not have a toxic leadership culture. To have them actually help you when you have a problem instead of telling you to come back next week to try and fix it. To not have platoon leadership that treats me like an outsider because I’m not in the click. 
2/1/2025 19:14:08,X6TAA (329th HHC),Greater than 12 years,Yes,Need to be better informed ,No,None,Yes,No,Yes,Yes,I am happy at my current unit,I am happy in my current MOS,Yes,Training ,None,N/A,Better pay/ training options,,,,,,,Yes,N/A
2/1/2025 19:46:13,X6TAA (329th HHC),Greater than 12 years,Yes,,Yes,State and Federal benefits,No,Yes,Yes,Yes,Yes,Yes,Yes,"$20,000 a water bottle and a Back Pack ",People not doing there jobs as in sending school packets up or giving soldiers there paperwork for LODs and other Records recorded,The benefits and comrodery with fellow service members ,To actually be able to train with the vehicles rather then having to do the same USELESS mandatory classes that actually do nothing for soldiers. There is not enough time during drill weekend to actually properly PMCS over 75% of our units trucks are work ordered… and our maintenance section is nonexistent now. Soldiers are complaining about not getting to drive the trucks.,,,,,,,Yes,
2/2/2025 6:59:42,X3YF3 (1030th BN),Greater than 3 years but less than 6,Yes,,No,,No,No,Yes,Yes,Yes,Yes,Yes,Spite,Disorganized leadership,I am,Being let out before 1800,,,,,,,No,
2/2/2025 7:11:28,X6TAA (329th HHC),Greater than 12 years,Yes,No,No,Na,Yes,Yes,Yes,Undecided,I am happy at my current unit,No,Yes,Child hood dream ,Pay issues and the buddy system ,Not decided yet,"Make aure they are paid on time, We have families to take care of and when we are not paid it hurts them. With the cost of everything now that definitely takes food out of my kids mouth ",,,,,,,Yes,
2/2/2025 7:18:15,X3YF3 (1030th BN),Less than 3 years,No,,Yes,State tuition re-embursument,Yes,Yes,Yes,Undecided,No,No,Yes,College money,"Nothing much, aside from lots of wasted time",I’m not going to re-enlist because I want to commission,Earlier releases of we have completed the days work ,,,,,,,No,
2/2/2025 7:31:19,X3YF3 (1030th BN),Greater than 6 years but less than 12,Yes,No,No,,No,Yes,No,No,No,No,No,Not sure,"Soldier care has declined, equal opportunity ",In 9 years of service I have only been on one deployment with my unit. ,Better leadership,,,,,,,No,If they worked around my civilian career 
2/2/2025 7:34:31,X3YF3 (1030th BN),Greater than 6 years but less than 12,Yes,,No,,No,No,Yes,No,Yes,Yes,Yes,Transition from active duty to civilian life,I have lost no less than $12k trying to enter the local economy ,"Not enough financial incentive, severe negative impact on professional career opportunities, military life is inherent toxic to raising a family, unit readiness is a joke and Im thoroughly convinced this unit would be wiped out in a combat zone, entire unit voluntold for a multi year CBRN mission with no relation to our established duties and skillset causing excessive strain on personnel.","Significant uptick in combat and operational convoy training, entire unit needs more trigger and driving time, unit mechanics are good but equipment is outdated and has a high faliure rate, as far as morale suggest relocation of cbrn mission to 29th id or a sister unit.",,,,,,,Yes,
2/2/2025 9:14:30,X3YF3 (1030th BN),Greater than 6 years but less than 12,Yes,,No,,Yes,No,Yes,Undecided,Yes,Yes,Yes,I've always wanted to serve my country ,Promotions and not being sent to schools by my previous battalion.,"In order for me to do a full contract (3,4,6) and not extend a year i would like 3 things to happen a promotion to E6, a MOS change, and more school opportunities and options.",Move squads around within the platoon.,,,,,,,No,I 
2/2/2025 12:16:10,8BJAA (JFHQ),Greater than 12 years,Yes,DNA,Yes,State TA for Class A drive school,Yes,No,Yes,Yes,I am happy at my current unit,I am happy in my current MOS,Yes,I missed the military and all that goes with it. ,"For me nothing.. For others the ACFT , the lack of substantial bonuses,  SLRP being so poorly handled and run.",I have extended ,My Company is excellent. ,,,,,,,Yes,
2/2/2025 16:58:08,X3YF3 (1030th BN),Greater than 6 years but less than 12,Yes,N/a,No,N/a,No,No,No,Undecided,Yes,Yes,No,"Serve the country, ", No been able to go ti school,N/a," Offer more schools opportunities,",,,,,,,Yes,They have no consideration to anybody
2/2/2025 17:01:36,X3YF3 (1030th BN),Less than 3 years,Yes,,No,,No,No,Yes,Yes,Yes,Yes,Yes,The opportunity to be learn new skills and opportunities ,The slight unorganized way I've experienced first hand with pay issues,Not applicable ,A more comprehensive training experience geared towards more deployments and service to the community,,,,,,,No,
2/3/2025 9:04:33,X3YF3 (1030th BN),Greater than 12 years,Yes,,No,,No,Yes,Yes,No,No,I am happy in my current MOS,Yes,Boredom,The closing of the Martinsville armory. The lack of support to soldiers owning their own small business. I am unable to progress any further in my career such as attending ALC because of the 6 weeks commitment to a school out of town instead of a virtual school allowing me to remain at my business to care for any issues that may arise after the duty day would be complete. Some of us are unable to leave for extended periods of time due to the negative impacts on the business where we are the primary provider for the household. ,"The caliber of soldier that is being allowed to join the military. We have declined from a fierce force to a woke speed bump. The soldiers inability to take constructive criticism, being offended when told/asked to do a simple task. Wanting to file a complaint because basically they don't want to be told what to do, the sheer lack of respect for higher enlisted personnel. Soldiers threatening making a complaint if they are made to do any type of corrective action. Some of those soldiers are lazy, a waste of air, space and tax payers funding, they lack any type of initiative and motivation. They should not be allowed to join, you push out good experienced troops allowing the weak, zombies to fill the ranks. ","Instead of sitting in front of a screen to watch a class on self-recovery, tie down procedures or any other feasible education, allow it to be an interactive demonstration to provide soldiers with hands on experience. Instead of doing AT on a post, consistently prepare and complete the AMC missions to provide real world experiences with driving, recovering, repairing in a field setting.",,,,,,,Yes,
2/3/2025 11:05:50,PE1AA (229th Engineer),Greater than 12 years,Yes,No,Yes,SLRP ,No,Yes,Yes,Undecided,I am happy at my current unit,I am happy in my current MOS,Yes,Sense of responsibility to serve my country and the ability to gain a skill while be paid for gaining experience in a career field that values years of experience over a degree.,"The recruiter made it sound like every “I” was dotted and all the “Ts” were crossed, but upon getting to my unit I still had to fill out more paperwork to get things I signed for in my contract and to get paid.",My RDNCO has been very helpful and upfront with the issues. But it still seems like getting to the unit was easy. Everything since has been a fight to get what was promised ,"Actual lodging paid for, I should be able to use my GTC for my military duty.
I should be able to communicate with whomever is working my ticket, not go through three layers of bureaucracy just to talk to the person handling my ticket. 
I have tried to get into several layers of training that would make me a better soldier but my TRAINING NCO keeps getting my rejected applications from state and NGB",,,,,,,Yes,Not making me jump through hoops every year to get the incentive I signed for in my contract 
2/3/2025 14:13:40,ZGEAA (429th BN),Greater than 3 years but less than 6,Yes,N/a,Yes,"SLRP, yes the process is extremely slow and prone to delays both from systems and personnel. The tuition assistance is hard to utilize as many soldiers do not have the funds to put money up front for school.",No,No,Yes,Yes,I am happy at my current unit,I am happy in my current MOS,Yes,Serving my country and being a part of something bigger than myself.,Rough missions with poor leadership/living conditions.,Interested in re-enlisting as I feel confident in my ability to lead a team now as an NCO.,"Not sure this would improve morale specifically, but making the tuition assistance easier to utilize would be a great first step.",,,,,,,Yes,
2/4/2025 9:06:33,ZGEAA (429th BN),Greater than 3 years but less than 6,No,No,Yes,"Pay for school, no",No,Yes,Yes,Yes,I am happy at my current unit,I am happy in my current MOS,Yes,"Benefits, military family","Constant pay issues, upper leadership not being helpful in the past",I’ve already reenlisted ,"More benefits education, more communication from upper leadership ",,,,,,,No,
2/4/2025 9:10:03,ZGEAA (429th BN),Greater than 3 years but less than 6,Yes,no,No,,No,No,No,No,No,No,No,Benefits ,disappointment ,i don’t like how things are  at my unit or my leadership ,more training on my specialization so i don’t forget it ,,,,,,,Yes,Better leadership 
2/4/2025 9:25:52,UAXAA (224th Aviation),Greater than 12 years,Yes,,Yes,"GI Bill, TA on active duty ",No,No,Yes,Yes,I am happy at my current unit,I am happy in my current MOS,Yes,Continuing service while at home,No negative impacts,Still want to reenlist and currently unable to due to height/weight standards. ,None,,,,,,,Yes,
2/4/2025 9:29:57,UAXAA (224th Aviation),Greater than 12 years,Yes,,Yes,"Tuition Assistance and GI Bill, in the past I had some issues, but worked through them",No,Yes,Yes,Yes,Yes,No,Yes,Money for college and desire to serve,I have a wife and three kids now,"I am almost at 16 years, I’m staying.",More time allotted for aircraft maintenance/flying and less time spent with other runaround tasks,,,,,,,Yes,
2/4/2025 10:01:15,UAXAA (224th Aviation),Less than 3 years,No,,Yes,GI Bill,No,Yes,Yes,Yes,Yes,I am happy in my current MOS,Yes,Tuition Assistance and Job Opportunities ,N/A,Not receiving benifits that I was initially promised.,More opportunities for career growth,,,,,,,No,
2/4/2025 12:16:27,UAXAA (224th Aviation),Greater than 3 years but less than 6,Yes,,Yes,Montgomery GI bill for 1 semester ,No,No,Yes,Yes,I am happy at my current unit,I am happy in my current MOS,Yes,Help with college,The required processes such as getting necessary documents is slow. As a guard soldier it can sometimes inconvenience daily life with drills as well.,"I am only reelinsting due to my interest in the IPAPS program and I want my contract to continue while I am in school for that, as to not create issues in the future.","For us, morale flights in the BN are uncommon and would be cool if we could get more, as well as range time to practice with the M4s.",,,,,,,Yes,
2/4/2025 14:03:59,PHPAA (1-116th INF BN),Greater than 6 years but less than 12,Yes,No,No,,Yes,No,Yes,Yes,I am happy at my current unit,I am happy in my current MOS,Yes,The call to serve my Country,Losing focus on training as a warfighter,I will be staying for 20. The benefits are important to my family. ,Quality use of soldiers time. The men want to be war fighters. ,,,,,,,Yes,
2/4/2025 14:16:34,PHPAA (1-116th INF BN),Greater than 12 years,Yes,,Yes,Tuition assistance ,No,No,No,Yes,I am happy at my current unit,I am happy in my current MOS,Yes,Desire to serve locally ,Not direct leadership but overall leadership putting priorities on checking boxes not teaining to make the units more lethal ,Retirement ,More training to make Soldiers more proficient with weapons and greater importance on keeping good Soldiers in the Guard with incentives. ,,,,,,,Yes,
2/4/2025 14:33:59,ZGEAA (429th BN),Greater than 3 years but less than 6,No,,Yes,GI BILL,No,No,Yes,Undecided,I am happy at my current unit,I am happy in my current MOS,Yes,School,Former leadership ,I’m not sure what would be different if I resigned ,Making sure everyone stays on task during the day so we don’t stay longer than we’re supposed to. ,,,,,,,No,
2/4/2025 14:37:02,ZGEAA (429th BN),Greater than 3 years but less than 6,No,,No,,No,No,Yes,Undecided,No,I am happy in my current MOS,Yes,School,N/A,Not sure ,N/A,,,,,,,No,
2/4/2025 14:42:46,ZGEAA (429th BN),Less than 3 years,No,,No,,No,No,Yes,Undecided,Yes,I am happy in my current MOS,Yes,money for college ,idk,idk,idk,,,,,,,No,
2/4/2025 14:43:25,ZGEAA (429th BN),Less than 3 years,No,,Yes,"State tuition assistance, gi bill ",No,No,Yes,Undecided,No,No,Yes,"School, defending country",Time away from education ,Career,I’m not sure,,,,,,,No,
2/4/2025 14:44:00,PE1AA (229th Engineer),Less than 3 years,No,,No,,No,Yes,Yes,Yes,I am happy at my current unit,I am happy in my current MOS,Yes,School,N/A,I’m interested in re-enlisting because I want to be part of the next war ,Releasing soldiers on-time ,,,,,,,No,
2/4/2025 14:44:22,ZGEAA (429th BN),Greater than 6 years but less than 12,No,,Yes,G.i bill ,No,No,No,No,No,No,No,Got off active duty ,N/a,N/a,N/a,,,,,,,No,N/a
2/4/2025 14:44:57,ZGEAA (429th BN),Greater than 3 years but less than 6,Yes,,No,,No,Yes,Yes,Yes,Yes,Yes,No,Benefits and advanced career ,The work at my current unit and treatment of soldiers ,I'd only be interested if I could change units and re-class my MOS,"Motivated soldiers and leadership to completed their task, do their jobs. Everyone needs to follow up on themselves. ",,,,,,,No,I'm looking to re-class 
2/4/2025 14:45:54,ZGEAA (429th BN),Greater than 6 years but less than 12,Yes,None,Yes,Credential assistance ,No,No,Yes,Yes,Yes,Yes,Yes,Trade school,Slow movement when wanting to change units,Job,Better details for instructions ,,,,,,,Yes,
2/4/2025 14:48:17,ZGEAA (429th BN),Greater than 6 years but less than 12,Yes,N/A,Yes,"FTA, GIBILL 1606",No,No,Yes,No,No,No,No,To serve,Policy,Health conditions ,Nothing ,,,,,,,No,I don’t have anything valuable to within my unit.
2/4/2025 14:50:21,ZGEAA (429th BN),Less than 3 years,No,,No,,No,Yes,Yes,Yes,I am happy at my current unit,Yes,Yes,Mom,Being singled out,Benefits,More recognition ,,,,,,,No,
2/4/2025 14:53:27,PE1AA (229th Engineer),Less than 3 years,No,,No,,Yes,Yes,No,Undecided,Yes,I am happy in my current MOS,Yes,"Schooling, growth in career",Childish Leadership/ favoritism,"I haven’t decided yet. I am interested in going ADOS then eventually AGR. If there are no positions that I can do, I will not re enlist. ",Respect leadership ,,,,,,,No,
2/4/2025 14:55:09,ZGEAA (429th BN),Greater than 3 years but less than 6,No,,No,,No,No,No,No,Yes,Yes,Yes,I wanted to service and get good benefits for my family ,"Leadership not being able to get paperwork done for example waiting for an LOD since 2020 from an injury that happened while in training. 


Also being told retention position is available and applying for it and not receiving any updates on the fact that interviews were already conducted and they have already a person for it. Shouldn’t advertise a position if applicant won’t get a fair chance at it. ","I am not interested in re-enlisting because if paperwork can’t be completed from an injury that happened during drill then what would happened in a worse case scenario. 

Also being told retention position is available and applying for it and not receiving any updates on the fact that interviews were already conducted and they have already a person for it. Shouldn’t advertise a position if applicant won’t be a fair chance at it. 

Having soldiers giving up on LOD because paperwork doesn’t get done or they tell you your injury doesn’t fall under “certain regulations” even though you got hurt while in training. 
",Change the S1 been there for years paperwork can’t never get completed. Soldiers waiting on GTC for years because someone can’t do the paperwork or they lose the paperwork. ,,,,,,,No,
2/4/2025 15:04:16,ZGEAA (429th BN),Less than 3 years,No,No,No,,Yes,No,Yes,No,No,No,Yes,Benefits ,Nothing,Im done with it. ,Nothing,,,,,,,No,
2/4/2025 15:08:28,ZGEAA (429th BN),Greater than 6 years but less than 12,No,,Yes,Federal tuition assistance ,No,Yes,No,Undecided,Yes,Yes,No,Education,"New Soldiers are entitled, undisciplined, show no respect for their leadership and require you to hold their hands to get things done. 
The level of stupidity is overwhelming. 
The quality of the way Soldiers are policed has dwindled so significantly that people can have multicolored 4 inch nails, unnatural hair colors, or hair completely out of regulation and nobody says a word for fear of reprisal, even though regulations state what is required and Soldiers are specifically educated on such things. ",NA,"In order to improve morale, you first need to ensure that ALL Soldiers are held to the same standard and then the morale building blocks can come out. ",,,,,,,Yes,"Actually having leadership willing to teach Soldiers how to succeed in their career instead of doing ""what they're good at"""
2/4/2025 15:32:48,ZGEAA (429th BN),Less than 3 years,No,idk,No,,No,No,No,Undecided,Yes,I am happy in my current MOS,No,college money ,the leadership sucks ,i would enlist if the leader ship didn’t suck and complain all the time and be rude and not teach us things ,teach leadership how to be better ppl ,,,,,,,No,the leadership sucks they rude and can’t do their jobs 
2/4/2025 16:15:16,ZGEAA (429th BN),Less than 3 years,No,No,Yes,Tuition assistance ,Yes,No,Yes,Undecided,I am happy at my current unit,I am happy in my current MOS,Yes,Benefits,Nothing,Undecided currently,Nothing,,,,,,,No,
2/4/2025 16:37:08,PHPAA (1-116th INF BN),Greater than 12 years,Yes,,Yes,Post 9/11 GI bill,Yes,No,No,No,No,No,Yes,Citizen soldier,The governments lack of importance for the national guard.,Retiring after 20 years of service,Training in a non-standardized manner. It has become extremely boring training in the National Guard.,,,,,,,Yes,
2/4/2025 17:15:54,ZGEAA (429th BN),Less than 3 years,No,"If it classes with my education,  what happens.?",Yes,Virginia state tuition assistance ,No,No,Yes,Undecided,Yes,I am happy in my current MOS,Yes,Education benefits ,Not fully doing my mos,In supply but barely do anything involving cbrn,Having the soldiers involved in activities and job related task,,,,,,,No,
2/4/2025 17:32:14,ZGEAA (429th BN),Greater than 6 years but less than 12,No,Yes,Yes,Tuition Assistance ArmyIgnite ,No,No,Yes,No,No,No,Yes,Disciple,The Army National Guard is a stepping stone. I’ve accomplished more than I’ve set myself up to accomplish. ,Served my time,"Better communication to lower enlisted soldiers, Providing important information to lower enlisted soldiers and better leadership. ",,,,,,,Yes,
2/4/2025 17:38:05,ZGEAA (429th BN),Greater than 3 years but less than 6,No,No,No,,No,No,No,No,No,No,No,Career advancement ,Stay for too lonh,Waste of my weekend ,Listening to our needs ,,,,,,,No,Sgt are rude
2/4/2025 18:04:50,ZGEAA (429th BN),Less than 3 years,No,,Yes,,No,No,Yes,Yes,Yes,Yes,Yes,College ,N/A,I’m interested to extend my contract because I’m want to get my degree ,Have a hotel room always for people who live far from the unit ,,,,,,,No,
2/4/2025 19:59:04,PHPAA (1-116th INF BN),Greater than 12 years,Yes,No,Yes,Post 911 no,No,No,Yes,Yes,I am happy at my current unit,I am happy in my current MOS,Yes,College,N/a,Retirement,Better time management,,,,,,,Yes,
2/4/2025 20:40:31,PHPAA (1-116th INF BN),Greater than 6 years but less than 12,Yes,,No,,No,No,Yes,Yes,I am happy at my current unit,I am happy in my current MOS,Yes,Sense of purpose and service without moving away from home. Also friends. ,"Holding my on a Sunday past 6pm to be released when I have a 2 hour drive home, kids to spend time with, chores to do, and then wake up super early Monday morning for work. ",I'm going to extend because I'm in too deep and tricare is worth it. Also it is fun. ,Muta 5 drills need to be reversed. A muta 5 drill should be Friday 2. Saturday 2. Sunday 1. Because people that are MDAY have jobs and family's. It makes no sense for anyone to be released late on a Sunday. Like 6pm is ridiculous. Then you have travel time to go home and kids family whatever else. Then wake up early Monday morning and work when we all know most full time guard people do not work Monday after a drill weekend and if they do they come in late. That's not fair to mday guys who have to burn a whole day of PTO for FF in the afternoon on a Friday. Employers don't give military leave anymore unless you work for the state. So if the SM has to take off the whole day and use vacation time for a Friday afternoon drill because they have to travel all day what sense does that make. If you fix this guy's will stay in I know it. Honestly I'd be surprised if anyone reads this or acknowledges this. Prove me wrong. No one listens to the SMs who talk about this because they assume everything is perfect and if you ask Joe what he thinks he's gonna lie about it to please you. ,,,,,,,Yes,
2/4/2025 20:46:17,V5KAA (29th DIV),Greater than 6 years but less than 12,Yes,No,Yes,Post 9/11 GI Bill/ No,No,No,Yes,No,No,No,Yes,Pay ,"Nothing, it was just something to do dur8ng school","I want time to focus finishing up with school, marriage, and starting a new job","Less 3 day weekends. During 3 day weekends, more training that involves vehicles and weapons",,,,,,,Yes,
2/4/2025 20:55:13,PHPAA (1-116th INF BN),Greater than 3 years but less than 6,Yes,,No,,No,Yes,Yes,Undecided,I am happy at my current unit,I am happy in my current MOS,Yes,Bonus,N/a,Money,N/A,,,,,,,Yes,
2/4/2025 21:03:05,PHPAA (1-116th INF BN),Greater than 3 years but less than 6,Yes,Nope,Yes,TA and GI-bill,No,Yes,No,Undecided,No,No,No,School and to become a better person for my family ,My unit not believing me and treating me different ,When I re enlist it won’t be the same people I trained with,"Information being put out on time, don’t dumb down training. Be more involved in the soldiers",,,,,,,No,
2/4/2025 21:04:06,PHPAA (1-116th INF BN),Greater than 3 years but less than 6,Yes,NA,No,NA,No,No,Yes,Yes,I am happy at my current unit,Yes,Yes,Sense of duty ,School availability ,NA,"Send guys to schools/more time building fundamentals (commo, realistic shooting drills, 24 hour missions that include cradle to grave planning)",,,,,,,No,NA
2/4/2025 21:42:50,777AA (R&R),Greater than 12 years,Yes,N/a,Yes,TA and Montgomery GI Bill,Yes,Yes,No,No,No,No,Yes,Wanted to do something different in life ,Leadership and lack of soldier care ,Body tired and worn out ,Work on leadership actually caring about soldiers well being ,,,,,,,Yes,
2/4/2025 22:32:31,PHPAA (1-116th INF BN),Greater than 3 years but less than 6,Yes,Negative ,Yes,GI Bill,No,Yes,Yes,Undecided,I am happy at my current unit,Yes,Yes,College ,I think my experience has been good.,I’m still undecided might extend for deployment.,"Receiving time hacks at a better time to waste time on drill weekends, (wake up, etc)",,,,,,,Yes,
2/4/2025 23:45:24,PHPAA (1-116th INF BN),Less than 3 years,Yes,,Yes,"MGIBSR, State TA, Federal TA. No.",No,No,Yes,Undecided,Yes,Yes,Yes,"Wanted to make my life less boring, benefits.",None,"I am currently enrolled in ROTC. I am aiming to contract, so I have no need to reenlist.",None,,,,,,,No,
2/5/2025 9:56:51,PE1AA (229th Engineer),Less than 3 years,No,No,No,,Yes,Yes,Yes,No,I am happy at my current unit,No,Yes,Personal growth and development ,Nothing ,Reached goals I set out to gain from the service and level of development.,Not sure,,,,,,,No,
2/5/2025 9:58:48,ZGEAA (429th BN),Less than 3 years,No,,No,,No,No,Yes,Yes,Yes,I am happy in my current MOS,Yes,The opportunities that are provided ,N/A,N/A,"PT occasionally(could just be doing stretches), this may be more ideal since I know some people do not work out like they are supposed to. If you push those people to do intense or rough PT then it can cause injuries. So I would say basic PT like lunges or swinging your arms, and mainly stretching. I would say if this were to happen then it should be around 9-10am so that gives people the chance to get the important things done and take a quick break to do this. Research has proven that stretching has many benefits such as improving mental health, increasing flexibility, increasing blood flow, decreasing the risk of injuries, and many more. 

Leave earlier on Sundays, this is a thing that would boost morale especially since many people have at home lives or they have a long drive back home. Making a clearer list of tasks that need to be done, this should be known by everyone. Why do we get tasks that were known at the beginning of the weekend and are told last minute so it holds us back.

healthy snacks provided maybe one day of the month; could be protein bars, beef sticks, etc.

Class about some other benefits that some soldiers are not aware of. There are so many small things that we continue to learn about that other soldiers tell us and are surprised that we don’t already know because they were told by their leaders. ",,,,,,,No,
2/5/2025 14:05:39,ZGEAA (429th BN),Greater than 6 years but less than 12,Yes,No,Yes,TA,No,No,Yes,Undecided,I am happy at my current unit,I am happy in my current MOS,Yes,School,Nothing,N/A ,Student loan repayment for techs ,,,,,,,Yes,
2/5/2025 14:08:14,UAXAA (224th Aviation),Greater than 12 years,Yes,,Yes,TA and CA. I’ve had issues with my school working with ArmyIgnited.,No,Yes,Yes,Undecided,Yes,Yes,Yes,Always wanted to join the military,Political climate,If needed I would reenlist to reclass to the MOS I want. I am currently in the process of doing so and have 2 years left on my contract.,Not sure at this time,,,,,,,Yes,
2/5/2025 14:15:58,PE1AA (229th Engineer),Greater than 3 years but less than 6,Yes,"Nope, not deploying as far as I am aware",Yes,"Pell Grant, State TA",No,No,Yes,Undecided,I am happy at my current unit,I am happy in my current MOS,Yes,I ask myself that same question to this day, Being stalked by other service members,NA (I extended for 2 years so I still have 3 left on my contract as of right now),"More inclusion on pre-drill meetings/sycs, or even sending out the drill CONOP prior to drill so soldiers can be more prepared for drills and reduce miscommunication by word of mouth",,,,,,,Yes,
2/5/2025 14:19:41,PE1AA (229th Engineer),Greater than 12 years,Yes,,No,,No,No,Yes,Undecided,Yes,Yes,Yes,Girlfriend broke up with me and I was bored ,The extreme high tempo. Used to be Friday drills where a once a year thing but now it’s 7-8 of them for what? Got better for a bit. At one point it required 07 approval for a MUTA 6 bring that back. ,Interference with civilian job ,Lower the op tempo. ,,,,,,,Yes,
2/5/2025 14:22:50,PE1AA (229th Engineer),Greater than 3 years but less than 6,Yes,,No,,No,Yes,Yes,Undecided,I am happy at my current unit,Yes,Yes,I joined because my dad served,I don’t like the mos anymore,Still undecided but if i re-enlist it would be to go active with a different mos,Are morale is already high,,,,,,,Yes,
2/5/2025 14:25:35,PE1AA (229th Engineer),Greater than 3 years but less than 6,Yes,,Yes,,No,Yes,Yes,No,No,No,Yes,School,Life changes,Going in a different career direction ,Positive changes with new leadership ,,,,,,,Yes,
2/5/2025 14:26:38,PE1AA (229th Engineer),Less than 3 years,No,,No,,No,No,No,Undecided,No,I am happy in my current MOS,No,Wanted to serve since 2nd grade for the country,In case I’d like to have a family ,Sometimes seems uninterested in teaching newer soldiers. Don’t want to be deployed if I have a child ,Putting more interest in the newer soldiers ,,,,,,,No,Never really get to do the exercises 
2/5/2025 14:26:47,PE1AA (229th Engineer),Greater than 3 years but less than 6,No,None,No,None,No,No,Yes,Yes,No,No,Yes,Family,None ,Enjoyment in developing as a soldier,More weapon systems ,,,,,,,Yes,
2/5/2025 14:29:46,PE1AA (229th Engineer),Greater than 3 years but less than 6,Yes,Nope,Yes,Gi bill ,No,Yes,No,No,No,No,No,To serve ,The constant state of unknown and not understanding why everything is just a big Frago and some people have it way easier then others that pour there heart and soul into this and get nothing in return but if you mess up or make a mistake ur looked at as worthless ,A bunch of things that can not be changed I just feel as if I would like to do things that the military deem not acceptable or appropriate and I do not share the same thoughts. ,Change the flow of knowledge to lower enlisted ,,,,,,,No,A bunch of things that can not be changed I just feel as if I would like to do things that the military deem not acceptable or appropriate and I do not share the same thoughts. 
2/5/2025 14:31:57,PE1AA (229th Engineer),Greater than 12 years,Yes,No,Yes,TA and post 9-11,No,No,Yes,No,No,No,Yes,Service ,Desire to go Active duty due to the complications around Guard work life balance and the difficulties around maintaining and getting a good civilian job. ,Applying to go 153A Active side ,"Bonuses, schools, and civil career help",,,,,,,Yes,
2/5/2025 14:35:38,PE1AA (229th Engineer),Less than 3 years,No,,Yes,GI bill,No,Yes,No,No,No,Yes,No,School ,The burocracy bullshit,I’m not enlisting because the army it’s more a lost of time than something important ,It’s leaders ,,,,,,,No,We don’t do anything since we don’t have a plataform anymore 
2/5/2025 14:35:43,PE1AA (229th Engineer),Greater than 12 years,Yes,No,No,,No,No,Yes,Undecided,Yes,Yes,Yes,Serving ,No longer have UAS in unit. ,Not sure. Mos is in limbo and don’t want to transition to cavalry or infantry. Not what I signed up for ,Let us reclass or get new drones ,,,,,,,Yes,
2/5/2025 14:36:34,PE1AA (229th Engineer),Greater than 3 years but less than 6,No,N/A,Yes,"State TA, ArmyIgnitED, 1606 GI Bill. ArmyIgnitED was the worst TA benefit by a mile. Not only did the system purposefully take advantage of soldiers who did not understand how to navigate it- but it was purposefully designed to make the requesting process difficult. I worked in a public university’s military office while in college, and was SHOCKED that IgnitED was so flawed in its design and rollout. Whoever was in charge of that should be fired.",No,Yes,Yes,Yes,I am happy at my current unit,I am happy in my current MOS,Yes,"I have always wanted to serve, but did not feel compelled to go to AD. The Guard worked well with getting my degree and works well in my civilian career.",The lack of funds that are appropriated to each state. This affects schooling and training opportunities.,I want to make it to 20 for the benefits as well as deploy a couple of times.,"Have more schools for soldiers, as well as conduct an EIB/ESB train up and qualification.",,,,,,,Yes,
2/5/2025 14:37:38,PE1AA (229th Engineer),Greater than 6 years but less than 12,Yes,,No,,No,No,No,No,No,No,Yes,Transferred from Active Duty,The impact on family life and my civilian career. ,I would like to focus on my career. My work schedule is non traditional so the guard impacts work causing me to miss career advancing opportunities and also causes me to have to catch up on a lot of work that is missed being at my unit. ,"None, I believe the National guard is great for single soldiers and college students who need TA. For people who are civ career focused the guard is non beneficial and causes more issues and stress on the individual. ",,,,,,,Yes,
2/5/2025 14:44:26,PE1AA (229th Engineer),Greater than 6 years but less than 12,Yes,,No,,No,No,Yes,Yes,Yes,Yes,Yes,Had no clue what i wanted to do so I went to talk to a recruiter.,Some leadership being a do as I say and not as I do type leader.,I mainly stay in for tricare ,Leaders who want to know their soldiers and actively lead,,,,,,,No,
2/5/2025 14:48:39,PE1AA (229th Engineer),Greater than 6 years but less than 12,No,N/A,No,,Yes,Yes,Yes,Undecided,I am happy at my current unit,I am happy in my current MOS,Yes,"Family benefits (tricare), additional pay, Access to military schools","Pay issues, desired schools/opportunities not available.","Undecided - I want to stay for tricare and drill pay but no longer enjoy my role and military schools rarely align with my role/future roles so I don’t get the opportunity even if I want the experience. Every school I have gone to (mostly required entry schools) has lead to a pay issue out of my (or my units) control on the back end, which impacts my personal life and family. My unit has always worked hard to ensure it gets corrected but bureaucracy ends up making it more of a headache than it ever needed to be.","The soldiers want to train and train hard in their profession. Our equipment is constantly broken and parts funding and delivery/lead times impact training value. On top of that, every army system is difficult to use and support is rarely available on the weekends when we are using it (EES, DTS, AVD, GArmy, etc…). Most NG soldiers also need to utilize personal laptops/computers to use army systems along with AVD which makes the admin piece one step more complicated (and fiscally impossible for some).",,,,,,,Yes,
2/5/2025 14:53:42,PE1AA (229th Engineer),Greater than 12 years,Yes,No,No,,No,Yes,Yes,Yes,I am happy at my current unit,Yes,Yes,Serving my country and xommunity,"No bonuses after 12 years. The army put so much effort on soldiers, especially at the NCO level the develop themselves become proficient and want them to stay around, but do not provide reward or incentive for them to stay around. ","At this point, I’m close to my 20 years and I want to hit my 20 so I can get as many benefits as possible. ","Bonuses being paid out more on time, bonuses for soldiers over 12 years of service, student debt repayment seems to be a constant issue for individuals who have it in their contracts. More opportunities for junior leaders to be enabled and developed. ",,,,,,,Yes,
2/5/2025 14:55:34,PE1AA (229th Engineer),Less than 3 years,No,N/A,Yes,Federal,No,No,Yes,Yes,I am happy at my current unit,I am happy in my current MOS,Yes,Time,N/A,Retirement ,Making us aware of drill missions ,,,,,,,No,
2/5/2025 15:06:41,PE1AA (229th Engineer),Less than 3 years,No,No,No,,No,Yes,Yes,Yes,Yes,I am happy in my current MOS,Yes,Serve my country and gain new experiences. ,"I didn’t think the cadres at state ocs were very professional, nor was it ran good. ",N/a,I think everything outside of state ocs is great. Love my unit. ,,,,,,,No,
2/5/2025 15:23:12,PE1AA (229th Engineer),Greater than 6 years but less than 12,Yes,,Yes, federal tuition,No,Yes,No,No,No,No,Yes,Service,New company commander in A Co.,Leadership. Commander brags about his power to the Soldiers. He’s immature and gets too far in the weeds in things. ,"Get a new commander that knows how to perform in the field, takes ACFTs with us and actually motivates me to follow them.",,,,,,,Yes,
2/5/2025 15:26:22,PE1AA (229th Engineer),Greater than 6 years but less than 12,Yes,,Yes,Federal TA,Yes,Yes,Yes,Yes,I am happy at my current unit,I am happy in my current MOS,Yes,School benefits,Bad leadership and lack of being humble,Commander brags to his soldiers about how much power he has. Continues to not allow his subordinates to make decisions. Takes control of others duties. ,Have a memo for promotions that say what the board is looking at and how they're ranking you. IE military education is worth 10 points etc for E6 and above.  Have a better criteria for giving command to individuals that are undeserving. ,,,,,,,Yes,
2/5/2025 15:29:03,PE1AA (229th Engineer),Greater than 3 years but less than 6,Yes,No,Yes,Tuition Assistance,No,No,No,No,No,No,No,Tuition Assistance,Don’t feel like I acquired any useful skills to use in civilian life.,Not interested in making the Guard a career. Don’t support US foreign policy.,"Remedial PT is a bit outdated, I would do away with it completely.",,,,,,,Yes,
2/5/2025 16:05:24,PE1AA (229th Engineer),Greater than 3 years but less than 6,No,N/A,Yes,tuition assistance ,No,No,Yes,No,No,No,Yes,Values ,Career ,Career conflict ,N/A,,,,,,,Yes,
2/5/2025 16:31:06,PE1AA (229th Engineer),Greater than 12 years,Yes,No,Yes,TA. No.,No,Yes,Yes,Undecided,Yes,Yes,Yes,Benefits. ,Combat Engineers are not needed in today’s military as breaching can be done via drones. ,Training is still behind. We train as if we are still in the WW phase and deploy and don’t use any of our training capabilities.,A lot would have to be changed. Bonuses and a complete overhaul of the 12B MOS to reflect not only demolition but also having the abilities to use modern technology for our purpose. ,,,,,,,Yes,
2/5/2025 16:35:48,PE1AA (229th Engineer),Greater than 3 years but less than 6,No,,No,,No,No,Yes,Undecided,Yes,Yes,Yes,Growth ,Ethics,N/A,Incentives ,,,,,,,No,
2/5/2025 16:42:05,PE1AA (229th Engineer),Greater than 3 years but less than 6,No,,No,,No,No,Yes,No,No,No,Yes,Boredom,Lack of purpose,I get nothing out of my service and do nothing to benefit the commonwealth,N/A,,,,,,,No,
2/5/2025 16:43:20,PE1AA (229th Engineer),Greater than 3 years but less than 6,Yes,,No,,No,Yes,Yes,Undecided,I am happy at my current unit,Yes,Yes,Family Legacy ,Changes in unit leadership ,I am currently undecided ,More joint drills to see how the entire company fits together ,,,,,,,No,
2/5/2025 16:49:04,PE1AA (229th Engineer),Less than 3 years,No,,No,,No,No,Yes,Undecided,Yes,Yes,Yes,Wanted to serve,Lack of realistic training ,Undecided ,More realistic training ,,,,,,,Yes,
2/5/2025 16:55:43,PE1AA (229th Engineer),Greater than 3 years but less than 6,No,No,Yes,State and federal TA,No,No,Yes,No,No,No,Yes,Adventurous ,Leadership decisions ,Flying for a civilian airline,More hot meals rather than MRE’s,,,,,,,No,
2/5/2025 16:56:49,PE1AA (229th Engineer),Greater than 6 years but less than 12,No,,Yes,"GI bill, no",No,Yes,Yes,Yes,I am happy at my current unit,Yes,Yes,"Clearance, school, serve country ",N/a,N/a,Not sure ,,,,,,,Yes,
2/5/2025 17:00:53,PE1AA (229th Engineer),Greater than 6 years but less than 12,Yes,No,Yes,State TA- did not find it clearly stated or advertised when it went to a reimbursement after the semester instead of disbursement at beginning ,No,Yes,Yes,Yes,I am happy at my current unit,I am happy in my current MOS,Yes,Continue service like my family did,Availability of training opportunities and funding fluctuate - difficult when you get stuff “guaranteed” and then taken away,Already re-enlisted but considering reclassing due to family planning,Advocate and participate in fundraisers/activities outside of drill weekends. Having a BN swag store online year round ,,,,,,,Yes,
2/5/2025 17:02:08,PE1AA (229th Engineer),Greater than 6 years but less than 12,Yes,NA,Yes,State TA / Post 9/11,No,No,Yes,Undecided,I am happy at my current unit,Yes,Yes,To become a Hero,Leadership ,Undecided ,NA,,,,,,,Yes,
2/5/2025 17:04:39,QJE90 (29th DIVARTY),Greater than 6 years but less than 12,Yes,No,No,,No,No,Yes,No,I am happy at my current unit,No,No,"It's important to serve the nation, also college benefits ",Army got rid of our capability then told us to sit while they aquire new equipment. it's been 2 years of not doing our job ,Not for me anymore ,"Purpose/mission/ or goal to aim towards. Enforce standards, not just push people along for sake of retention.

If everyone around is fat and weak how likely are you to stay motivated and care or even take it seriously?

We got a ton of new soldiers for our unit and none of them have even got to do what we signed up for at least I had a fun 3 years.",,,,,,,No,Our unit lost its MOS / system - doing nothing of value for the army
2/5/2025 17:12:28,PE1AA (229th Engineer),Greater than 12 years,Yes,No ,Yes,Post 9/11 GI Bill….zero issues ,No,No,Yes,Yes,I am happy at my current unit,Yes,Yes,Continued service  and cheap health insurance ,No negative changes. ,Extending to eventually retire ,"Possibly doing longer MUTA’s, but on a quarterly basis.",,,,,,,Yes,
2/5/2025 17:31:37,PE1AA (229th Engineer),Greater than 3 years but less than 6,No,No,Yes,Mont GI & kicker,Yes,Yes,Yes,No,No,No,Yes,In-state tuition & Educational benefits,Incompetent Leadership,I no longer need educational benefits,Less toxic leadership,,,,,,,No,
2/5/2025 17:45:14,PE1AA (229th Engineer),Greater than 3 years but less than 6,No,No I want out now ,No,,No,No,No,No,No,No,No,Idk ,Everything ,I hate the va national guard ,Don't enlistment,,,,,,,No,I want out I don't want nothing to do with va guard was a waste of time
2/5/2025 17:51:36,PE1AA (229th Engineer),Greater than 12 years,Yes,No,Yes,GI Bill,Yes,No,Yes,Yes,I am happy at my current unit,I am happy in my current MOS,Yes,Multiple answer ,NA,NA,Communication ,,,,,,,Yes,
2/5/2025 17:54:32,PE1AA (229th Engineer),Greater than 6 years but less than 12,Yes,No,Yes,Army ignited ,No,No,Yes,Yes,I am happy at my current unit,I am happy in my current MOS,Yes,Pay for college ,Nothing ,My tech position is tied to my unit so I have to reenlist ,If the people making decisions would hurry and get us some form of UAS. If they don’t I foresee a lot of people leaving the unit. ,,,,,,,Yes,
2/5/2025 17:57:47,PE1AA (229th Engineer),Greater than 3 years but less than 6,No,n/a,Yes,"All, and no",No,Yes,Yes,No,No,No,No,Opportunitie,Leadership,Leadership,Better leadership,,,,,,,No,
2/5/2025 17:58:27,PE1AA (229th Engineer),Less than 3 years,No,,No,,No,No,Yes,No,I am happy at my current unit,Yes,Yes,American dream and changing the culture I grew up in,MOS and family issues ,Family issues career,Good as is in my opinion ,,,,,,,No,
2/5/2025 18:14:29,PE1AA (229th Engineer),Greater than 12 years,Yes,,Yes,Post 9/11 No,No,No,Yes,No,No,No,Yes,Finish retirement ,The army is sad and weak. I can fix it ,I'm going to retire and I've lost faith in the lethality and effectiveness of the national Guard ,PT and good training plans. ,,,,,,,Yes,
2/5/2025 18:18:29,PE1AA (229th Engineer),Greater than 3 years but less than 6,Yes,,Yes,Student repayment has been a continuing issue. I have served for 4 years and have yet to receive a single payment for my loans. I filled out the complete paper work three times and no payment was submitted. ,No,No,Yes,No,No,No,Yes,Service ,Lack of a mission. ,The last administration was too political and it showed that the army is just a test subject for what ever agenda that the president wants to push whether that be transgender soldiers or Covid vaccines. I’d rather not be a test subject for the army. I’d like to have a mission and achieve that mission. The army has also allowed overweight soldiers to continually slip through the cracks and it shows a lack of discipline throughout the ranks. Especially at a command level.,An actual mission. ,,,,,,,Yes,
2/5/2025 18:41:32,PE1AA (229th Engineer),Less than 3 years,No,No,No,,No,No,Yes,No,No,No,No,Opportunity ,Lack of opportunity ,Can’t say,More schools ,,,,,,,No,
2/5/2025 18:47:10,PE1AA (229th Engineer),Greater than 3 years but less than 6,No,N/A,No,,No,Yes,No,Undecided,Yes,Yes,Yes,"School, benefits ","Started a family and have a hard time being away from them, especially on weekends! ",Leaning towards reeinlisting as long as I’m able to switch MOS to aviation otherwise I’m out ✌️,"BEING DONE BY THE TIME THAT WAS SAID, allowing us to go home, allowing enough time for lunch/dinner to dine in a restaurant and socialize with peers. 
ACTUALLY following drill schedule, Company activities/bonding… maybe sports PT ",,,,,,,No,
2/5/2025 18:52:15,PE1AA (229th Engineer),Greater than 6 years but less than 12,Yes,No,No,,Yes,No,Yes,Undecided,Yes,Yes,Yes,School,Moved to a new location,Distance from unit ,More school slots,,,,,,,Yes,
2/5/2025 19:28:38,PE1AA (229th Engineer),Less than 3 years,No,N/A,Yes,"State TA. The recoupment program prevented me from securing funds because I get other forms of grants, so it didn’t look like I would owe. Consequently I did not received the fund that I earned which could have been used on other University related expenses.",No,No,Yes,No,No,No,Yes,Benefits,I wasn’t given benefits I thought I was entitled to when I enlisted.,N/A,N/A,,,,,,,No,N/A
2/5/2025 19:55:16,PE1AA (229th Engineer),Less than 3 years,No,Not deploying,Yes,Tuition assistance and GI bill,No,No,Yes,Undecided,I am happy at my current unit,I am happy in my current MOS,Yes,College money,"Minimal school slots, sometimes poor scheduling",I want to go active duty,"More school slots, more flexibility with splitting drill, more flexibility with changing units, more career progression support",,,,,,,No,
2/5/2025 20:16:32,PE1AA (229th Engineer),Greater than 6 years but less than 12,Yes,,Yes,State Tuition Assistance,No,Yes,Yes,Yes,I am happy at my current unit,Yes,Yes,Selfless Service and to earn benefits.,Leadership at PLT level encourages a work environment where Soldier issues are not resolved until months later because they're not as important as completing the Company's to-do list.,"The main incentives for me to extend are the bonuses, insurance and retirement plans.",Work/rest cycles,,,,,,,Yes,
2/5/2025 20:29:39,PHPAA (1-116th INF BN),Less than 3 years,No,,No,,No,Yes,No,No,No,No,No,school,unit,it sucks,everything,,,,,,,No,
2/5/2025 22:04:20,PE1AA (229th Engineer),Less than 3 years,No,No,No,,No,No,No,No,No,Yes,Yes,New challenges,My family,I don't want to be separated from my family,Make recognitions of their small to large achievements,,,,,,,No,
2/5/2025 22:11:46,777AA (R&R),Greater than 12 years,Yes,N/A,Yes,GI Bill with E ArmyU,No,Yes,No,No,Yes,Yes,No,Serving my country. ,"In the last 6 months, leadership.  They have lost the reason we serve.  The senior NCOs only want to make themselves look good. ",Not in R&R.  It’s turned into a competition between the E9’s that I don't want to be a part of.  ,"Quit sweating the stupid things, and take care of your Soldiers.  Recruiting and civilian life have to somewhat mirror each other to be successful.  Find a way to realize that or bring SGM J back! ",,,,,,,Yes,All SGM Flag (Clay) cares about is flagging people.  He could care less if we can do our jobs effectively.  Typical POG!!  
2/5/2025 23:02:10,PE1AA (229th Engineer),Greater than 3 years but less than 6,No,,Yes,,No,No,Yes,No,No,Yes,No,School ,Bad leadership ,Bad leadership ,Stop the toxic leadership,,,,,,,No,
2/6/2025 0:33:57,PE1AA (229th Engineer),Greater than 3 years but less than 6,No,,No,,No,No,No,Yes,Yes,Yes,Yes,"I wanted to serve my country. But even though I’ve volunteered for numerous SAD missions, asked to go to multiple schools and extra trainings (fire fighting school, EOCA, etc) i’ve gotten no opportunities to serve or train. ",No training. No schools. No opportunities to develop my tactical knowledge or proficiency,Ultimately I will probably reenlist. I guess I’m a glutton for punishment and hope that I get the opportunity to serve.,"So many guys want to go to school. Sapper school , air assault, EOCA, etc. but just don’t get the opportunity. ",,,,,,,No,
2/6/2025 8:44:07,PE1AA (229th Engineer),Greater than 3 years but less than 6,No,No,Yes,State tuition assistance ,No,No,Yes,No,No,No,Yes,I wanted to have college paid for,Good ole boy attitudes and soldier’s entitlement for promotion due to time in service and grade even though it’s undeserved ,I’m commissioning,Generate more of a culture and identity as companies besides having a cool name of the battalion and companies,,,,,,,Yes,
2/6/2025 9:17:40,PE1AA (229th Engineer),Greater than 3 years but less than 6,Yes,,Yes,"TA, and no",No,No,Yes,Undecided,I am happy at my current unit,Yes,Yes,College benefits and work experience,Nothing,"Interested in re-enlistment for continued work experience and tuition assistance, not interested due to just lack of interest in military",Purchase drones,,,,,,,Yes,
2/6/2025 10:46:47,PE1AA (229th Engineer),Greater than 3 years but less than 6,No,,No,,No,No,Yes,Undecided,No,Yes,Yes,School,The amount of commitments I have outside of the guard,The ratio of time invested to results/rewards gained,"I think being released at a more set time would greatly improve morale. It know it impossible, but it would increase morale especially on Sundays.",,,,,,,No,
2/6/2025 10:56:50,PE1AA (229th Engineer),Greater than 6 years but less than 12,Yes,n/a,Yes,state ta and post 9-11,No,No,No,No,No,No,No,"I liked my job, but after deploying and the current stage it is in there is not much guidance going forward.",my job is in limbo as well as the people in my unit during mobilization were brutal.,"My job is not much of a job, I also don’t wish to take time off my civilian career for army training. It’s been a significant burden.",I genuinely have no clue. ,,,,,,,No,
2/6/2025 11:36:04,PE1AA (229th Engineer),Greater than 12 years,Yes,No,Yes,No,No,No,Yes,Yes,Yes,Yes,Yes,Continue military service ,Nothing,N/A,More schools,,,,,,,Yes,
2/6/2025 11:37:12,PE1AA (229th Engineer),Greater than 3 years but less than 6,No,When are we going to prepare? ,Yes,The ,No,No,Yes,Undecided,I am happy at my current unit,No,Yes,Family ,The balance of drill and school. The drive can be inconvenient at times when school is getting busier. ,I want to re-enlist because of the benefits. ,We should have more hands on training. ,,,,,,,No,
2/6/2025 11:50:53,PE1AA (229th Engineer),Less than 3 years,No,,Yes,Financial aid,No,Yes,Yes,No,I am happy at my current unit,No,Yes,New experiences and new skillsets,Nothing,I would prefer the army ng to be a nice chapter of my life rather than something I get stuck into.,Nothing really. Everyone seems happy.,,,,,,,No,
2/6/2025 12:07:21,PE1AA (229th Engineer),Greater than 6 years but less than 12,Yes,No,Yes,GI Bill and STA,No,No,Yes,Undecided,I am happy at my current unit,I am happy in my current MOS,Yes,Benefits and career path,Retention incentives ,"Retention benefits, time away from family/ friends. I’d stay in for camaraderie and deployment",Less work between drills or paid time to complete online classes,,,,,,,Yes,
2/6/2025 14:19:13,777AA (R&R),Less than 3 years,No,,No,,Yes,Yes,No,Undecided,I am happy at my current unit,Yes,No,Tuition Assistance,Medical problems,I’m nowhere close to the end of my contract so far,Improved response times ,,,,,,,No,Response times being shorter than months
2/6/2025 15:36:47,PE1AA (229th Engineer),Greater than 3 years but less than 6,Yes,,Yes,state Ta and post 911 gi bill,No,No,Yes,No,No,No,Yes,spontaneous decision ,civilian life progressing,civilian life progressing ,unnecessary training like sleeping outside in the cold for literally no reason,,,,,,,No,
2/6/2025 15:52:16,X6TAA (329th HHC),Greater than 12 years,Yes,,No,,No,Yes,Yes,Yes,I am happy at my current unit,Yes,Yes,I wanted to serve my country and see new places,The my way is the highway mentality. The fact there’s no incentives for the guys that have been in longer then 13 years,Same answer as above this question.,"Just help them shape their careers, keep them on the patch that they wanna do with their career. It’s all about soldier care in my opinion it’s what keeps the younger soldiers in. We take care of them they stay in longer we don’t help them they get out of the armed forces.",,,,,,,Yes,
2/6/2025 16:19:55,PE1AA (229th Engineer),Greater than 3 years but less than 6,No,,No,,No,No,Yes,No,No,No,No,Was gonna use educational benefits and wanted to also be able to do physical work that can help the community ,"Didnt go to college so those benefits are useless to me, i have been put on standby 3 separate times when missions come down and i volunteer but too many people volunteer and i never get selected. And immediately after AIT as a combat engineer i was placed in a HHC supply section then transferred to S3 9 months later. then when a captain in S3 took the CO position in a different company he asked if i wanted to transfer, i said yes, both he and the HHC CO signed off, but the MSG in charge of S3 refused to let me go until somebody else came in and i could teach them how to work in a TOC. I was then stuck in that S3 for over a year. Now i would much rather prioritize the future of my civilian career than worry about national guard bs",Same as above,Listen to what they want. As a new soldier i was begging to get out of S3 and i new a lot of older more burnt out soldiers that wouldve loved to have my job. My new unit is really good about school opportunities and missions but i no longer have the motivation or desire to focus on this career path. Maybe if things were handled differently earlier in my service i wouldnt have lost my motivation ,,,,,,,No,"Nothing, i dont do shit, im in a route clearance platoon in a time when the army is phasing out route clearance lol"
2/6/2025 17:51:20,PHMAA (111th FA BN),Greater than 3 years but less than 6,Yes,,No,,No,Yes,No,No,No,No,No,Independence ,Pay issues and leadership,Pay issues that had my paper work and my proof of my issues on the desk as it’s just sitting there nobody working on it or even keeping contact with me about it and leadership feels too entitled to do stuff we enlisted do ,Focus more on the soldier care than anything ,,,,,,,No,Getting my pay right and have more focus on that 
2/6/2025 17:51:38,PHMAA (111th FA BN),Less than 3 years,No,Yes,No,,Yes,No,Yes,Undecided,I am happy at my current unit,Yes,Yes,Service and Educational benefits ,No answers to my questions ,No. Odyssey got answers to my questions ,Be there for your soldiers,,,,,,,No,
2/6/2025 18:01:27,PHMAA (111th FA BN),Greater than 3 years but less than 6,Yes,No,No,,No,No,Yes,Yes,Yes,I am happy in my current MOS,No,I wasn't doing anything else with my life at the time and it seemed like the most natural course of action.,Drill for the most part has been an inconvenience with my civilian life. I think it would be best if I went active duty or reserves. ,"I would re-enlist as active duty or reserve duty only, never national guard.",More pay or inclusion of a performance bonus system. ,,,,,,,No,
2/6/2025 18:46:53,PE1AA (229th Engineer),Less than 3 years,No,No,Yes,State/FED TA,No,Yes,Yes,No,No,No,Yes,College benefits ,Nothing,Messed with personal life,None,,,,,,,No,
2/6/2025 19:45:11,PHMAA (111th FA BN),Greater than 3 years but less than 6,Yes,,No,,No,No,Yes,Undecided,I am happy at my current unit,I am happy in my current MOS,Yes,New adventure ,medical ,I would re-enlist so I don’t have issues with my MEB,Attitude of higher leaders ,,,,,,,Yes,
2/6/2025 19:46:01,PHMAA (111th FA BN),Less than 3 years,No,No ,No,,No,No,Yes,Undecided,I am happy at my current unit,No,Yes,New experiences ,N/A,Career plans in civilian side ,N/A,,,,,,,No,
2/6/2025 19:47:16,PHMAA (111th FA BN),Greater than 12 years,Yes,,Yes,,No,No,Yes,Undecided,I am happy at my current unit,I am happy in my current MOS,Yes,To serve my country ,Time management ,I’ve had enough ,"Better food, more M4 training",,,,,,,Yes,
2/6/2025 19:48:16,PHMAA (111th FA BN),Greater than 12 years,Yes,Yes,Yes,Certification ,No,Yes,Yes,Undecided,I am happy at my current unit,Yes,Yes,Health care ,Quality of soliders and resources ,The army national guard is a under funded and has been which limits our resources in the units the health care for retirement is outrageous.,Slow down the push for our training so the time allotted would allow NCOs to properly train the new and upcoming soliders ,,,,,,,Yes,
2/7/2025 0:05:31,X6SF3 (529th BN),Greater than 3 years but less than 6,No,No,No,,No,No,Yes,No,No,No,Yes,To boost my chances in the civilians world,It did not boost my chances in the civilian world,Being in the military has not given me the opportunities that I thought it would give me in the civilian world,Get us a new drone,,,,,,,No,
2/7/2025 6:11:35,PE1AA (229th Engineer),Less than 3 years,No,No,Yes,"Federal tuition assistance, I can’t login to army ignited",No,No,Yes,No,No,No,No,The tuition assistance ,The 3 days drills,I don’t see myself in the army in future ,I’m not sure ,,,,,,,No,
2/7/2025 6:36:21,V5KAA (29th DIV),Greater than 6 years but less than 12,Yes,No,Yes,Yes,No,Yes,Yes,No,No,No,Yes,Adventure,A real life job,Money and time,Authorize beards,,,,,,,Yes,
2/7/2025 6:44:26,PE1AA (229th Engineer),Less than 3 years,No,,Yes,Army ignited & state TA,No,No,Yes,Undecided,I am happy at my current unit,Yes,Yes,Education benefits ,Not much,"Want to continue my studies and at the same time, I feel like I want to do something based on my major.","Help my battle buddy, get everyone united etc...",,,,,,,No,
2/7/2025 8:30:53,UAXAA (224th Aviation),Less than 3 years,No,No,No,,No,No,Yes,Undecided,I am happy at my current unit,I am happy in my current MOS,Yes,The ability to serve and be station at one location rather than having to move around,Nothing yet,I’m happy with how this unit has treated me.,No more KP please,,,,,,,No,
2/7/2025 9:15:10,PHMAA (111th FA BN),Greater than 6 years but less than 12,Yes,,Yes,G.I Bill,Yes,No,No,No,No,No,No,MSO Reduction,Life goals,Army isn’t what I want to do anymore ,Be more organized and efficient ,,,,,,,Yes,Just feel expendable 
2/7/2025 9:20:13,UAXAA (224th Aviation),Greater than 12 years,Yes,,Yes,Go bill,No,No,No,No,No,No,No,Career akills,Doing the work of positions above me at multiple drills and AT’s and never getting the rank for the work ive done.  Given awards to prove that ive done the work but continually passed over for promotion.   ,With the life ive built outside of work it doesnt make sense to waste my time in a place im not valued.  ,Fix the promotion system.  ,,,,,,,Yes,Pass over on promotion 4 times in my 12 years in the guard
2/7/2025 10:08:48,P1XAA (276th EN),Greater than 12 years,Yes,No,Yes,Post 911 gi bull,Yes,No,Yes,Yes,Yes,Yes,Yes,Continuation of service until retirement ,Promotion,Deployment,More field training,,,,,,,Yes,N/A
2/7/2025 10:17:50,X6TAA (329th HHC),Greater than 6 years but less than 12,Yes,,Yes,State TA,No,No,Yes,Undecided,Yes,Yes,No,School,Lack of promotion opportunities ,There seemed to be a lack of opportunity for promotion ,Provide more opportunities for engagement ,,,,,,,No,I feel that my leadership lacks soilder care 
2/7/2025 10:31:55,PE1AA (229th Engineer),Greater than 6 years but less than 12,Yes,Na,No,,Yes,No,Yes,Yes,I am happy at my current unit,I am happy in my current MOS,Yes,To serve my country ,Not receiving tricare as a tech,To keep my job,Continuing solider care,,,,,,,Yes,
2/7/2025 10:34:43,UAXAA (224th Aviation),Greater than 3 years but less than 6,Yes,,No,,No,No,Yes,Yes,I am happy at my current unit,I am happy in my current MOS,Yes,Had the job I wanted,N/A,N/A,N/A,,,,,,,No,
2/7/2025 11:00:17,PE1AA (229th Engineer),Less than 3 years,No,,Yes,SLRP,No,No,Yes,No,No,No,No,Experience ,Poor leadership/ communication ,Looking to pursue my civilian career ,Change of leadership ,,,,,,,No,
2/7/2025 11:03:51,P1XAA (276th EN),Greater than 3 years but less than 6,No,No,Yes,Chapter 1606,No,No,Yes,Undecided,No,I am happy in my current MOS,Yes,Wanted to be a medic,Communication,I'm tired,If we're done with the tasks for the day let us go home,,,,,,,No,
2/7/2025 11:08:50,P1XAA (276th EN),Greater than 3 years but less than 6,Yes,No,No,,No,No,Yes,Undecided,I am happy at my current unit,I am happy in my current MOS,Yes,College and traveling ,N/a,N/a,N/a,,,,,,,No,
2/7/2025 11:26:22,P1XAA (276th EN),Less than 3 years,No,Not at the moment ,No,,No,No,Yes,Undecided,I am happy at my current unit,Yes,Yes,Experience ,Nothing,Opportunities,Different exercises with leadership and more involvement ,,,,,,,No,
2/7/2025 11:27:58,PE1AA (229th Engineer),Less than 3 years,No,,No,,No,No,Yes,Undecided,Yes,Yes,Yes,"Benefits, enlistment bonus, tuition assistance, service to country",Equipment that is crucial for my MOS to operate being taken away before a replacement is available/decided upon. ,"Interested: benefits, tuition/credentialing assistance, experiences and travel (activations, deployments) 

Not interested: time away from family (activations, deployments, training exercises), major changes in current MOS, schedule conflicts with civilian job. ",Unsure,,,,,,,No,
2/7/2025 11:38:04,P1XAA (276th EN),Greater than 3 years but less than 6,Yes,None,No,,No,No,Yes,Yes,Yes,Yes,Yes,SLRP,A lot of mobilizations,Pay and benefits are fair,Drill report time,,,,,,,Yes,
2/7/2025 11:48:27,P1XAA (276th EN),Greater than 3 years but less than 6,No,Mental health ,No,,No,No,Yes,No,No,No,No,Grabdfatger,My life and how I’m doing ,My enlistment is up so I’m done ,Group stuff that’s fun and not talk down to us ,,,,,,,No,Communication sucks I get no responses
2/7/2025 11:49:29,P1XAA (276th EN),Less than 3 years,No,No,Yes,Federal Tuition Assistance. No,No,No,Yes,Undecided,I am happy at my current unit,I am happy in my current MOS,Yes,Benefits ,N/A,I am interested in extending for the benefits and retirement. ,N/A,,,,,,,No,N/A
2/7/2025 11:50:27,P1XAA (276th EN),Less than 3 years,No,No ,No,,No,No,Yes,No,No,No,Yes,Something different to try out ,Nothing ,No major reasons ,Kinder people ,,,,,,,No,
2/7/2025 11:51:20,P1XAA (276th EN),Greater than 3 years but less than 6,No,Minor beneficiary ,No,,No,No,Yes,Yes,Yes,I am happy in my current MOS,Yes,I anted to see if this would be something I could do full time ,Having children ,I am not interested in reenlisting as M-day I don't like having to switch from civilian side to military. If I reenlist I would have to be guaranteed AGR or enlisting as Active Duty.,No changes !,,,,,,,No,
2/7/2025 12:00:09,PE1AA (229th Engineer),Greater than 12 years,Yes,Not at this time,Yes,Gi bill,Yes,Yes,Yes,No,No,No,Yes,Desire to serve my country ,The behavior of past leadership,A need to focus on my civilian life,A greater focus on soilders well being at home,,,,,,,Yes,
2/7/2025 12:06:11,P1XAA (276th EN),Greater than 6 years but less than 12,Yes,No,No,,Yes,No,Yes,Yes,I am happy at my current unit,I am happy in my current MOS,Yes,Benefits ,Nothing,I am interested ,None,,,,,,,Yes,
2/7/2025 12:10:03,P1XAA (276th EN),Greater than 12 years,Yes,Negative ,No,,No,Yes,Yes,No,I am happy at my current unit,I am happy in my current MOS,Yes,Benefits and not full-time ,Retirement ,Retirement,Nothing morale seems better than I have seen at many other units ,,,,,,,Yes,
2/7/2025 12:14:05,P1XAA (276th EN),Less than 3 years,Yes,I do not at this time.,No,,No,Yes,Yes,No,No,No,Yes,family,Medical ,Increased risk for injury,I have nothing at this time ,,,,,,,Yes,
2/7/2025 12:26:13,PHMAA (111th FA BN),Greater than 3 years but less than 6,No,No,No,,No,Yes,Yes,No,No,No,Yes,"



Inspired by my grandfather, college",Unlucky scheduling,Doesn’t align with my future goals,None,,,,,,,No,
2/7/2025 12:27:41,PHMAA (111th FA BN),Greater than 12 years,Yes,,Yes,,No,Yes,No,Undecided,Yes,I am happy in my current MOS,Yes,Freedom ,The unit…….. leadership….. etc,Because the unit moral is low ,"Provide valuable training, positive leadership and room for soldiers to grow.",,,,,,,Yes,
2/7/2025 12:32:14,PHMAA (111th FA BN),Less than 3 years,No,No,Yes,Army ignited. Haven’t gotten reimbursed,No,No,Yes,Undecided,Yes,Yes,Yes,Idk,Nothing so far,Want to go officer route,Isk,,,,,,,No,Na
2/7/2025 12:36:15,PE1AA (229th Engineer),Greater than 6 years but less than 12,Yes,No,Yes,State Tuiton Assistance and Montgomery G.I. Bill,Yes,Yes,Yes,Undecided,Yes,Yes,Yes,Education benefits and a legacy of family service,Things have been faily consistent throughout my military career. ,Mostly due to a very demanding civilian career that is where my primary interests lie for the future. ,More R&R events to show appreciation for work put in year in and year out. ,,,,,,,Yes,
2/7/2025 12:37:11,X6TAA (329th HHC),Greater than 3 years but less than 6,Yes,No.,No,,No,No,Yes,No,No,No,Yes,I wanted to gain experience to be a police officer on the outside.,Realizing how far I was from my unit. It is the only MP unit in VA. It isn’t necessarily my main deciding factor of getting out but it doesn’t help being slightly geographically isolated from the unit either.,I want to focus completely on my family.,Recreational functions that could maybe hosted outside of drill may help morale a lot through better opportunity for bonding through those recreational functions.,,,,,,,No,
2/7/2025 12:51:13,PE1AA (229th Engineer),Greater than 3 years but less than 6,No,No,No,,No,No,No,No,No,No,No,Money / experience ,Soldier care,New endeavors ,Promotions earned through effort,,,,,,,No,N/A
2/7/2025 12:57:33,PHMAA (111th FA BN),Greater than 12 years,Yes,No,No,,No,No,Yes,No,No,No,Yes,Wanted to,My age,Time to move on,N/a,,,,,,,Yes,
2/7/2025 12:59:10,PE1AA (229th Engineer),Less than 3 years,No,N/a,Yes,Gi bill ,No,No,Yes,Undecided,Yes,I am happy in my current MOS,Yes,School benefits ,Deployment ,Just want to get out ,Better appreciation ,,,,,,,No,
2/7/2025 13:03:51,PHMAA (111th FA BN),Greater than 3 years but less than 6,No,I don’t know ,No,,No,No,Yes,Undecided,I am happy at my current unit,I am happy in my current MOS,Yes,School,Nothing in particular ,I’m undecided ,More time between field drills at home station to be able to learn their own equipment as well as a more comprehensive understanding of what needs to be brought for the field and be more efficient. ,,,,,,,No,
2/7/2025 13:12:14,PHMAA (111th FA BN),Greater than 3 years but less than 6,No,,Yes,"Gi bill, tuition assistance. Problems utilizing federal aid benefits.",No,Yes,Yes,Undecided,No,Yes,Yes,Benefits ,N/A,Civilian obligations,Not sure,,,,,,,No,
2/7/2025 13:22:03,PHMAA (111th FA BN),Greater than 12 years,Yes,Not at this moment ,No,,No,Yes,Yes,Yes,I am happy at my current unit,Yes,Yes,State of economy and adventure ,Physical wear of body and no advancement.,I am interested ,"Accountability, hip pocket cross training, junior enlisted practice taken lead.",,,,,,,Yes,
2/7/2025 13:22:46,P1XAA (276th EN),Greater than 6 years but less than 12,Yes,No questions,No,,No,No,Yes,Yes,I am happy at my current unit,I am happy in my current MOS,Yes,"Had a buddy in the 229th before and he enjoyed it, I enlisted a year after him",Toxic leadership,I want to Reenlist,Established plans need to happen more often. Last minute changes are understandable but no plan is the worst,,,,,,,No,
2/7/2025 13:25:49,PHMAA (111th FA BN),Greater than 3 years but less than 6,No,,Yes,College,No,Yes,Yes,Undecided,I am happy at my current unit,I am happy in my current MOS,Yes,Help with college and get a good job and experience ,Na,I’m unsure with school and maybe a possible civillian job,Na,,,,,,,No,
2/7/2025 13:31:10,PHMAA (111th FA BN),Less than 3 years,No,N/A,Yes,"Tuition assistance, GI Bill",No,No,Yes,Undecided,No,No,Yes,Educational benefits ,Having to miss school for drill.,I want to focus on school,"More purposeful training, different classes. Interacting with other sections to train.",,,,,,,No,
2/7/2025 13:41:07,PHMAA (111th FA BN),Greater than 3 years but less than 6,Yes,,No,,No,No,Yes,Yes,I am happy at my current unit,I am happy in my current MOS,Yes,To provide for my family ,Some don’t see me as a leader when others do. In other words they won’t let me rank up,I like what I do and the people I work with,"At least for my platoon, more hands on training with mos and the ability to get the training needed in a timely manner ",,,,,,,No,
2/7/2025 13:48:29,PHMAA (111th FA BN),Greater than 3 years but less than 6,Yes,Na,Yes,Gi bill,No,Yes,Yes,No,Yes,Yes,No,I left active duty but still wanted some army ,The unit is bad ,I’m not extending or re-upping with the national guard ,Na,,,,,,,No,Na
2/7/2025 13:52:47,X6SF3 (529th BN),Greater than 3 years but less than 6,No,N/A,Yes,Montgomery ,No,No,Yes,No,No,No,Yes,Wanted to serve my country and do my part in exchange for the privilege to reside in this great nation. ,"I enjoy being an MP but, we do not do MP functions at the national guard level. ",I am wanting to focus on my civilian career and advance there. ,Do MP functions at a military base. ,,,,,,,No,
2/7/2025 13:52:52,X6SF3 (529th BN),Greater than 3 years but less than 6,No,No,Yes,State Tuition Assistance,No,No,Yes,No,No,No,Yes,"Benefits, Career Progression ",More responsibility and getting burnt out,I realized it’s just not for me.,Better communication,,,,,,,Yes,
2/7/2025 13:59:33,PE1AA (229th Engineer),Greater than 3 years but less than 6,Yes,,Yes,Army TA,No,Yes,No,No,No,No,No,Because I supported the US but realized people are selfish ,"End of Orders, demoted due to AWOL when on Parental Leave",Unit does not care about there soldiers like they said they do,Actually help soldiers rather than just talk.,,,,,,,No,If I got kicked out the Army.
2/7/2025 14:13:34,8FUAA (183rd RTI),Greater than 12 years,Yes,None,Yes,State and federal TA ,No,No,Yes,Yes,I am happy at my current unit,Yes,Yes,Service to nation after 9/11,None ,Want to continue my military service ,None ,,,,,,,Yes,
2/7/2025 14:15:35,P1XAA (276th EN),Greater than 3 years but less than 6,No,No,No,,No,No,No,No,No,No,No,Serve my state and country,"Common sense, lack of leadership skills, lack of communication and commitment to soldiers",Same as above,Full commitment and care of soldiers rather than saying it. Actions are better than words,,,,,,,Yes,"More valuable training, leadership, common sense"
2/7/2025 14:20:31,PHMAA (111th FA BN),Greater than 6 years but less than 12,No,No,Yes,"Post 9/11 GI Bill, No.",No,No,Yes,Yes,I am happy at my current unit,I am happy in my current MOS,Yes,Family Tradition (Military Service),N/A,N/A,No issues.,,,,,,,Yes,Not applicable. 
2/7/2025 14:23:26,P1XAA (276th EN),Greater than 12 years,Yes,No,Yes,Post 911,No,No,Yes,Yes,I am happy at my current unit,Yes,Yes,Prior Service,Nothing,I’m at year 18,Nothing,,,,,,,Yes,
2/7/2025 14:28:32,PHMAA (111th FA BN),Greater than 3 years but less than 6,No,,No,,No,No,Yes,No,No,No,Yes,"Money, School, Experience, Wanted to serve in some way.","Nothing, always planned to one and done.",One and done.,I'm happy with the unit. ,,,,,,,No,
2/7/2025 14:49:51,PHMAA (111th FA BN),Greater than 6 years but less than 12,Yes,,No,,No,No,No,Undecided,I am happy at my current unit,Yes,Yes,I got out of active duty from the Marine Corps and still wanted to serve. ,I belive the unit needs to get better tactically. ,"If Ican get my BLC constructive packet pushed up and preferably approved and then go warrant, I will sign for 3/4 year contract- Sgt Hicks HHB TAP",Better communication between Mday and AGR,,,,,,,Yes,
2/7/2025 15:08:33,X6TAA (329th HHC),Greater than 3 years but less than 6,Yes,No,No,,Yes,No,No,Undecided,I am happy at my current unit,Yes,Yes,Self betterment ,Leaders poor decisions ,I am interested is re enlisting because I would like to eventually become full time and retire ,I would find leaders who have lived the life of the enlisted under them and find officers who know what the job entails that they task there Joes with. And find leaders who are sympathetic to what situations there soldiers are in ,,,,,,,Yes,
2/7/2025 15:10:25,PE1AA (229th Engineer),Greater than 6 years but less than 12,Yes,,No,,No,No,Yes,Undecided,I am happy at my current unit,I am happy in my current MOS,Yes,Wanted to stay in after active duty ,Admin that kept me from transferring ,"I'm trying to get deployed, if I can get that I'll heavily consider reenlisting",More school opportunities,,,,,,,Yes,
2/7/2025 15:12:19,PE1AA (229th Engineer),Greater than 6 years but less than 12,Yes,,Yes,,No,Yes,No,Undecided,Yes,Yes,No,"School, and extended because of service",Lack of a reason to stay,I'm not interested because I feel like I'm simply wasting time instead spending it with friends and family,"Eliminate pay issue possibilities, and make best use of time",,,,,,,Yes,
2/7/2025 15:12:42,PE1AA (229th Engineer),Greater than 6 years but less than 12,Yes,No ,Yes,STA and FTA,No,No,Yes,No,No,No,Yes,I wanted to serve my country and acquire job experience.,The benefits offered by the guard aren’t worth it anymore. ,It is a smarter move for me to ETS vs remain in the Guard.,Better platoon level leadership and less restrictive training in my MOS.,,,,,,,Yes,
2/7/2025 15:12:50,PE1AA (229th Engineer),Less than 3 years,No,,Yes,"TA, no",No,No,Yes,Undecided,I am happy at my current unit,I am happy in my current MOS,Yes,Benefits ,N/A,I would like to lead a life with no further obligations to the Army.,More planning events ahead of time and pushing out mission critical information more in advance to go time. ,,,,,,,No,
2/7/2025 15:20:28,PE1AA (229th Engineer),Greater than 6 years but less than 12,Yes,,No,,No,No,Yes,Yes,Yes,Yes,Yes,Professional development and healthcare.,Inability to do my most (35N),I am only interested in transferring to the reserves. The Guard lacks infrastructure for what 35Ns need and it lacks a mission for 35Ns to improve in their skills. There's also a lack of schools outside of AIT related to our MOS. ,"1. Get a MOU/organizational level relationship with other units to give soldiers time doing actual missions. It doesn't have to be a full deployment, it could be advanced skills school, CONUS augmentation, split trainings, or information exchanges.

2. Stop pairing bn box check drills with mi training drills. ",,,,,,,Yes,
2/7/2025 15:21:15,P1XAA (276th EN),Greater than 12 years,Yes,No,Yes,Post 9/11,No,No,Yes,Yes,Yes,I am happy in my current MOS,Yes,Deployment ,Kuwait ,More money ,More deployments,,,,,,,Yes,
2/7/2025 15:29:23,PHMAA (111th FA BN),Greater than 12 years,Yes,Not planning on deploying. Only have 2 years left on contract.,Yes,GI bills. ,No,No,No,No,Yes,I am happy in my current MOS,No,Wanted to serve my Country. ,"Lack of resources (broken down trucks, limited and outdated equipment). Toxic leadership in the 111th.",See answer above. Also I have moved and current drive to drill in 3.5-4 hours. Unit does not allow lodging in kind since they reserve barracks at SMR which would add an additional 45 minutes to my drive.,Give them time to train on their MOS specific tasks instead of constantly PMCSing broken vehicles.,,,,,,,Yes,Leadership doesn't ask for input. CONOPs for drills are sent week of drill. Mentality is to just try to do everything because everything is a priority. Mo time to property train lower enlisted on MOS tasks dues to lack of resources and support (few AGRs so they are overwhelmed). Commander doesn't seem to care and just piles on more work even outside of drill weekends.
2/7/2025 15:41:30,PE1AA (229th Engineer),Greater than 3 years but less than 6,No,No,Yes,tuition assistance ,No,No,Yes,Yes,I am happy at my current unit,I am happy in my current MOS,Yes,School and other benefits,nothing negative,I am extending for further experience and benefits that will help me in the future,Nothing I know as of right now,,,,,,,No,
2/7/2025 16:05:30,PHMAA (111th FA BN),Greater than 12 years,Yes,,No,,Yes,Yes,No,Undecided,Yes,Yes,No,I wasn't going to start college courses and needed to find direction in my life at 18.,The difference in lower enlisted soldiers coming into units with a sense of entitlement when it comes to how they are addressed. The lack of Leadership and proper standards being upheld accross the unit.,"The 1-111th has been the bane of my existence since 2017. Pay issues, lack of discipline, lack of competent leadership on the M-day. It's culminating to a toxic environment where NCOs have no control and PLs are thrown into metaphorical dumpster fires to figure it out for themselves without proper support.",Proper working equipment and an AGR staff that can handle the payload thrown at them. It seems that things that could be alleviated on the active side aren't due to lack of abilities and limits on staffing.,,,,,,,Yes,"When NCOs bring up significant issues that effect the readiness of the unit, the issues should be alleviated in a timely manner and have COAs attached as to how they will be taken on."
2/7/2025 16:34:00,ZGEAA (429th BN),Greater than 6 years but less than 12,No,,Yes,,Yes,No,Yes,No,No,No,Yes,Pay for school ,The lack of passion and support for lower enlisted soldiers ,Need something new/different ,Better communication ,,,,,,,No,
2/7/2025 16:34:00,ZGEAA (429th BN),Greater than 3 years but less than 6,Yes,No,No,,No,No,No,Undecided,Yes,I am happy in my current MOS,Yes,I come from a military background and wanted to also use the benefits ,My motivation ,Only reason why I would not be interested is because of my health ,Work harder and put more effort into learning my mos,,,,,,,No,
2/7/2025 16:42:23,ZGEAA (429th BN),Greater than 6 years but less than 12,Yes,No,Yes,I used VA tuition Assistance ,No,No,Yes,Yes,I am happy at my current unit,I am happy in my current MOS,Yes,School and resources that can be used outside the national guard,No,I am extending for potential security clearance and schooling,Team work Accountability Dedication to one’s self,,,,,,,No,
2/7/2025 16:42:31,ZGEAA (429th BN),Greater than 6 years but less than 12,Yes,No,Yes,I used VA tuition Assistance ,No,No,Yes,Yes,I am happy at my current unit,I am happy in my current MOS,Yes,School and resources that can be used outside the national guard,No,I am extending for potential security clearance and schooling,Team work Accountability Dedication to one’s self,,,,,,,No,
2/7/2025 16:43:22,ZGEAA (429th BN),Less than 3 years,No,No,Yes,TA,No,Yes,Yes,Yes,Yes,Yes,Yes,To serve and protect ,N/A,N/A,All ready NCO should take account of their soldiers.,,,,,,,No,
2/7/2025 17:28:35,PE1AA (229th Engineer),Less than 3 years,No,No,Yes,Gi bill,No,No,Yes,Yes,Yes,Yes,Yes,Life,Unnecessary work,N/a,No having us stay to eat food they cooked so late in the day ,,,,,,,No,
2/7/2025 17:31:06,PHMAA (111th FA BN),Less than 3 years,No,No,Yes,No issues,No,Yes,No,No,No,No,No,Desire to serve,Desire to start a family and not spend time away from them. ,My spouse and I want to start our family.,Stop wasting soldiers time. Make a realistic timeline and stick to it. Utilize hip pocket training when unexpected hiccups occur in the plan. ,,,,,,,No,Stop interrupting people when they’re talking
2/7/2025 17:51:29,PHMAA (111th FA BN),Greater than 12 years,Yes,Would like an early warning to prep my civilian contractor job and set a theater/mission specific training regiment for my soldiers. ,Yes,State and federal TA with GI bill. No major issues.,No,No,Yes,Yes,I am happy at my current unit,I am happy in my current MOS,Yes,To be a part of the Army mission.,"Poor deployment staffing that led to over 6 months of no days off, which could have been easily mitigated at the O3 level.",Will extend until I have reached 20 years in service.,"OP orders for every event sent out to every soldier at least a week prior to training, fragos after needed changes of course would be appropriate. Greatly limit non MOS specific training with the exception of marksmanship and basic soldiering skills. If not invasive to important training, conduct classes on the big army picture and army directives that should point soldiers in the right direction to training for the mission not checks in boxes. ",,,,,,,Yes,
2/7/2025 18:01:11,PHMAA (111th FA BN),Greater than 3 years but less than 6,No,,Yes,"Federal TA, no",No,No,No,No,No,No,No,School,Disorganized unit,The combination of civilian life and having to drop everything to do a 4 day drill is something I would rather not do for years. I would rather not deploy with this unit as well ,"Becoming less disorganized, valuing lower enlisted & treating them better. Stop promoting people who aren’t suited to fit the position. Be better with accommodating soldiers with their civilian life.",,,,,,,No,"I’m lower enlisted, only follow orders "
2/7/2025 18:16:25,UAXAA (224th Aviation),Greater than 3 years but less than 6,Yes,,No,,No,Yes,Yes,No,No,No,Yes,Experience ,Mandatory vaccinations,I want the freedom to do as I please ,Higher quality food at dining facilities ,,,,,,,No,
2/7/2025 18:55:07,PE1AA (229th Engineer),Less than 3 years,No,,Yes,Army ignited ,No,Yes,Yes,Yes,Yes,I am happy in my current MOS,Yes,Educational benefits,Not much,Wanting to go to the cyber brigade and air assault school and make the most of my opportunity.,Think positive about everything you do and encourage yourself to become batter for those around you more than on yourself.,,,,,,,No,
2/7/2025 19:22:37,PHMAA (111th FA BN),Greater than 3 years but less than 6,Yes,,No,,No,No,Yes,Undecided,Yes,Yes,Yes,Life ,This unit ,Because this unit has so many problems with everything not just one thing. ,Let things make sense and if your AGR SGTs have a solution don’t shut them down. It’s an inconvenience for us Mday soldiers ,,,,,,,Yes,
2/7/2025 19:24:35,PE1AA (229th Engineer),Greater than 6 years but less than 12,Yes,No,Yes,GI bill,No,No,Yes,Yes,I am happy at my current unit,Yes,Yes,Military family ,N/a,I enjoy the job,N/a,,,,,,,Yes,N/a
2/7/2025 20:10:22,PHPAA (1-116th INF BN),Greater than 3 years but less than 6,Yes,,No,,No,No,Yes,No,No,No,Yes,Childhood dream. Wanted combat deployment ,People deployed with left,I have a different career I want to chase instead of military ,Better preparation before leaving home station ,,,,,,,No,
2/7/2025 20:23:11,ZGEAA (429th BN),Greater than 3 years but less than 6,No,,No,,No,No,Yes,Undecided,I am happy at my current unit,Yes,Yes,Student loan repayment and military school,Assholes,Undecided ,Not taking in every asshole off the street,,,,,,,No,
2/7/2025 21:24:56,ZGEAA (429th BN),Greater than 6 years but less than 12,No,N/A,Yes,"GI Bill, Federal TA, State TA. State TA requires two years left on contract and that causes issues",No,No,No,No,I am happy at my current unit,Yes,Yes,Educational Benefits,I reinlisted to reclass and still was denied a reclass school and there are no more available ,Soldier care.,Not reinlist,,,,,,,No,N/A
2/7/2025 23:47:55,PHMAA (111th FA BN),Greater than 6 years but less than 12,Yes,No,No,,No,No,No,No,Yes,Yes,No,Insurance ,Working conditions with little or no food,The unit doesn’t care,Maybe not doing table V at 0001 after we’ve been up all day,,,,,,,Yes,
2/8/2025 8:16:33,PHMAA (111th FA BN),Greater than 3 years but less than 6,Yes,Yes- mental preparation ,No,,No,No,Yes,Yes,Yes,Yes,No,Quality of life,"Leadership, personal reasons ",Life,Not sure,,,,,,,No,I’m just another soldier. Just AGR now.
2/8/2025 8:44:26,XA3AA (1-116th 3rd BN),Greater than 12 years,Yes,N/A,Yes,Federal and State TA,No,No,Yes,No,I am happy at my current unit,I am happy in my current MOS,Yes,9/11,N/A - Retiring,Retiring,Less OP Tempo over AT - 3 and 4 week ATs are killing the Guard. ,,,,,,,Yes,
2/8/2025 8:47:01,UAXAA (224th Aviation),Greater than 3 years but less than 6,No,No. Ready,No,,Yes,No,Yes,Yes,Yes,Yes,Yes,A right choice ,Injury ,Love the job and people ,More training and respect ,,,,,,,No,
2/8/2025 8:59:48,XA3AA (1-116th 3rd BN),Greater than 6 years but less than 12,Yes,,Yes,tuition assistance through armyignited to obtain bachelors degree and currently using it for graduate degree.  ,No,Yes,Yes,Yes,Yes,Yes,Yes,I realized the air guard wasn’t gonna be my thing. ,The forced DEI acts. ,I want to stay in. Until they kicked me out or I die. My mental health would be trash if I got out. ,This unit compared to my last (1-116 HHC) has put soldiers first in all aspects. Preach and follow through with soldier care. ,,,,,,,Yes,
2/8/2025 9:01:17,XA3AA (1-116th 3rd BN),Greater than 6 years but less than 12,Yes,No,No,,Yes,Yes,Yes,No,No,No,Yes,Urge to serve,Doing things that make no sense. ,Done with the pointlessness. ,I have no idea. ,,,,,,,Yes,
2/8/2025 9:01:48,XA3AA (1-116th 3rd BN),Greater than 12 years,Yes,No,Yes,"FTA, GI Bills",No,No,Yes,No,No,No,Yes,College funds,Injuries ,Retirement ,Get rid of MUTA5,,,,,,,Yes,
2/8/2025 9:02:40,XA3AA (1-116th 3rd BN),Less than 3 years,No,N/A,No,,No,No,Yes,Yes,I am happy at my current unit,Yes,Yes,For the experience ,N\A,N/A,Nothing ,,,,,,,No,
2/8/2025 9:02:58,PHMAA (111th FA BN),Greater than 6 years but less than 12,Yes,N/A,No,No one can tell me who the education officer is for TA approval. ,No,No,No,Undecided,Yes,Yes,Yes,School,"Lack of unit planning, leadership, and logistics ",Re-enlisting to go somewhere else,"Prioritize pay issues, have a plan for FOOD and WATER each drill",,,,,,,Yes,
2/8/2025 9:10:55,XA3AA (1-116th 3rd BN),Greater than 12 years,Yes,N/a,No,N/a,No,Yes,Yes,Undecided,Yes,Yes,Yes,9/11 patriotism,Current state of administration and the politicization of the military that may pressure me to follow orders that I wouldn't morally agree with,"The only reason for me would be to get retirement benefits, and the current administration's project 2025 plans seem to threaten a lot of that","Limit drill to only 2 days per month, MUTA 4, and limit AT to only 2 weeks per summer. The constant 3-4 weeks of added time in the summer and MUTA 5-8 are not what anyone signed up for, it feels like an overreach that contractually obligated service members have no say in",,,,,,,Yes,N/a
2/8/2025 9:11:08,XA3AA (1-116th 3rd BN),Greater than 6 years but less than 12,Yes,,Yes,State Tuition ,No,No,Yes,Undecided,I am happy at my current unit,No,Yes,Serve ,How stupid they make drill ,Deployments every freaking few years ,Nothing ,,,,,,,Yes,
2/8/2025 9:11:17,XA3AA (1-116th 3rd BN),Less than 3 years,No,no,No,,No,Yes,Yes,Undecided,I am happy at my current unit,I am happy in my current MOS,Yes,benefits ,nothing ,N/A,N/A,,,,,,,No,
2/8/2025 9:11:30,XA3AA (1-116th 3rd BN),Greater than 12 years,Yes,,Yes,Fed Tuition Assistance,No,Yes,Yes,Yes,No,No,Yes,September 11th,Family situation changed. No longer a solo decision based on my personal military goals.,Any re-enlistment for me would be after 20 yrs. Solely based on family situation as to how long I will stay in.,More predictable requirements when planning long-term training events. Administrative requirements should be limited to Home Station drills and not impact field training. We often get FRAGOs that require us to pull Soldiers away from field training to complete last minute admin tasters. This impacts our ability to train and validate squads and platoons in the months leading up to events like XCTC or JRTC.,,,,,,,Yes,
2/8/2025 9:15:15,XA3AA (1-116th 3rd BN),Greater than 12 years,Yes,,Yes,"GI Bill, TA",No,No,Yes,Yes,I am happy at my current unit,I am happy in my current MOS,Yes,Education Benefits,Daunting OPTEMPO; too many things at once; not taking time to be good at the basics,Retirement,"Develop plans and training for National Guard service to complement civilian career advancements; sticking to plans without distractors; prioritizing what is and what is not important- we can’t do everything; NCO career development paths (currently nonexistent- no predictability on future assignments or outlined plans on how to get there); outfit readiness centers with workstations for leadership to complete their required admin duties without having to use personal devices; improve quality of life in facilities that are consistently without heat/air, hot water, inadequate/antiquated furniture and technology in offices/meeting rooms/etc; community engagement (home town guard)",,,,,,,Yes,
2/8/2025 9:15:51,XA3AA (1-116th 3rd BN),Greater than 12 years,Yes,Yes ,No,,Yes,Yes,Yes,Undecided,Yes,Yes,No,Personal reasons ,Unrealistic training schedules. I have been in over 18 years and have yet to see a two week annual training that is advertised through recruitment ,Too much work is put on the soldiers in a drill week and it is exhausting them when they are expected to return to their civilian employment the day after drill and the units are very rarely released at a reasonable time for travel on Sundays ,More competent leadership,,,,,,,Yes,Too many task are put out with an unrealistic schedule 
2/8/2025 9:24:20,XA3AA (1-116th 3rd BN),Greater than 12 years,Yes,No,No,,No,Yes,No,Undecided,I am happy at my current unit,Yes,Yes,Didn’t think it would be a hot mess,"Little or no assistance with transition from marines 
Loss of records 
Development schools needed for promotion never addressed 
Pay issues/ bonus never received ","Little or no assistance with transition from marines 
Loss of records 
Development schools needed for promotion never addressed 
Pay issues/ bonus never received ","More funding 
Better MOS related training ",,,,,,,Yes,
2/8/2025 9:25:40,XA3AA (1-116th 3rd BN),Less than 3 years,No,,No,,No,No,No,Undecided,Yes,Yes,No,Benefits,Leadership,-,-,,,,,,,No,
2/8/2025 9:28:48,XA3AA (1-116th 3rd BN),Greater than 12 years,Yes,No,Yes,Post 9/11 GI BILL,Yes,Yes,No,No,Yes,Yes,No,Education benefits,Incompetence at all levels/people not doing their jobs,"See above answer. Additionally, MUTA weekends of 6 and above cutting into civilian work",The higher ups not keeping soldiers longer than they need to and unnecessary MUTA 6+ drill weekends,,,,,,,Yes,"Micro-managed, not empowered to do our jobs as NCOs"
2/8/2025 9:30:10,XA3AA (1-116th 3rd BN),Greater than 6 years but less than 12,Yes,,Yes,Tuition assistance ,No,Yes,No,No,No,No,No,Resume development ,"Time, soldier care",Time constraint ,Get out ,,,,,,,Yes,
2/8/2025 9:30:19,XA3AA (1-116th 3rd BN),Greater than 12 years,Yes,,No,,No,No,Yes,No,No,No,Yes,Irrelevant ,Time,Ni,Listen to them,,,,,,,Yes,
2/8/2025 9:30:38,XA3AA (1-116th 3rd BN),Greater than 12 years,Yes,N/A,No,,No,Yes,Yes,Yes,I am happy at my current unit,Yes,Yes,Civilian soldier mindset ,Wokeness,Close to retirement why would I leave ,Place soldier time first,,,,,,,Yes,
2/8/2025 9:31:15,XA3AA (1-116th 3rd BN),Greater than 12 years,Yes,No,Yes,SLRP,No,No,Yes,Yes,I am happy at my current unit,I am happy in my current MOS,Yes,Want to serve,N/A,16/20 years complete,Continue to provide good and quality training for the Soldiers. Removing the mundane tasks would be helpful.,,,,,,,Yes,
2/8/2025 9:37:04,XA3AA (1-116th 3rd BN),Greater than 6 years but less than 12,No,,Yes,State TA,No,No,Yes,No,No,No,Yes,"Initially planned on active duty, decided in part time commitment",More demanding civilian employment with what I feel like is a better purpose,Current Leo and I enjoy that more than military,None,,,,,,,No,
2/8/2025 9:37:05,PHPAA (1-116th INF BN),Greater than 12 years,Yes,Yes. ,Yes,State Tuition Assistance. SLRP,No,Yes,Yes,Undecided,I am happy at my current unit,Yes,Yes,Opportunity and pay for school,MOS choice ,I want to rebranch ,Better training opportunities and fix pay and bonus issues. ,,,,,,,Yes,
2/8/2025 9:40:04,XA3AA (1-116th 3rd BN),Greater than 6 years but less than 12,Yes,No,Yes,State tuition with no issues,No,No,Yes,Undecided,I am happy at my current unit,Yes,Yes,Wanting to serve country and community ,How hard it is to actually do something,Seeing how the training year goes and re-evaluating ,Not sure,,,,,,,No,
2/8/2025 9:43:10,XA3AA (1-116th 3rd BN),Greater than 6 years but less than 12,Yes,No,No,,No,No,Yes,Yes,Yes,Yes,Yes,Service to country. ,Nothing,Benefits,Nothing,,,,,,,Yes,
2/8/2025 9:44:18,XA3AA (1-116th 3rd BN),Greater than 6 years but less than 12,Yes,N/a,Yes,State tuition assistance ,No,Yes,Yes,No,No,No,Yes,Duty ,Women in the infantry ,"The Virginia national guard has increasingly become a less serious organization where standards are consistently not upheld. Discipline within the ranks has collapsed, and the termination of physical punishment has exacerbated this issue.  Many times there will be zero consequences for soldiers who fail to maintain the standard.  The standard meaning attending drill, passing the ACFT, and general MOS competence. These issues combined drain the motivated solider of any desire to continue to serve.  A secondary issue would be the overuse of the national guard.  Many soldiers were promised the time commitment of a weekend a month, and two weeks in the summer.  After an extended period within the National Guard including a deployment, I have yet to ever enjoy the training schedule that was promised to me. It is difficult to age, develop a career, earn a living, and live a life, when the national guard continues to increase its time commitment. There are those who wish to continue to serve, but serving more than a month per year proves difficult. It is difficult to explain to one’s employer that they will be missing work for annual trainings that last 4 weeks.  ","Uphold the standard, lower the time commitment to what was promised. ",,,,,,,No,
2/8/2025 9:46:25,XA3AA (1-116th 3rd BN),Greater than 12 years,Yes,No,No,,No,No,Yes,Yes,I am happy at my current unit,I am happy in my current MOS,Yes,I was looking for an opportunity to serve my community and get unique training not afforded to elsewhere.,Nothing,I will be re-enlisting,Nothing,,,,,,,Yes,
2/8/2025 9:47:13,XA3AA (1-116th 3rd BN),Greater than 12 years,Yes,,Yes,Tuition Assistance/ G.I. Bill,No,Yes,Yes,Undecided,I am happy at my current unit,I am happy in my current MOS,Yes,Always wanted to be a Soldier ,To much to write ,"Without selling the farm, AGR movement is terrible. ",Get back to taking care of the rank and file. When the lowest person in the ranks can see what's going on you know there is an issue. ,,,,,,,Yes,
2/8/2025 9:50:30,XA3AA (1-116th 3rd BN),Less than 3 years,No,,No,,No,No,No,No,Yes,No,No,I wanted to serve my country,Lack of concern for enlisted development and needs. ,I have not had the chance to serve my country in a meaningful way. ,Make training schedule more rational. Use people's time more effectively. ,,,,,,,No,I have skills not being exploited.
2/8/2025 9:52:15,XA3AA (1-116th 3rd BN),Greater than 12 years,Yes,No,No,,No,Yes,Yes,Yes,No,Yes,Yes,Family,Upper level command disconnect,Retirement ,Increase training tempo in the field to decrease excessive down time.,,,,,,,Yes,
2/8/2025 9:53:39,XA3AA (1-116th 3rd BN),Greater than 3 years but less than 6,Yes,no,No,,No,No,Yes,Undecided,I am happy at my current unit,I am happy in my current MOS,Yes,To be in the infantry ,nothing ,undecided ,n/a,,,,,,,No,
2/8/2025 9:57:39,XA3AA (1-116th 3rd BN),Greater than 6 years but less than 12,Yes,No,Yes,"Gi. Bill, active duty TA",No,No,Yes,No,No,No,Yes,Signing bonus,Terrible pay for the mental and physical stress you are asked to endure.,"Breaking it down analytically, I would make $700k less by the time I'm 80 than working civilian side. This includes factoring in retirement, Va Disability and extra pays that I make in the army. ",Better pay,,,,,,,Yes,
2/8/2025 10:01:04,XA3AA (1-116th 3rd BN),Greater than 6 years but less than 12,Yes,,No,,No,No,Yes,Undecided,Yes,Yes,Yes,Benefits ,Nothing,Benefits,More fun training,,,,,,,Yes,
2/8/2025 10:07:31,V6VAA (1-116th),Greater than 3 years but less than 6,Yes,No,Yes,G.I. Bill and Va state benefits. I had to get a congressmen to contact the guard to fix my paperwork. That process took 6 months. ,No,Yes,No,No,No,No,Yes,Benefits and work experience ,Lack of quality leadership. ,"I have a job, a house, health insurance, and I’m happy in my civilian life. ",Find a true purpose for each solider and make them feel like they are an asset to the Army National Guard. ,,,,,,,No,
2/8/2025 10:08:07,XA3AA (1-116th 3rd BN),Greater than 12 years,Yes,"Yes. I am concerned with the gross incompetence in this organization through the brigade level. I am concerned for the solider welfare that is highly impacted in a negative manner due to the lack of planning, information sharing, and adherence to policy within this organization. I have concerns for how my family will be impacted. ",Yes,GI Bill,No,Yes,No,No,Yes,No,No,To get school funding and with the hope of serving the mission and being able to help change the org for the better. ,"Everything previously mentioned. 
Terrible leadership 
Disregard for policy and regulations including complete disregard for the anti deficiency act by expecting people to work for free and when not on orders. This puts the command team and the soldier at risk. 
Inability to plan
Increase of drill periods and required guard time
A variety of other issues like poor funding so that proper equipment isn’t provided, etc. ",I’m considering extending but solely because I have “come to far” and may as well stay for retirement. The guard has nothing of value to give me. Tepe and other retention and recruiters cannot offer anything of value. Typically my opinions and concerns are written off as irrelevant because I extend. We need to pave the way for the future gen soldiers. Asking someone their thoughts on extension when they are 90 days out of ETS and it is too late is fruitless. ,See answers above. ,,,,,,,Yes,"The increased utilization of all unit leaders to conduct training and planning. There is gross micromanagement across this unit. I serve no purpose and provide no value add since none of my, or senior NCO’s, or officer feedback is incorporated. 

Battalion is absolutely abysmal at putting out guidance in a timely manner and properly planning and executing mission and training requirements in a way that best or even acceptably takes into account cost, schedule, performance and resourcing. 

This entire unit and the national guard  is an exceptional candidate for DOGE to abolish. If this was a private industry company, it would have gone out of business a decade ago. "
2/8/2025 10:08:35,XA3AA (1-116th 3rd BN),Greater than 6 years but less than 12,Yes,A 9 month deployment seems sufficient. A deployment of greater than 12 months—for a national guard unit when we are not in an active full-scale war— seems unnecessary. ,Yes,TA,No,No,Yes,Yes,I am happy at my current unit,I am happy in my current MOS,Yes,Was interested in serving and they helped pay for school.,Two years ago the OP tempo was ridiculous and unnecessary. Over 50 MUTAs was not what people signed up for at all. Bit at the same time there are so many admin tasks to knock out that a full-length cycle of individual and and team/squad tasks makes sense.  There’s more to it than just the field time.  Field time gets taken away to deal with admin tasks and annual tasks all the time.,The op tempo has slowed down to a more reasonable level. ,"PHA was a disaster for two years in a row because the contractors are TERRIBLY slow.  Complete dysfunction on display wasting everyone’s time for a whole weekend.  Everyone is still playing catch-up from that cataclysm of an event.  Those contractors are unacceptable.   The Guard should pay any amount of money to get the old contractors (from several years ago) back because the new ones have poisoned folks against the Guard in general, and they have left us playing catch-up up for months and months to make up for lost time. 

Take better care of facilities.  Stop putting too many different tasks in one weekend.  If there’s too many tasks in a weekend, the nature of the guard is that the lowest-level Soldiers are pulled in three different directions and team leaders never see their people.  Less annual tasks.  More focus on the things we actually do like chainsaws and riot control. ",,,,,,,Yes,
2/8/2025 10:13:17,V6VAA (1-116th),Greater than 6 years but less than 12,No,,Yes,"State TA, no",No,No,No,Undecided,Yes,Yes,No,Money for school ,Career changes and life changes,"Considering career switching, it if doesn’t go accordingly it will affect my decision",1 on 1 conversations with soldiers for professional development ,,,,,,,Yes,
2/8/2025 10:14:33,XA3AA (1-116th 3rd BN),Greater than 3 years but less than 6,No,,Yes,Gi ,No,Yes,No,No,Yes,Yes,Yes,Patriotism ,Moral,Effecting my job,Caring for soldiers ,,,,,,,No,
2/8/2025 10:17:29,V6VAA (1-116th),Greater than 12 years,Yes,,No,,No,No,No,Yes,Yes,Yes,No,Service to my country. ,Lack of involvement from my leadership. ,I love what the army represents and want to earn the privilege to continue wearing the uniform. ,Leadership talking a more invested interest in their troops and provide mentorship or professional development. ,,,,,,,Yes,An initial counseling statement or at least a one on one with my rater or senior rater. 
2/8/2025 10:20:28,V6VAA (1-116th),Greater than 12 years,Yes,Not applicable,No,,No,No,Yes,Yes,I am happy at my current unit,I am happy in my current MOS,Yes,9/11,If it becomes incompatible with job or family,I am in the position that I want,No changes—keep AT in the Summers for the sake of students & faculty members,,,,,,,Yes,
2/8/2025 10:21:51,V6VAA (1-116th),Greater than 6 years but less than 12,Yes,,No,,No,Yes,Yes,No,No,No,Yes,College,Family life,"Want to focus on my family, Had multiple pay issues that previous leadership in other units did not seem to care about, was threatened to be kicked out because of my beliefs while requesting covid vaccine exemption.",breaking up mdmp with other soldiers tasks,,,,,,,No,
2/8/2025 10:22:27,V6VAA (1-116th),Greater than 3 years but less than 6,No,BAH,Yes,State TA,No,Yes,Yes,Yes,Yes,Yes,Yes,Education ,Toxic leadership ,I want to go active ,Better leadership,,,,,,,No,
2/8/2025 10:31:42,XA3AA (1-116th 3rd BN),Greater than 6 years but less than 12,Yes,,No,,No,No,Yes,Yes,I am happy at my current unit,I am happy in my current MOS,Yes,I wanted to serve and the tricare,Nothing,NA,Na,,,,,,,Yes,
2/8/2025 10:34:07,XA3AA (1-116th 3rd BN),Greater than 6 years but less than 12,Yes,No,Yes,,No,No,Yes,Undecided,I am happy at my current unit,Yes,Yes,Duty and Experience ,Just unsure staying in,N/A,N/A,,,,,,,No,
2/8/2025 10:35:46,XA3AA (1-116th 3rd BN),Greater than 3 years but less than 6,Yes,not deploying,Yes,post 9/11,No,No,Yes,No,I am happy at my current unit,I am happy in my current MOS,Yes,college,time commitment ,i have a life outside the military ,na,,,,,,,No,
2/8/2025 10:37:10,XA3AA (1-116th 3rd BN),Greater than 3 years but less than 6,Yes,,Yes,Gi bill,No,No,Yes,Undecided,I am happy at my current unit,I am happy in my current MOS,Yes,"Time of need, education ",Not sure,Not sure,Not sure,,,,,,,No,
2/8/2025 10:37:22,XA3AA (1-116th 3rd BN),Less than 3 years,No,N/A,Yes,GI Bill,No,Yes,Yes,Undecided,Yes,Yes,Yes,Financial Aid ,Nothing ,Undecided,N/A,,,,,,,No,
2/8/2025 10:38:57,XA3AA (1-116th 3rd BN),Greater than 6 years but less than 12,Yes,No,No,,No,No,Yes,Undecided,I am happy at my current unit,Yes,No,I thought it was gonna be a lot different ,Slow promotions and lack of care towards helping towards said promotion,I’ll only re enlist if I get promoted in the current unit,Moral isn’t bad right now ,,,,,,,Yes,"I have been with the unit for forever, know more than most E-5’s I have been stuck at E-4 and have been trying to get promoted for a LONG time. Getting sick of waiting and wont re-enlist unless I pick up "
2/8/2025 10:40:10,XA3AA (1-116th 3rd BN),Greater than 3 years but less than 6,Yes,,Yes,Post 9/11 GI Bill,No,No,Yes,No,No,No,Yes,Not sure,Not my career choice,I don’t see this as a career,More team cohesion ,,,,,,,No,
2/8/2025 10:40:23,XA3AA (1-116th 3rd BN),Greater than 6 years but less than 12,Yes,,No,,Yes,No,Yes,Yes,Yes,Yes,Yes,To serve ,Nothing ,I like it,Unit party ,,,,,,,Yes,
2/8/2025 10:40:41,XA3AA (1-116th 3rd BN),Greater than 6 years but less than 12,Yes,No I do not want to deploy,Yes,Ignite,No,No,No,Undecided,Yes,Yes,No,College and patriotism ,Leadership has changed and location ,I don’t not want to be under my current leadership or be 11b,"The way information is given, how leadership responds to comments “stop complaining”  don’t give challenge coins to people only when they reenlist, give them to accomplishments, ",,,,,,,Yes,I feel valued among piers but not leadership 
2/8/2025 10:41:53,XA3AA (1-116th 3rd BN),Greater than 6 years but less than 12,Yes,,Yes,Federal tuition assistance,No,Yes,Yes,Yes,I am happy at my current unit,I am happy in my current MOS,Yes,Ambition,N/A,Goal of retirement,More battle drills,,,,,,,Yes,
2/8/2025 10:42:00,V6VAA (1-116th),Greater than 12 years,Yes,N/A,Yes,GI Bill,No,No,Yes,Yes,Yes,Yes,Yes,School,N/A,N/A,Recognized them,,,,,,,Yes,
2/8/2025 10:44:35,X58AA (183rd CAV),Greater than 12 years,Yes,,No,,No,No,Yes,No,No,No,Yes,Wanted to continue my military career ,I have been in for 20 years,My time is up,None,,,,,,,No,
2/8/2025 10:45:24,XA3AA (1-116th 3rd BN),Greater than 6 years but less than 12,Yes,,Yes,Credentialing assistance ,No,No,Yes,Yes,I am happy at my current unit,Yes,Yes,Maintaining tricare,Nothing,I plan on extending ,Leadership needs to stop separating themselves from lower enlisted and start convoying with the troops,,,,,,,No,
2/8/2025 10:46:26,V5KAA (29th DIV),Greater than 3 years but less than 6,Yes,NO,No,,No,No,No,Yes,I am happy at my current unit,I am happy in my current MOS,Yes,Benefits ,Nothing ,Nothing ,Money ,,,,,,,Yes,
2/8/2025 10:49:50,XA3AA (1-116th 3rd BN),Greater than 3 years but less than 6,No,No,No,,No,No,Yes,No,No,No,Yes,Transferring from active ,Nothing,Not interested,Going home if close during drill,,,,,,,Yes,
2/8/2025 10:50:20,XA3AA (1-116th 3rd BN),Greater than 6 years but less than 12,No,No,Yes,TA ,No,No,Yes,No,No,No,Yes,"Benefits, at the time",Health issues. Higher civilian pay,Health issues. ,None,,,,,,,Yes,
2/8/2025 10:54:23,X58AA (183rd CAV),Greater than 6 years but less than 12,Yes,No,No,,Yes,No,Yes,Yes,No,Yes,Yes,Insurance,Disbanding of the CAV,"I’m still interested in staying in the Guard if I can get into the MFRC. Otherwise, I have no other interest.","Care down, not up.",,,,,,,Yes,
2/8/2025 10:56:16,XA3AA (1-116th 3rd BN),Greater than 6 years but less than 12,No,No,Yes,Post 9-11 GI BILL,No,Yes,Yes,No,No,No,Yes,The enlistment bonus,Not receiving my bonus ,3 years into a 6 year contract and have not received my enlistment bonus ,Receiving the bonus ,,,,,,,No,
2/8/2025 10:57:51,PHPAA (1-116th INF BN),Greater than 6 years but less than 12,Yes,,No,,No,No,Yes,Undecided,I am happy at my current unit,I am happy in my current MOS,Yes,Prior active duty,Poor leadership in prior unit,Undecided,Nothing,,,,,,,Yes,
2/8/2025 11:01:26,V6VAA (1-116th),Greater than 12 years,Yes,No,Yes,TA and Post 9/11,No,No,No,Undecided,Yes,Yes,No,Tricare,Leadership has continually become more focused on MDMP every year. Same handful of soldiers are tasked to do everything while officers do nothing but sit in MDMP every drill,Brigade senior leadership has no concept of anything outside of constant MDMP training every drill. ,Get them opportunities to do something besides setup and tear down tents or draw overlays for officers every drill. ,,,,,,,Yes,Actual equipment and training needed to do the job
2/8/2025 11:02:49,X58AA (183rd CAV),Greater than 12 years,Yes,,No,Army ignited,No,Yes,Yes,Yes,Yes,Yes,No,Money,Leadership ,I will extend.,Doing team events,,,,,,,Yes,Quit canceling my schools
2/8/2025 11:05:21,X58AA (183rd CAV),Less than 3 years,No,,No,,No,No,Yes,Undecided,I am happy at my current unit,I am happy in my current MOS,Yes,"I've always wanted to serve, and I'm a Virginian ",My MOS going away pretty bad. ,"I'm going to stay in, I'm just annoyed my mos got deleted ",Keep the Cav,,,,,,,No,
2/8/2025 11:05:49,XA3AA (1-116th 3rd BN),Less than 3 years,Yes,No,Yes,Tuition Assistance,No,No,Yes,Undecided,I am happy at my current unit,No,Yes,college and sign on bonus ,Nothing,Changes,None,,,,,,,Yes,
2/8/2025 11:10:31,X58AA (183rd CAV),Greater than 6 years but less than 12,Yes,,No,,No,No,No,Undecided,Yes,Yes,No,Wanted to serve ,"I’ve been trying to reclass from 11B to 19D for two years. Now that I have a school date to reclass to 19D we’re being switched over to 11B, however I am now being told I still have to go to 19D MOSQ only to come back and become an 11B (which I am as of right now.) this is a waste of my time and money as well as a waste of money and resources for the VAANG. ","I’ve been trying to reclass from 11B to 19D for two years. Now that I have a school date to reclass to 19D we’re being switched over to 11B, however I am now being told I still have to go to 19D MOSQ only to come back and become an 11B (which I am as of right now.) this is a waste of my time and money as well as a waste of money and resources for the VAANG. ",Unknown ,,,,,,,No,
2/8/2025 11:10:50,X58AA (183rd CAV),Greater than 6 years but less than 12,Yes,No,No,,No,No,Yes,Undecided,I am happy at my current unit,Yes,Yes,Fun activities ,Officer leadership ,Freedom ,Better training,,,,,,,Yes,
2/8/2025 11:11:02,V6VAA (1-116th),Greater than 6 years but less than 12,Yes,N/A,No,N/a,Yes,Yes,No,No,No,No,No,Benefits,Really bad leadership that doesn’t mentor or develop. The leadership is really self centered and not personable at all. I’m seen as an afterthought. I’m tired of being put in units that I didn’t ask for that are far away from my home of record. Never seeing senior leaders interact with the soldiers they represent. ,"The pay sucks. I spend way too much of my own money to cover expenses for drill. Leadership never has a meal plan. My direct supervisor doesn’t put in effort, mentorship, or development into our relationship. In staff training I never get the help I need to succeed. Leadership prefers to work through meals late into the night and just assumes I’ll be just fine not eating anything. They make me drive all around Virginia on a drill weekend instead of just reporting to fort Barfoot. ","New leadership. Pay structure. Not treating adults like children. Mentoring and developing subordinates. Training staff so they can succeed. Stop moving people to different units around the state without talking to them first. Have conversations about peoples careers, goals, and civilian life. Stop normalizing long commutes to drill. ",,,,,,,Yes,My leadership never cares what I have to say or what I have to offer. Nobody listens to my concerns or helps me in either. I don’t get any information for drill from my leadership I always have to ask a peer for information. They make me drive 200 miles from my home of record to the unit to get on a bus to go to fort Barfoot. Just to get back on a bus back to the unit on Sunday and drive 200 miles back to my home of record. They treat me like I’m a child and can’t report to fort Barfoot on my own to be in the right place and on time. My civilian leadership treat me like the adult that I am. Leadership team never has a chow plan and prefer to work through meals late into the night.
2/8/2025 11:11:53,X58AA (183rd CAV),Greater than 6 years but less than 12,Yes,,Yes,1606,No,Yes,Yes,Undecided,I am happy at my current unit,No,Yes,My recruiter ,Money ,I’d like to have a family and spend time with them ,More MET training ,,,,,,,No,
2/8/2025 11:16:56,X58AA (183rd CAV),Greater than 3 years but less than 6,Yes,No,Yes,In state tuition ,No,Yes,Yes,Yes,I am happy at my current unit,I am happy in my current MOS,Yes,I wanted experience and to serve my state and country ,The lack of top down care from higher,I would only reenlist in very specific situations I do not wish to be in the infantry ,"More schools, less pay issues, more team building training especially for younger joes, and less bullshit",,,,,,,No,Schools
2/8/2025 11:25:59,X58AA (183rd CAV),Greater than 6 years but less than 12,No,No,No,,No,No,No,Undecided,Yes,Yes,Yes,Boredom,Wanting a new MOS,Want a new MOS,Idk,,,,,,,Yes,
2/8/2025 11:31:03,X58AA (183rd CAV),Greater than 3 years but less than 6,No,N/A,Yes,TA,No,Yes,Yes,Undecided,I am happy at my current unit,Yes,Yes,Service,MOS going away,"Unpaid enlistment bonus, mos gettkng removed",N/A,,,,,,,Yes,
2/8/2025 11:35:45,XA3AA (1-116th 3rd BN),Less than 3 years,Yes,,No,,No,No,No,Yes,I am happy at my current unit,Yes,Yes,School benefits ,Nothing ,I’m interested ,More group activities ,,,,,,,No,
2/8/2025 11:42:19,V6VAA (1-116th),Greater than 3 years but less than 6,No,No,Yes,"Montgomery gi bill, state TA",No,No,No,Yes,I am happy at my current unit,Yes,Yes,Education benefits and career opportunities ,Lack of ability to progress and lack of leadership interest/assistance to progress my army career ,Have been an e-4 my entire career due to insufficient slots ,Better communication about drills ,,,,,,,No,
2/8/2025 11:44:02,PHPAA (1-116th INF BN),Greater than 6 years but less than 12,Yes,No,Yes,State TA,No,No,No,Undecided,Yes,Yes,No,Don’t remember ,Driving distance to drill.,Interested in re enlisting unless I have to stay in this unit . Opportunities for title 10 have been blocked by bridge . ,Value of soldiers time. ,,,,,,,Yes,Doesn’t feel like anybody’s time is valued . 
2/8/2025 11:46:12,V6VAA (1-116th),Greater than 12 years,Yes,No,Yes,GI Bill,Yes,No,Yes,Undecided,Yes,Yes,Yes,Service. Education benefits. Healthcare. Team mentality. Being outdoors. Physical activity.,I sit at a desk too much and the amount of data and variables and inputs has grown to a point where it’s difficult to feel like an expert. Instead we react to the most recent change in business rules and try to feign competence until the next change.,"I am, in hopes that the scope of responsibility can level out, or the balance of work to having an enjoyable drill weekend is achieved. Increasing levels of incredibly early mornings and late nights and a perception that chow hours are limited to eat and get the hell out or “working dinner” or a feeling that we can’t possibly stop to eat is not enjoyable.","End work at a predictable and reasonable time. In 20 years, I’ve gone from being done with the drill work day at 5pm to going until 10pm. This doesn’t contribute to camaraderie, a positive view of drill, or retention. It’s not a complaint about having to work, this is a request for reasonable balance and time to counter hard work with the ability to make drill a positive experience after hours.",,,,,,,Yes,"BDE HQ with 50/50 mix of senior officers and enlisted. Under some circumstances and usually due to an effort to target select individuals, broad regulations are applied but inadvertently impact those already doing the right thing. A challenge in an HQ is that due to many senior ranking personnel or position titles that the perception is that a standard applies to “them” but not me. Result is collective discontent which leads otherwise invested and committed members to become less invested and ultimately leave when avoidable circumstances waste their time or don’t allow exceptions that would help them avoid discontent. Example: If a new policy attempts to crack down on who can direct report to Barfoot but those complying are severely inconvenienced and also see that the same large number of people still direct reported, it yields discontent because this appears hypocritical."
2/8/2025 11:46:30,X58AA (183rd CAV),Greater than 6 years but less than 12,Yes,No,No,,No,No,Yes,No,No,No,Yes,Money,Lack of communication ,No money,Nothing ,,,,,,,No,
2/8/2025 12:12:45,X58AA (183rd CAV),Greater than 12 years,Yes,No,No,,Yes,No,Yes,Yes,Yes,Yes,Yes,Benefits / Retirement possiblity.,Negative Impacts on body due to strenuous activities.,"Civilian life considerations, limited opportunities for career development within current organization. ",Ways of life / living conditions.,,,,,,,No,
2/8/2025 12:18:55,V6VAA (1-116th),Greater than 12 years,Yes,,Yes,"No issues, but the reimbursement model vs paying the school directly is a barrier for a lot of people ",No,No,Yes,Yes,Yes,I am happy in my current MOS,Yes,"Education benefits, healthcare, retirement/pension benefits ","Family obligations, family stress, job stress","Education benefits, retirement/pension benefits, health care insurance ","Increased pay, education benefits, opportunities to execute MOS/AOC responsibilities in real world situations. (Medical IRT mission was awesome- let’s use our medical units to serve the underserved civilians in VA/ those effected by hurricane Helene) ",,,,,,,Yes,
2/8/2025 12:26:51,XA3AA (1-116th 3rd BN),Less than 3 years,No,N/A,Yes,GI Bill,No,Yes,Yes,Undecided,Yes,Yes,Yes,Financial Aid ,Nothing ,Undecided,N/A,,,,,,,No,
2/8/2025 12:36:00,XA3AA (1-116th 3rd BN),Greater than 12 years,Yes,No,Yes,Tuition Assistance,No,No,Yes,Undecided,No,No,Yes,Benefits and employment ,High OPTEMPO,Keeping benefits ,Shorter annual trainings ,,,,,,,Yes,
2/8/2025 12:40:14,7LYAA (34th CST),Greater than 12 years,Yes,Yes,Yes,"GI Bill, Kicker",No,Yes,Yes,Undecided,Yes,Yes,Yes,Joined pre 911 with 4 friend after we graduated high school. Large draw was the money for college which i used to get a BA degree.,The struggle to find Sr leaders who care more about our people and less about their bottom line. Ive heard too many times that we fix problems for the sack of correcting data not taking care of the SM. Va talks a good game but we dont show it. Example is the 2600 lines of problems reflected in the latest IPPSA email from G1. We have SM with problems they dont even know about. These issues can be fixed at the unit level but Sr leadership drives the culture. Priority placement of funds to build new building but not take care of what we have.,"I will extend for my Soldiers. I love what i do and enjoy teaching and coaching. I stay for them. What i dont enjoy is all the bs. Why others may not extend: late bonus payments, poor IST/PCS process, poor guidance from incentives office, lack of Servant leadership, lack of maint repairs on armories, poor response from G8 in correcting pay issies after they have recieved all required documents to fix the problem. It should not take 6 months after G8 recieves supporting docs for them to process the solution and get the SM paid. Had to buy light bulbs for my armies entrance. 2 years later and my POV and MOV parking lights still dont work. I was told the lights cost too much and now there is no work order in the system so i have to start all over in the process with my ROMM.

Responsibility to hold those accountable when they fall below standards. Making a Readiness NCO submit a discharge packet for UPL violation when we know the TAG will ignore recommendations from subordinate CDRs and retain the SM.  MDay leadership isnt ensuring enlisted understand how promotions work. 
How do we find solutions? ","Va needs to work on our culture by having more open and honest communication coupled with holding leaders large and small accountable. There should also be more nco development on the AGR side. Mday leaders rely on AGR leaders to do this and AGR leaders rely on Mday leaders. The result is little professional development is occuring. Additionally, all ncos lack an understanding of anything above there level. Relying on subordinate leaders taking this up has not worked. State CSM should emplament mandatory ncopd during AT periods.",,,,,,,Yes,
2/8/2025 12:41:36,XA3AA (1-116th 3rd BN),Greater than 12 years,Yes,n/a,Yes,TA and GI Bill,No,Yes,Yes,Yes,I am happy at my current unit,Yes,Yes,A girlfriend i had at the time had future plans that included me to get out of Active Duty. ,It's hard to get off from work and manage both my civilian life and military life. ,I will extend until i retire. ,no more sitting around and waiting. ,,,,,,,Yes,
2/8/2025 12:44:10,XA3AA (1-116th 3rd BN),Greater than 12 years,Yes,,Yes,Post 911 ,No,Yes,Yes,No,No,No,Yes,Missed active duty and being with other Americans that have a warrior spirit ,Throughput orientated planning ,I am nearly at 20 so I will stay just for that but likely no more.   The national guard seems to cheat or fast forward everything.    We try to do every single thing and in turn we are fairly poor at everything.    If we just would focus on a few things and excel at those things we could achieve a lot more.   Specially unhappy at the lack of following live fire training standards.   Most units don't do the tables correctly or at all.  I've had arguments with senior leaders about doing the right thing instead of doing things to time but in the end the tasking are so great the result is cheating at the things that matter most for throughput.   I will stay in for my last few years but my motivation past that with an organization that doesn't meet standards is not very high.  Highly likely will leave as soon as I can and I understand why other soldiers leave when we can't focus on the soldiers and making them a lethal killer. ,"Cancel xctc , cancel jrtc.  Focus on 10 level tasks and make these soldiers lethal at the soldier level.   Really only have 2 key tasks at drill and no more of these side tasks that interrupt preplanned training.  Or set a standard that side tasks cannot be added within 30 days.    I would go to the range often and teach the soldiers the right way to shoot , I would get everyone tccc qualified and do medical lanes and squad lanes at AT.  I would not advance past squad level and instead focus on lethal squads only.   Do not go further.  ",,,,,,,Yes,
2/8/2025 12:45:09,XA3AA (1-116th 3rd BN),Greater than 12 years,Yes,,Yes,Gi bill,No,No,Yes,Yes,Yes,Yes,Yes,Tricare,Nope,I've come to far to stop now,Sense of pride,,,,,,,Yes,
2/8/2025 12:49:45,XA3AA (1-116th 3rd BN),Greater than 12 years,Yes,,Yes,Tuition assistance. No issue.,No,No,Yes,No,I am happy at my current unit,I am happy in my current MOS,Yes,Always wanted to be a soldier. First recruiter that talked to me.,Just getting old.,Passing 20 years soon.,Everything is good.,,,,,,,Yes,
2/8/2025 12:50:02,XA3AA (1-116th 3rd BN),Greater than 6 years but less than 12,Yes,N/A,Yes,"State TA. Issues are the deadlines pass before you know it and I just wish the process was more informative and reminding. However, the person I dealt with was always understanding and still processed stuff after the deadlines ",No,Yes,Yes,Yes,I am happy at my current unit,I am happy in my current MOS,Yes,Civilian Career Development ,N/A,N/A,N/A,,,,,,,Yes,
2/8/2025 12:52:25,XA3AA (1-116th 3rd BN),Greater than 6 years but less than 12,Yes,,Yes,GI Bill/ No,Yes,No,Yes,No,No,No,Yes,Seemed like fun,Life,"The guard is cool, but it begins to impact civilian life ",They really don’t need to be there past 1500,,,,,,,No,
2/8/2025 12:58:56,XA3AA (1-116th 3rd BN),Greater than 12 years,Yes,"Concern would be lack of marksmanship ability, it is terrible and we are in the negatives for readiness in that category ",No,,Yes,No,Yes,Undecided,I am happy at my current unit,I am happy in my current MOS,Yes,Wanted to serve,"Lack of enforcing the minimum standard, no readiness, state focuses on tasks that should not be focused on instead of focusing on the basics which is crippling our readiness ","If the guard does not fix their marksmanship problem then any VaARNG Soldier that is put into a real life situation will not be successful. Leaders say they assume the risk of not training to the minimum standard but they are unwilling to change when the risk is all their soldiers lives. The past two years have had live fire events conducted both CONUS and OVONUS and the only live rounds those soldiers shot throughout the year in preparation for the live fire was an IWQ, and that IWQ did not meet the minimum standard to count as a record weapons qualification in accordance with TC 3-20.40 making it an invalid qualification, and yet a live fire was still conducted. The Virginia guard does not care about its soldiers being able to survive in a real life situation.","More training on the individual level on the big 3 Shoot, Move, Communicate. Training the shooting forces the soldier to learn how to move and communicate effectively.",,,,,,,Yes,
2/8/2025 13:03:06,XA3AA (1-116th 3rd BN),Greater than 6 years but less than 12,Yes,N/a,No,,No,No,Yes,No,No,Yes,Yes,Service to state and county ,Conflicts with civilian career,Conflicts with civilian career,Pay increase,,,,,,,Yes,
2/8/2025 13:07:22,XA3AA (1-116th 3rd BN),Greater than 3 years but less than 6,Yes,,No,,No,Yes,No,Undecided,Yes,Yes,No,I believed the Army was something it turned out not to be. ,"Selfish leadership, seeing lazy peers be promoted despite never working, being ostracized for doing the right thing. ","I may re-enlist, but I may not given who I see moving into leadership positions recently. ","Be honest with the soldiers, do some actual training, don’t be a jerk when soldiers disagree or have a better way to do things than an NCO or officer. Soldiers are not trash, stop treating them like it. ",,,,,,,No,Any regard whatsoever for a single word I say. 
2/8/2025 13:19:37,XA3AA (1-116th 3rd BN),Greater than 3 years but less than 6,No,,No,,No,Yes,No,No,Yes,Yes,No,Being inspired by military family member,Not receiving the awards after completing a test at this unit,Not being acknowledged of the work and efforts,Acknowledging achievements and improvements,,,,,,,Yes,Treating soldiers like an adult and provide opportunities to grow and develop as a soldier
2/8/2025 13:19:42,XA3AA (1-116th 3rd BN),Greater than 6 years but less than 12,Yes,,Yes,College,No,No,Yes,Yes,No,No,Yes,Service,N/A,N/A,Fundamental training,,,,,,,Yes,
2/8/2025 13:22:42,7LYAA (34th CST),Greater than 12 years,Yes,,No,,No,Yes,No,Undecided,Yes,I am happy in my current MOS,No,Change my life,Terrible leadership,We have one of the worst commanders. He micromanages and promotes a hostile environment,Change the Commander immediately ,,,,,,,Yes,
2/8/2025 13:25:32,7LYAA (34th CST),Greater than 6 years but less than 12,No,No,Yes,State TA and GI BILL,No,Yes,Yes,Yes,I am happy at my current unit,I am happy in my current MOS,Yes,College assistance,Poor and incompetent leadership. Leaders who do not care about their subordinates or their wants and needs. My current leadership is solid but in the past has been very questionable. ,I am AGR and I am happy in the AGR program with the CST. I see a future for myself in the CST program. So I most likely would re-enlist and stay. Although I will say I would like to stay in the CST program and grow for this highly specialized unit that requires years of training and expertise. ,A better hiring process for my units AGRs to better equip it with good leaders. The lower enlisted and even officers suffer from this. We also do not usually get many applicants when a position does post even if nationwide. The location of the unit I believe definitely hurts that and also retention. ,,,,,,,Yes,
2/8/2025 13:28:48,XA3AA (1-116th 3rd BN),Greater than 6 years but less than 12,Yes,,No,,No,Yes,Yes,Yes,I am happy at my current unit,I am happy in my current MOS,Yes,Patriotism & benefits,Political uncertainty,I am very interested in maintaining my career in the Virginia Army National Guard,"Better equipment (radios), faster servicing of equipment (CSMS, FMS, MATES), prioritization of equipment going to front line units",,,,,,,Yes,
2/8/2025 13:29:35,XA3AA (1-116th 3rd BN),Less than 3 years,Yes,No,No,,No,No,Yes,Undecided,I am happy at my current unit,Yes,Yes,Adventure ,N/a,Adventure ,Merch ,,,,,,,No,
2/8/2025 13:30:48,7LYAA (34th CST),Greater than 6 years but less than 12,Yes,,Yes,,No,No,No,Undecided,No,I am happy in my current MOS,Yes,Sounded fun,Ineffective leaders who prioritize metrics and evaluation performance over the well-being of their personnel and the true mission. Individuals who struggle with emotional control and respond impulsively to minor situations.,Not sure yet.,"Prioritize the well-being of your soldiers, both in their professional and personal lives. Implement more team-building exercises and events to foster a stronger, more cohesive foundation. Empower individuals to perform their duties by providing a clear end-state rather than micromanaging every aspect of the process.",,,,,,,Yes,
2/8/2025 13:31:45,7LYAA (34th CST),Greater than 12 years,Yes,No,No,,No,Yes,Yes,Yes,Yes,No,No,I wanted help people stuck on snow and do SAD missions ,"SAD missions aren’t as plentiful as the ads made them out to be, the pay from that is not timely. Asking never qualifying for a bonus is heartbreaking ",I’m still extending. Just not happy about the bonus less grind to 20 ,"Pay them better and promptly. Trying my hardest to not waste their time or insult their intelligence with mundane tasks, trying to keep soldiers from being stuck in mandatory trainings and trying to make their leadership make things engaging and fun ",,,,,,,Yes,Not applicable 
2/8/2025 13:32:42,7LYAA (34th CST),Greater than 12 years,Yes,No,Yes,None,No,No,No,Yes,Yes,Yes,Yes,Education benefits,Leadership ,Money,Command,,,,,,,Yes,
2/8/2025 13:34:22,XA3AA (1-116th 3rd BN),Greater than 3 years but less than 6,Yes,,No,,No,No,Yes,No,I am happy at my current unit,I am happy in my current MOS,Yes,To serve my country ,Family ,Family ,None ,,,,,,,No,
2/8/2025 13:37:28,XA3AA (1-116th 3rd BN),Greater than 6 years but less than 12,Yes,"The defend the guard act will ruin retention, funding, and drive me immediately out of the guard.",No,,Yes,Yes,Yes,Yes,I am happy at my current unit,I am happy in my current MOS,Yes,"I thought it would be fun, I have not been wrong.","Nothing. The army continues to ruin me with administrative failures, pay issues, and undercommunication but I love it too much to consider leaving. ",I love the guard. ,ACTUALLY INCLUDE THE FAMILIES IN THE HOLIDAY PARTY. ,,,,,,,Yes,
2/8/2025 13:40:32,XA3AA (1-116th 3rd BN),Greater than 3 years but less than 6,Yes,No,No,None,No,No,Yes,Undecided,I am happy at my current unit,Yes,No,Insurance ,Promoting idiots,Shaving profile ,Letting people drive to base that live right by it,,,,,,,No,
2/8/2025 13:40:43,XA3AA (1-116th 3rd BN),Greater than 3 years but less than 6,Yes,,Yes,Ch33 GI Bill,Yes,No,Yes,Undecided,I am happy at my current unit,I am happy in my current MOS,Yes, , , , ,,,,,,,No,
2/8/2025 13:40:44,XA3AA (1-116th 3rd BN),Greater than 12 years,Yes,,Yes,The GI Bill,Yes,No,Yes,Yes,I am happy at my current unit,I am happy in my current MOS,Yes,Sense of duty,N/A,I already reenlisted,Better food,,,,,,,Yes,
2/8/2025 13:49:36,XA3AA (1-116th 3rd BN),Greater than 6 years but less than 12,Yes,No,No,,Yes,No,Yes,Undecided,No,Yes,Yes,To make transitioning easier into the civilian workforce,N/a,N/a,Team building exercises,,,,,,,Yes,
2/8/2025 13:54:28,XA3AA (1-116th 3rd BN),Less than 3 years,No,No,Yes,State Tuition,No,No,Yes,Undecided,I am happy at my current unit,Yes,Yes,Fun,Nothibg,"I am undecided as of right now, since I am still new I don’t know how I would feel later on",Unknown ,,,,,,,No,NA
2/8/2025 14:05:57,XA3AA (1-116th 3rd BN),Greater than 6 years but less than 12,Yes,N/A,Yes,Post 9/11 Gi Bill,No,Yes,Yes,Yes,I am happy at my current unit,I am happy in my current MOS,Yes,"After leaving active duty, I still wanted to deploy",Time it takes bonuses to be paid out,The opportunity for CENTCOM deployments,More structured training,,,,,,,No,
2/8/2025 14:17:57,X58AA (183rd CAV),Less than 3 years,No,,No,,No,No,No,No,No,No,Yes,Serve my country.,N/a,Don’t enjoy it.,N/a,,,,,,,No,
2/8/2025 14:18:34,XA3AA (1-116th 3rd BN),Greater than 6 years but less than 12,Yes,"Clarity of information. Too much honey potting and deception, “yeah we are going to XYZ for the deployment”. Come pre mob time, radical changes that are far from initial conversations. It’s the Army we get it that’s how things are, but can have negative impacts on retention. ",Yes,GI Bill baby ,No,Yes,Yes,Yes,I am happy at my current unit,Yes,Yes,"Wanted to do ROTC and go active, oh how things have changed ","Not much if I am honest, if anything the longer I have been in the more I realize the value of the guard. Early on I would dream of the day I was out, as that day came I realized I wanted to stay and extended. ","Already extended within the last 6 months. Quite frankly, the guard is the best justifiable reason to be excused from any and all life responsibilities and hang with the boys. On top of that, all military service is deemed honorable and respectable. If younger soldiers truly grasped the implications of this, and how to properly wield it, it would greatly help retention. ",More clarity amongst all levels of communication. Again hard because the army is the army and that’s just how it is. Also maybe improvements in getting soldiers the gear they need. Not naming any names here but it could use some work. ,,,,,,,Yes,Made my home with A co and feel well loved by the boys 
2/8/2025 14:18:39,X58AA (183rd CAV),Greater than 3 years but less than 6,No,No,Yes,Federal TA,No,No,Yes,Yes,Yes,Yes,Yes,Legacy ,"Closing of cav, changing of job skills",I'd like to enlist for my retirement ,Just keep helping soldiers  ,,,,,,,Yes,
2/8/2025 14:19:35,XA3AA (1-116th 3rd BN),Greater than 12 years,Yes,No ,No,,Yes,No,Yes,Yes,Yes,Yes,Yes,Joined with my friend and was also trying to go back to school,Nothing ,I’ve already re-enlisted ,"I would switch how we do drill instead of running the same BD1A every time there’s also different techniques that can be taught on how to do searches, Utilizing motors more with the company just depends on the intent of Higher ",,,,,,,Yes,
2/8/2025 14:20:34,XA3AA (1-116th 3rd BN),Greater than 12 years,Yes,,Yes,State ta,No,No,Yes,Yes,I am happy at my current unit,Yes,Yes,Duty,Nothing,Retirement ,Hotels for drill,,,,,,,Yes,
2/8/2025 14:23:03,X58AA (183rd CAV),Greater than 6 years but less than 12,Yes,,No,,No,Yes,Yes,No,No,No,Yes,My grandpa ,Getting rid of the cav,Getting rid of the cav,I don't know,,,,,,,Yes,
2/8/2025 14:25:43,X58AA (183rd CAV),Greater than 6 years but less than 12,Yes,,No,,No,Yes,Yes,No,No,No,Yes,FOR THE COMMONWEALTH OF VA and FORNMY COUNTRY,Still haven’t got my bonus and now the switch of MOS,Soldiers who reenlist to get a bonus should get there bonus no matter what because they’ve dedicated themselves to Army which they the number one priority is the SOLDIER.,Give them their bonuses no excuses once it goes to state because that’s the usual excuse they give everyone which is very unprofessional in my opinions. ,,,,,,,Yes,
2/8/2025 14:25:56,XA3AA (1-116th 3rd BN),Greater than 3 years but less than 6,No,negative ,No,,No,No,Yes,Undecided,I am happy at my current unit,I am happy in my current MOS,Yes,Opportunity ,nothing,undecided ,none were perfect ,,,,,,,No,
2/8/2025 14:26:31,XA3AA (1-116th 3rd BN),Greater than 6 years but less than 12,Yes,No,No,,Yes,No,Yes,No,No,No,Yes,Taking a step down from active and having opportunity to be with family more,Nothing,"I dont see it necessary to continue, i met great people and feel like moving onto different things",Nothing,,,,,,,Yes,
2/8/2025 14:26:37,XA3AA (1-116th 3rd BN),Greater than 6 years but less than 12,Yes,No,Yes,Schooling and no issues ,No,Yes,Yes,Yes,Yes,Yes,Yes,WCAP program ,N/A,N/A,N/A,,,,,,,No,
2/8/2025 14:26:58,XA3AA (1-116th 3rd BN),Greater than 6 years but less than 12,Yes,N/a,No,N/a,No,Yes,No,Yes,I am happy at my current unit,I am happy in my current MOS,Yes,C-PTSD,"Leaders come and go. Some of them care about soldiers, some of them care about NC/OER bullets. That's ridiculous and cruel","Im probably going to stay but it depends how my next mob goes. I intend to retire because im passionate about being a soldier and caring for my comrades, but im going to out my own needs first.",PUT YOUR SOLDIERS FIRST. STOP TRYING TO PAD YOUR OER,,,,,,,Yes,N/a
2/8/2025 14:28:05,X58AA (183rd CAV),Greater than 3 years but less than 6,No,No,No,N/A,No,No,Yes,No,No,Yes,Yes,"Money, and selfless service","I wish I did more than I have done, besides that, I feel like I have more potential than this MOS provides.",I would reenlist if I was offered a new MOS that I felt was interesting.,Obviously more money but that is a useless suggestion. I felt like the VA and other services are needlessly complicated.,,,,,,,No,N/A
2/8/2025 14:28:43,XA3AA (1-116th 3rd BN),Greater than 6 years but less than 12,Yes,,Yes,State and federal tuition assistance ,No,No,No,No,Yes,Yes,No,Family tradition,Senior leadership attitude towards lower enlisted,I will reenlist when my IST is finally processed.,Individual conversations with senior leadership on reflections of their leadership styles and decisions ,,,,,,,Yes,Urgency on soldier needs 
2/8/2025 14:31:47,X58AA (183rd CAV),Greater than 3 years but less than 6,Yes,Where to and what is my MOS?,Yes,Tuition Assistance ,No,Yes,No,Undecided,No,No,No,To serve my country,"Bonus delays, soldiers not being heard and getting the needs met. ",Would like to have soldiers needs heard and met. ,Help soldiers more on personal development and civilian career. ,,,,,,,No,With the recent changes a lot of people’s needs aren’t being heard. 
2/8/2025 14:33:49,XA3AA (1-116th 3rd BN),Greater than 12 years,Yes,No,No,,No,No,Yes,Yes,I am happy at my current unit,Yes,Yes,Patriotic duty ,Nothing much ,I am extending after this contract ,Better communication ,,,,,,,No,
2/8/2025 14:35:57,X58AA (183rd CAV),Greater than 6 years but less than 12,Yes,No,No,,No,No,Yes,Undecided,I am happy at my current unit,Yes,Yes,Family ,Change in the army ,I would if I can change my mos,Not disbanding the cav,,,,,,,No,
2/8/2025 14:38:57,XA3AA (1-116th 3rd BN),Greater than 6 years but less than 12,Yes,No,Yes,Post 9/11 GI Bill,No,No,Yes,Yes,I am happy at my current unit,I am happy in my current MOS,Yes,Ability to balance military and civilian careers,"The way DIV - BN LRTCs are structured where mandatory admin trainings consistently get in the way MET training, which reduces lethality and combat readiness further for a part time force already constrained by time available. ","I’m personally going to extend, but many Soldiers in my retention counselings frequently cite the training requirements that come down from higher (which affects company level training timelines) as the main reason for getting out. Soldiers aren’t stupid - they know when admin readiness is prioritized over lethality and combat readiness. All are important and required to deploy a force; however, when PowerPoints or online trainings take priority over MET tasks, Soldiers feel their time is wasted. With that, I remain patient and committed, but everyone has their limit. ","Focus on warfighting and METs during drills and ATs. Find creative ways to require admin task completion in ways that minimally affect MET requirements. Require higher echelons to ask lower echelons the point blank question: “What training do you feel you are deficient on, and what ideas do you have to make that better?” ",,,,,,,No,
2/8/2025 14:39:19,X58AA (183rd CAV),Greater than 3 years but less than 6,Yes,,Yes,"State tuition repayment, montgomery GI bill + kicker",Yes,Yes,Yes,Undecided,Yes,Yes,Yes,Boredom/school benefits,"Greater time committment than expected (drills are often 3 day, often last for longer than typical business hours (I’ve been held until 2200 before))","Reasons not to reenlist: long hours, low pay, difficult commute for unit
Reasons to reenlist (in a new more technical MOS) : civilian career advancement",Drill days could be significantly shorter: junior enlisted (including me) often sit around doing nothing on Sunday for hours seemingly while leadership handles issues that they don’t need us for,,,,,,,No,
2/8/2025 14:51:18,XA3AA (1-116th 3rd BN),Less than 3 years,No,No,No,,No,No,Yes,No,No,No,Yes,Idk,The army national guard ,It's pointless I'm miserable we do alot of dumb shit and it's a waste of my life and very unorganized if they treat it like national guard and not active duty it could be better but they'll fuck that up to yeah I'm done,Stop doing dumb shit,,,,,,,No,
2/8/2025 15:09:45,XA3AA (1-116th 3rd BN),Greater than 6 years but less than 12,Yes,I don't know,No,,No,No,Yes,Yes,I am happy at my current unit,I am happy in my current MOS,Yes,Wanting to do the job of the MOS I chose.,"Weapon Qual ranges have become progressively worse over the years, turning Qualification into a game of luck. Lack of concern about my career growth from higher-ups in a prior unit. Complete neglect of admin tasks required to be completed for me to promote from a previous company. ",I'm reenlisting due to the fact I want retirement benefits,I honestly don't know,,,,,,,Yes,
2/8/2025 15:11:07,XA3AA (1-116th 3rd BN),Greater than 3 years but less than 6,No,No,No,,No,No,Yes,Undecided,No,Yes,Yes,Wanted something different ,Can’t tell yet,Undecided on what I want to do yet ,More range days ,,,,,,,Yes,
2/8/2025 15:13:12,XA3AA (1-116th 3rd BN),Greater than 3 years but less than 6,Yes,N/A,Yes,No benefits really I’m still in debt ,No,Yes,No,No,Yes,Yes,No,To pay for school ,Mainly the Friday - Sunday drills then getting released at 5pm on Sunday or later and then the 3 - 4 weeks of AT. Pay consistently getting messed up. Never knowing actually what is going on. Lack of opportunity. I consistently asked for help with my education benefits and never once got help which has led to me being in debt for school 30k+ in debt. ,"Everything I said above, I feel like I get lied to every month about what’s going on and then every year when the schedule comes out it’s a bunch of 3 day drills and month long AT. ",No more 3-4 week AT. No more reporting on Friday. More opportunity for growth ,,,,,,,No,"We were sold on 1 weekend a month and 2 weeks out of the summer, consistently hasn’t been true even with the longer days upper leadership doesn’t develop lower enlisted so nobody knows what’s going on. Work consistently goes unnoticed and unappreciated and the sacrifices people make to be here get belittled and overall is not a great environment "
2/8/2025 15:22:25,V6VAA (1-116th),Greater than 3 years but less than 6,No,"


No",Yes,Minuteman Scholarship & ROTC scholarship,No,Yes,No,No,No,No,Yes,I wanted help with paying for college & getting skills that will help me in the future,My interactions with leadership.,The guard is making my life more difficult to thrive than the current benefits I'm receiving.,As a whole I think we are doing the best we can do. ,,,,,,,No,
2/8/2025 15:38:49,XA3AA (1-116th 3rd BN),Greater than 6 years but less than 12,Yes,Where are we going,Yes,Tuition Assistance ,No,No,Yes,Undecided,I am happy at my current unit,Yes,Yes,Got out of Active Duty ,Work life balance between civilian job and guard. ,I will reenlist to complete my 20 years. I have thought of re- classing as well but doubt I will.,More home station drills that include Sargent time training. I believe this would help morale and further build confidence with in the platoon and squads . ,,,,,,,Yes,
2/8/2025 15:56:05,XA3AA (1-116th 3rd BN),Greater than 6 years but less than 12,Yes,,No,,No,Yes,Yes,Undecided,I am happy at my current unit,I am happy in my current MOS,Yes,Second retirement ,The way the army runs things and treat prior service E-5 as if they are dumb. When they have more experience then an average E-5,I have not yet decided. But I should have been prompted a year ago by after returning from deployment my years of service was screwed up and took almost two years to become correct. ,NA,,,,,,,Yes,
2/8/2025 16:20:13,XA3AA (1-116th 3rd BN),Greater than 6 years but less than 12,Yes,No,No,,No,No,Yes,No,No,Yes,No,Bonus,Family life,I’ve don’t multiple deployments and I’m burned out. ,NA,,,,,,,Yes,It’s the good ole boys club in the Guard
2/8/2025 16:48:11,PHMAA (111th FA BN),Greater than 3 years but less than 6,No,No,Yes,TA,No,Yes,No,No,No,No,No,"To do cool army things, family, and paying for my education ",After basic and AIT I was excited to go back to civilian life and be a soldier on the weekend. The weekends are not that. They are terribly planned we get nothing out of them the equipment sucks. The moment I make a mistake I’m chewed out but other get away with everything. Leadership picks and chooses when to enforce the rules and it’s not fair. They don’t care about us lol. We are literally Joes! Bodies. I’ve voiced concerns of my arthritis and was told get over it and Provided no help. I had Covid and medics told me to drink water. I went to patient first and was chewed out and placed on two staff duty shifts. I smoked weed and was tested in 2021 notified of the failure in 2022. I took the classes and completed them and now in 2024/2025 they want me to fight for my security clearance back or kick me out unless I advocate for why I should have my clearance. I have literally a year remaining and don’t feel I should have to advocate for a mistake from 3 years ago when I did what was asked of me and have been nothing but one of the top soldiers in the unit! ,"No one listens! You can know exactly what you’re doing and people still won’t listen. Leadership has very lackluster planning. For this to be one of the biggest organizations in the world it sucks! It’s zero accountability… I’m a great soldier and my leadership and any other leaders I’ve worked will say it. The moment my laces aren’t tucked in or im the only one wearing a fleece I’m being lectured. But soldiers leave AT, steal government equipment, skip drill, sleep in the car through drill and leaver early with zero repercussions! I can’t voice my opinion as I would like due to rank. So I simply have to get out! It’s not fair it’s actually sad. The army is going to lose all of their best and most dedicated soldiers due to burnout, unfair treatment, lack of discipline and acknowledgment, and terrible planning. Some of these soldiers don’t deserve the same pay I get because they don’t work half as hard as me and it’s noticeable. We also don’t get paid enough for the bs we go through. Officers never acknowledging their wrong or admitting that they don’t understand or know something. I could go on but I digress.. ","More E-5 slots, more pay, better planning, better leadership",,,,,,,Yes,"People listening, acknowledging that sometimes people under you know more. Often times leadership is rotated through many different roles and placed in roles they don’t have much experience in, in which case those under them maybe able to direct how to complete certain task more efficiently than someone who doesn’t know. Other soldiers being held accountable! AND the leadership not wasting our time. We come to drill ready (most of us) and they have nothing for us or conflicting information and to my understanding you’ll plan ahead and have meetings between drill however they can’t be productive. "
2/8/2025 17:12:48,XA3AA (1-116th 3rd BN),Greater than 12 years,Yes,Not deploying in next 12 months that I’m aware! ,Yes,GI Bill and Virginia In state tuition assistance ,No,Yes,Yes,Yes,I am happy at my current unit,I am happy in my current MOS,Yes,Money and pride in self & country ,Soldiers at Valley Forge had pay issues too and ate leather boots with little cold weather gear - I think their supply of horses ran out quick for stew that winter. Most National Guard Soldier troubles seem to stem from economic conditions outside of the uniform. Bonus issues are annoying but expected at this point. Victim culture needs to disappear and a small amount of focus should be shifted to teaching lower enlisted Soldiers life skills of independence on civilian side of life. Not all lower enlisted have that foundation when they arrive in the units which I think creates a prolonged issue that negatively branches many directions later on in their lives. ,N/A,"Still trying to figure this out. Morale is not bad, but I’m sure improvements could be made. ",,,,,,,Yes,
2/8/2025 17:24:49,XA3AA (1-116th 3rd BN),Less than 3 years,No,,No,,No,No,Yes,Undecided,I am happy at my current unit,I am happy in my current MOS,Yes,Educational Benefits,Staying past 1800 on a home station drill weekend,Undecided,More opportunities for schools,,,,,,,No,
2/8/2025 17:25:17,XA3AA (1-116th 3rd BN),Less than 3 years,No,,No,,No,No,Yes,Yes,I am happy at my current unit,I am happy in my current MOS,Yes,To start my military career early and utilize education benefits.,N/A,I enjoy serving in the National Guard.,I haven't been at my unit long enough to effectively answer this.,,,,,,,No,
2/8/2025 17:25:38,XA3AA (1-116th 3rd BN),Greater than 3 years but less than 6,No,,Yes,State and Federal TA,No,No,Yes,Undecided,I am happy at my current unit,I am happy in my current MOS,Yes,School and Career Opportunities ,N/A,"For me, my main goal is to get into medical school and the Guard has already given me career experience pertinent for my career ","Dismiss Soldiers in a more timely and efficient manner
",,,,,,,No,
2/8/2025 17:25:53,XA3AA (1-116th 3rd BN),Greater than 3 years but less than 6,Yes,Finishing college ,Yes,Gi-bill,No,No,Yes,Undecided,I am happy at my current unit,Yes,Yes,Needed the discipline and help to start my adult life,Not doing beneficial training towards my mos just doing all the check the box things,Undecided ,Show them that you care by talking to them not just when they mess up,,,,,,,No,
2/8/2025 17:26:06,XA3AA (1-116th 3rd BN),Greater than 3 years but less than 6,Yes,,Yes,Army TA,No,No,Yes,Yes,I am happy at my current unit,I am happy in my current MOS,Yes,Gain experience and network,SHARP,N/A,Leave when the work/tasks are complete.,,,,,,,No,
2/8/2025 17:27:19,XA3AA (1-116th 3rd BN),Greater than 3 years but less than 6,No,,No,,No,Yes,Yes,No,No,No,No,Personal growth,"Lack of accountability, motivation, professionalism from Unit.","lack of promotion, growth",everything ,,,,,,,Yes,
2/8/2025 17:27:47,XA3AA (1-116th 3rd BN),Greater than 6 years but less than 12,Yes,No,No,,No,Yes,Yes,Yes,I am happy at my current unit,I am happy in my current MOS,Yes,To do cool things that I wouldn’t be able to do on the civilian side ,Nothing as of yet ,Because I’m already over the 10 year hump and might as well get a retirement out of it ,I wouldn’t really say anything. We actually have a good chain of command and they actually care about their soldiers. ,,,,,,,Yes,
2/8/2025 17:28:06,XA3AA (1-116th 3rd BN),Greater than 6 years but less than 12,Yes,,Yes,Post 9/11 ,Yes,Yes,Yes,No,No,No,Yes,Money,"Politics, state of the Army, toxic leadership",I'm tired.,"Better training, less bullshit.",,,,,,,Yes,
2/8/2025 17:32:23,XA3AA (1-116th 3rd BN),Less than 3 years,No,,No,,No,No,Yes,Undecided,I am happy at my current unit,I am happy in my current MOS,Yes,Adrenaline ,Nothing ,Undecided but i wanna commission so thats my reason,I dont know i like the unit and the whole vibe,,,,,,,No,
2/8/2025 17:41:02,XA3AA (1-116th 3rd BN),Greater than 12 years,Yes,,Yes,GI. Bill State Tuition Fed Tuition ,No,No,Yes,Yes,I am happy at my current unit,I am happy in my current MOS,Yes,Service ,Nothing ,Finishing out my career ,Soldier care,,,,,,,Yes,
2/8/2025 17:46:19,X6TAA (329th HHC),Greater than 3 years but less than 6,Yes,,Yes,Gi bill yes it was difficult to sign up for. I’ve used TA once too because I didn’t know the deadlines or how to sign up. I never used the other TA because I didn’t know how to use it.,No,No,Yes,Yes,Yes,I am happy in my current MOS,No,I thought it would be something cool to do and help me with medical school applications. I thought paying for school would be a benefit but I didn’t get that.,"The lack of training to maintain skills. It’s better now but for my first three years or so we did pretty much did inventory and pcms vehicles and socialized the rest of the time. I joined to get cool experiences, learn and grow. The resources/ benefits for joining the army have also been hard to access it took me months to get my gi bill after I was drained. I also didn’t get assistance for tuition so now I have student loans the army won’t pay.",I wouldn’t be interested because sometimes it seems like there isn’t much growth in the guard and we don’t get as much useful practice also not as much good solider care as I would like (benefits). I’m also interested because I love the army. I love the tactical environment and being out of my comfort zone. I won’t get experience from the army anywhere else. I love wearing the uniform and being part of the people that help keep the US safe. I love the people and I love seeing the world in different perspectives.,More useful training during drill and opportunities for soldiers to get involved outside of drill.,,,,,,,Yes,Sometimes I have been feeling more valued recently.
2/8/2025 17:53:24,ZGEAA (429th BN),Greater than 12 years,Yes,No,Yes,"TA, no issues",Yes,No,Yes,Yes,I am happy at my current unit,I am happy in my current MOS,Yes,To serve the nation and commenwealth,Nothing negative,N/A,Best battalion in the state,,,,,,,Yes,
2/8/2025 17:54:20,XA3AA (1-116th 3rd BN),Greater than 3 years but less than 6,No,No,No,N/A,No,No,Yes,Undecided,I am happy at my current unit,I am happy in my current MOS,Yes,Gaining military experience ,Ability to attend school,Inability to attend the college programs I want to because of AT,"I feel morale is good.  Not wasting time of soldiers and completing objectives asap, and soldier care. Both of which I am satisfied with.",,,,,,,No,N/A
2/8/2025 17:56:03,ZGEAA (429th BN),Greater than 3 years but less than 6,No,,No,,No,No,Yes,No,No,No,Yes,College payment ,Nothing ,Focus on civilian job ,MUTA 4’s ,,,,,,,No,
2/8/2025 17:59:22,ZGEAA (429th BN),Greater than 3 years but less than 6,Yes,no,No,,Yes,Yes,No,No,No,No,Yes,poor life choices,the army is shit and poorly regulated and is now part of a government that makes the people i care about not feel safe which is not what i understood a military and governing body to do,just simply not worth it low wage terrible benefits and zero care for my civilian side of life,more pay ,,,,,,,No,
2/8/2025 17:59:29,ZGEAA (429th BN),Greater than 6 years but less than 12,No,,No,,No,No,Yes,Yes,I am happy at my current unit,I am happy in my current MOS,Yes,Benefits,Mold in the buildings we sleep in is bad for my health,"Benefits are worth it, but Friday drills are hard - I would make more money working my civilian job on Fridays",No one knows what we are doing. Communication channels are not functional and decisions are either not being made in a timely fashion or not being communicated it a timely fashion ,,,,,,,Yes,
2/8/2025 17:59:59,ZGEAA (429th BN),Greater than 12 years,Yes,NO,No,N/A,No,No,Yes,Yes,Yes,I am happy in my current MOS,Yes,Job was closing,New soldier's initiative coming out of AIT,"Retention board  getting rid of great soldiers, then we are left with a soldier that has very little experience.","Let the soldiers go that don't want to be here and keep the one's that have put in the ""blood, sweat, and tears""",,,,,,,Yes,N/A
2/8/2025 18:00:14,XA3AA (1-116th 3rd BN),Less than 3 years,No,,No,,No,Yes,Yes,Yes,I am happy at my current unit,I am happy in my current MOS,Yes,Medical School ,"Nothing, I’m content in my experience in the national guard.",I would extend/re-enlist or maybe even commission when the time is right. There are many connections and opportunities in the national guard that I feel as though are waiting to be found and utilized. ,Include more team building activities. ,,,,,,,No,
2/8/2025 18:00:45,ZGEAA (429th BN),Greater than 6 years but less than 12,Yes,,Yes,College courses utilizing army ignited ,No,No,Yes,No,No,No,Yes,Was leaving active duty and wanted to try it out,College course work is ramping up heavily ,I would like to focus on my college education more than anything else ,Moral is good at the company and I have no qualms with the unit. Personal decision to get out of the national guard ,,,,,,,Yes,
2/8/2025 18:02:22,XA3AA (1-116th 3rd BN),Greater than 3 years but less than 6,Yes, No,No,,Yes,No,Yes,Yes,I am happy at my current unit,I am happy in my current MOS,Yes,SAD missions,N/A,I am ,More funding for for ADOS lower enlisted positions ,,,,,,,No,
2/8/2025 18:02:38,ZGEAA (429th BN),Greater than 3 years but less than 6,No,N/A,Yes,"GI Bill, state and federal TA",No,No,No,No,No,No,No,College,Switching units,I want to be able to travel whenever I want and do whatever I want. I got what I needed from the military and now I want out. ,Routine report and dismissal times when doing routine activities. ,,,,,,,No,
2/8/2025 18:02:56,ZGEAA (429th BN),Greater than 3 years but less than 6,No,No,Yes,Montgomery GI Bill and state tuition ,No,No,Yes,No,No,No,Yes,School help and wanting to serve,Army culture as well as impacting my civilian job. ,"My husband is active duty navy, i would like to not be tied to a state in the possibility of him changing orders. I also want to pursue my civilian job more as well as one day starting a family. ","I would encourage more positive attitudes and a hard working attitude. I also would change the speed at which we receive information about upcoming drills and receiving drill information the day of. While soldiers must adapt, when every drill has 10+ changes in plans and modifications it easily frustrates soldiers. I also would push for soldiers being more comfortable in their jobs, taking time on things to do their job to the best of their ability. It is proven that when you take your time and thoroughly do a task multiple times, your speed will also increase. Knowing this is hard for mechanics on a drill weekend it is vital for soldiers to learn how to properly do their jobs. When drill becomes chaotic and things change, sometimes soldiers become rushed",,,,,,,Yes,
2/8/2025 18:04:29,ZGEAA (429th BN),Greater than 3 years but less than 6,Yes,,No,,Yes,No,Yes,Yes,I am happy at my current unit,No,Yes,To serve my country ,N/A,N/A,Keep delta company ,,,,,,,Yes,
2/8/2025 18:04:48,ZGEAA (429th BN),Greater than 3 years but less than 6,Yes,No,Yes,State tuition assistance,No,No,Yes,Yes,Yes,Yes,Yes,Money,AT,I am,Keep delta company,,,,,,,No,
2/8/2025 18:04:59,ZGEAA (429th BN),Greater than 12 years,Yes,No,Yes,Some college. No,No,No,Yes,No,I am happy at my current unit,No,Yes,College,Nothing,Current contract carries me past 20 years ,None,,,,,,,Yes,
2/8/2025 18:05:33,ZGEAA (429th BN),Greater than 3 years but less than 6,No,N/A,Yes,Student loan reimbursement ,No,No,Yes,Yes,I am happy at my current unit,I am happy in my current MOS,Yes,College ,N/a,N/a,Better communication ,,,,,,,No,
2/8/2025 18:05:38,ZGEAA (429th BN),Greater than 6 years but less than 12,Yes,Nope,No,,No,Yes,Yes,No,Yes,No,Yes,Sense of direction ,"Excessive bs, no communication. ",Bs ,Communication ,,,,,,,No,
2/8/2025 18:05:41,ZGEAA (429th BN),Greater than 12 years,Yes,No,No,,No,Yes,Yes,Undecided,No,No,Yes,E-1,Excessive BS ,Burnt out ,More hands on training ,,,,,,,Yes,
2/8/2025 18:05:42,ZGEAA (429th BN),Greater than 12 years,Yes,,No,,No,No,Yes,Yes,I am happy at my current unit,No,Yes,Wanted to serve my country,The disbandment of my unit,I would stay if they were not disbanding my unit,Not disbanding delta company,,,,,,,Yes,If they were not disbanding my unit
2/8/2025 18:05:48,ZGEAA (429th BN),Greater than 6 years but less than 12,Yes,No,No,,Yes,No,Yes,Undecided,I am happy at my current unit,I am happy in my current MOS,Yes,Money,No communication ,Leadership planning and communication is subpar,Do better at communicating and planning,,,,,,,Yes,
2/8/2025 18:05:57,ZGEAA (429th BN),Greater than 3 years but less than 6,No,No,No,,No,No,Yes,Undecided,I am happy at my current unit,I am happy in my current MOS,Yes,For a trade ,Organization ,Not too sure ,Organization ,,,,,,,No,
2/8/2025 18:06:07,ZGEAA (429th BN),Greater than 3 years but less than 6,Yes,No,No,,No,Yes,Yes,No,I am happy at my current unit,I am happy in my current MOS,Yes,I joined for college and because my grandpa was in the military. ,I had children so I want to spend my extra time with them. ,I’m not reenlisting due to me having children and my husband’s difficult work schedule. ,Nothing. I think morale is great in our unit. ,,,,,,,No,
2/8/2025 18:06:18,ZGEAA (429th BN),Greater than 6 years but less than 12,Yes,No,No,,No,No,Yes,Yes,I am happy at my current unit,Yes,Yes,I love USA,N/A,N/A,Don’t get rid of it,,,,,,,Yes,
2/8/2025 18:06:34,ZGEAA (429th BN),Less than 3 years,No,,Yes,1606 GI Reserve Bill and Tuition Assistance ,Yes,No,Yes,Undecided,I am happy at my current unit,I am happy in my current MOS,Yes,Benefits,Nothing,It just depend on where I am at in my career by the time of reenlisting.,Stay in D Co 429th,,,,,,,No,
2/8/2025 18:06:39,ZGEAA (429th BN),Greater than 3 years but less than 6,No,,No,,No,Yes,Yes,Yes,I am happy at my current unit,I am happy in my current MOS,Yes,Bored,None,Continued employment,Cookies,,,,,,,Yes,
2/8/2025 18:06:52,ZGEAA (429th BN),Greater than 6 years but less than 12,Yes,No,No,,No,Yes,Yes,Yes,I am happy at my current unit,I am happy in my current MOS,Yes,Ability to serve and get money with school. ,The requirements out of drill. I feel like as M Day doing multiple meetings during family time is a huge turn off. ,I will do 20 to get health insurance for life. ,Less BN requirements and more unit training. ,,,,,,,Yes,
2/8/2025 18:06:56,UAXAA (224th Aviation),Greater than 3 years but less than 6,No,No,Yes,Army united ,No,Yes,Yes,Undecided,I am happy at my current unit,I am happy in my current MOS,Yes,Betterment / benefits ,None ,Personal reasons ,None ,,,,,,,No,
2/8/2025 18:07:14,ZGEAA (429th BN),Greater than 3 years but less than 6,No,No,No,,No,No,Yes,Undecided,I am happy at my current unit,I am happy in my current MOS,Yes,D.Co ,D co going away,Please keep D.co,Army national guard keep D.Co,,,,,,,Yes,
2/8/2025 18:07:14,ZGEAA (429th BN),Greater than 6 years but less than 12,No,,No,,No,No,No,No,No,No,No,College,"Preferential treatment to others, cliques ","I do not feel valued, I feel forgotten and ignored and this is currently hurting my civilian career",Better communication ,,,,,,,No,
2/8/2025 18:07:16,ZGEAA (429th BN),Greater than 12 years,Yes,No not at this time ,Yes,GI Bill Education ,Yes,No,Yes,Yes,I am happy at my current unit,I am happy in my current MOS,Yes,Commitment to my country ,Nothing ,Challenge and comrodere ,Nothing ,,,,,,,Yes,
2/8/2025 18:07:40,ZGEAA (429th BN),Less than 3 years,No,No,No,,No,No,Yes,Yes,I am happy at my current unit,I am happy in my current MOS,Yes,Family ,N/a,N/a,N/a,,,,,,,No,
2/8/2025 18:08:48,ZGEAA (429th BN),Greater than 6 years but less than 12,Yes,None,No,,No,No,Yes,Undecided,I am happy at my current unit,Yes,Yes,Better future opportunities ,No answer,No answer,Better communication ,,,,,,,Yes,
2/8/2025 18:08:50,ZGEAA (429th BN),Greater than 12 years,Yes,,No,,Yes,No,Yes,Yes,Yes,I am happy in my current MOS,Yes,Money,IDK,Im a Technician ,no Muta 5s,,,,,,,Yes,
2/8/2025 18:09:37,ZGEAA (429th BN),Greater than 6 years but less than 12,Yes,,Yes,No,No,No,No,Undecided,Yes,Yes,No,Education benefits and possible retirement benefits , N/A,N/A,N/A,,,,,,,Yes,
2/8/2025 18:09:56,ZGEAA (429th BN),Greater than 3 years but less than 6,Yes,,No,,No,No,Yes,No,No,No,Yes,To serve my country ,Lack of communication ,I am planning on going to school out of state and don’t want to have 2 commitments ,More family days ,,,,,,,No,
2/8/2025 18:10:02,ZGEAA (429th BN),Less than 3 years,No,No,No,,No,No,Yes,Yes,Yes,Yes,Yes,School,Communication ,I am interested because I want to further my education.,Family day/ field day? ,,,,,,,No,
2/8/2025 18:10:05,PHPAA (1-116th INF BN),Less than 3 years,No,,Yes,I got denied for my benefits ,No,No,Yes,No,Yes,No,Yes,To have a purpose and for education ,No communication and unorganized ,There’s needs to be more communication and organization within the ranks ,More encouragement from the leadership ,,,,,,,No,
2/8/2025 18:10:35,ZGEAA (429th BN),Greater than 12 years,Yes,N/A,Yes,GI Bill VTAG National Guard tuition assistance ,No,No,No,Undecided,Yes,Yes,Yes,Education Career benefits and Retirement ,"OPTEMPO I am also a Technician with over 20 years in the Military. I would love to stay in the Technician program, but I am tired of Guard. Title 5 would be great with Techs over 20 in the Guard but that is not an option, guess I will be moving on.",Over 20 years of service and I do not want to deploy no more.,"Slow this OPTEMPO, improve benefits tuition assistance, health insurance. A raise to combat inflation. Revamp the technician program, give bonuses. Recognition for people within the ranks, we are supposed to good conduct medals every few years. Have not since happen but once in my entire military career. ",,,,,,,Yes,
2/8/2025 18:10:59,ZGEAA (429th BN),Greater than 12 years,Yes,N/A,Yes,Federal & State - yes I’ve had issues utilizing both benefits. Challenge to get approved. Still need assistance. ,No,Yes,No,No,No,Yes,No,Will not say. ,Sexually assaulted. ,Mental health! Haven’t been promoted. Been eligible for over 5 years. Dont know how to the process works. ,Providing leadership opportunities. Full educational overview. Promotion. ,,,,,,,Yes,Attend leadership schools to improve leadership abilities. 
2/8/2025 18:11:20,ZGEAA (429th BN),Greater than 3 years but less than 6,Yes,Not so far,No,,No,No,Yes,Yes,Yes,Yes,Yes,Benefits and access to federal jobs,The way retirement works for the guard,To keep my job,Oversea training for annual training like Germany for example ,,,,,,,Yes,
2/8/2025 18:11:38,ZGEAA (429th BN),Greater than 12 years,Yes,No,Yes,State/federal tuition assistance ,No,No,Yes,Yes,No,I am happy in my current MOS,Yes,Serve the community ,Optempo and requirements keep increasing ever year impacting morale and quality time with other soldiers.,To get to 20 years and retire,Decrease op tempo and requirements from higher hqs. Develop training on what soldiers think they are weak at.,,,,,,,Yes,
2/8/2025 18:12:28,ZGEAA (429th BN),Greater than 12 years,Yes,I wanna create a baby and be home. No deployment for me. ,No,,No,Yes,Yes,Undecided,I am happy at my current unit,I am happy in my current MOS,Yes,Tricare ,I wanna create a baby and not deploy,Yolo ,Common area or common room,,,,,,,Yes,
2/8/2025 18:12:36,ZGEAA (429th BN),Greater than 6 years but less than 12,Yes,,Yes,State TA,No,No,Yes,Yes,Yes,Yes,Yes,I don’t know no more ,I hate the guard but I need a job,I will re enlisting bc I need a job ,Make technician  be able to have bonuses ,,,,,,,Yes,
2/8/2025 18:12:53,ZGEAA (429th BN),Greater than 12 years,No,No,Yes,"BSN, NO",No,Yes,Yes,Yes,No,Yes,Yes,"Serve my country , insurance benefits, bonus ",Nothing ,I would like to complete my 20 years ,Not at this time ,,,,,,,No,
2/8/2025 18:13:09,ZGEAA (429th BN),Greater than 3 years but less than 6,Yes,No questions,No,,Yes,No,No,No,No,No,No,Money ,The attitudes ,Don't wanna be part of the negative anymore,None ,,,,,,,No,People don't listen to my advice and when I try to teach people something I don't get listened to I get ignored and people walk away
2/8/2025 18:14:12,ZGEAA (429th BN),Greater than 3 years but less than 6,Yes,No,No,,Yes,No,No,No,Yes,I am happy in my current MOS,No,Money,Soldier care is terrible. No family days ,I do not want to deal with things that come with being in anymore ,Family day. ,,,,,,,Yes,Soldier care could be better planning could be better. 
2/8/2025 18:15:11,XA3AA (1-116th 3rd BN),Greater than 3 years but less than 6,No,No,No,,Yes,No,Yes,No,No,No,Yes,Wanted to experience the National guard after active duty,Nothing,Personal Mental Health (not army related),Morale is high as is,,,,,,,Yes,
2/8/2025 18:15:19,ZGEAA (429th BN),Less than 3 years,No,No,No,,Yes,Yes,Yes,Yes,Yes,No,Yes,School benefits ,Me having a family ,I am re-enlisting because the military has provided me multiple opportunities and a stable living ,"I will say the one improvement I will like to see something being set up and done head of time people shouldn’t be waiting 6 months for there bonus, or keep redoing paperwork and stuff",,,,,,,No,
2/8/2025 18:17:02,ZGEAA (429th BN),Greater than 12 years,Yes,,Yes,"Post 911 GI BILL transfer, no issues",Yes,No,Yes,Undecided,Yes,No,Yes,"Nothing specific, just wanted to serve. ",N/a,N/a,N/a,,,,,,,Yes,
2/8/2025 18:23:13,ZGEAA (429th BN),Less than 3 years,No,,No,,Yes,No,Yes,Undecided,No,Yes,Yes,"Dream , benefit ",Benefit ,To many Lazy people ,Be more organized and make the lazy people work ,,,,,,,No,
2/8/2025 18:25:51,ZGEAA (429th BN),Less than 3 years,No,No,No,,No,No,Yes,Undecided,I am happy at my current unit,Yes,Yes,N/A,N/A,N/A,Nothing,,,,,,,No,
2/8/2025 18:26:15,XA3AA (1-116th 3rd BN),Greater than 6 years but less than 12,Yes,,No,,No,No,No,Undecided,Yes,Yes,Yes,resume,"Some form of leadership, change of relationship ",already did ,"more clarity, less random bullshit and the amount of hurry up and wait attitude ",,,,,,,No,
2/8/2025 18:27:02,XA3AA (1-116th 3rd BN),Less than 3 years,No,No,No,,No,No,Yes,Undecided,No,No,Yes,Access to a secret clearance. Desire to serve nation and state. Medical benefits and personal fitness.,Lack of sleep,I am not interested in re enlisting at the moment because I am unsure what my life will look like at this time.,"Although not necessary, informing lower enlisted of daily schedule ",,,,,,,No,
2/8/2025 18:27:10,V6VAA (1-116th),Greater than 6 years but less than 12,Yes,,No,,No,No,Yes,No,No,No,No,To serve ,"The OPTEMPO is not sustainable, I can not have a life plus the requirements, the pace is none stop. ","It’s too much, and not benefits of staying, the stress and the pace is not good for a family dynamic ","Do less, we are doing soo much with the minimum amount of people. Plus hold people accountable for their actions. ",,,,,,,Yes,"Leadership here is very biased and clicky, there is a huge favoritism at top levels. "
2/8/2025 18:28:52,ZGEAA (429th BN),Greater than 12 years,Yes,No,No,,No,Yes,Yes,Undecided,I am happy at my current unit,I am happy in my current MOS,Yes,Service,Got real gay,"I'm staying because I am close to retirement. If not, I wouldn't stay.","Quit pulling school reservations and saying it is due to funding, then pay for some soldiers to stay in hotels.",,,,,,,Yes,
2/8/2025 18:29:44,ZGEAA (429th BN),Greater than 3 years but less than 6,No,,Yes,Graduate school and yes did not have proper information on how utilize benefits.,No,Yes,No,No,No,Yes,No,Benefits for my family,Lack of Leadership,"Lack of leadership, organization, time management, soldier care","Become more organized and efficient with time and resources. Be more mindful and respectful of soldiers situations in regards to family, finances, school.",,,,,,,No,More attention towards managing time and scheduling during drill weekend. Being presented information on trainings and upward mobility.
2/8/2025 18:30:13,ZGEAA (429th BN),Greater than 6 years but less than 12,No,No,Yes,GI bill,No,No,No,Yes,Yes,Yes,Yes,Benefits,Nothing,Am interested in extending ,More training on the MOS,,,,,,,Yes,
2/8/2025 18:30:32,XA3AA (1-116th 3rd BN),Greater than 3 years but less than 6,Yes,,Yes,"Federal TA and yes, when calling Mr. Rush to resolve the matter, there was no response or returned call",No,No,Yes,Yes,I am happy at my current unit,I am happy in my current MOS,Yes,"Service, family, benefits, adventure",The how the SHARP policy is loosely upheld and is presented in a false way ,I like the benefits and what I do and plan on going ADOS or AGR,Team building exercises ,,,,,,,Yes,
2/8/2025 18:30:43,777AA (R&R),Greater than 12 years,Yes,No,No,,No,No,Yes,Yes,Yes,I am happy in my current MOS,Yes,Service to country and community,"None, I’m going to retire",I plan to serve as long as I can,Enforce sponsorship programs and command climate surveys,,,,,,,Yes,
2/8/2025 18:31:00,XA3AA (1-116th 3rd BN),Greater than 6 years but less than 12,Yes,No,Yes,Associates,No,No,Yes,Yes,Yes,Yes,Yes,Next step,"Leadership, promotion cycles ","Benefits, school.","Offering more schools that can benefit civilian side careers, training to standard; not time, and not have drill on superbowl Sunday.",,,,,,,Yes,
2/8/2025 18:33:42,V5KAA (29th DIV),Less than 3 years,No,,No,,Yes,No,Yes,Yes,I am happy at my current unit,I am happy in my current MOS,Yes,Service,N/A,I enjoy the National Guard and my unit,More schools,,,,,,,No,
2/8/2025 18:34:05,XA3AA (1-116th 3rd BN),Greater than 3 years but less than 6,No,Where and length ,Yes,SLRP,No,Yes,No,No,No,No,No,"Experience, school, other benefits, ","Not being able to find the right resources or directed to them, prompt response, lack of communication, lack of training, lack of PT, extremely out of shape unit, old equipment, unorganized, etc.","For the reasons mentioned above. It has not been an overall “good” experience. I don’t feel valued, an asset, a compliment, or needed. Lack of encouragement, guidance to find the right resources. It took hell trying to find someone to help me out with my SLRP process. It is currently being taken care of, but it took 2 years to get things moving, only after pounding on every possible door with persistence and annoyance. ",Clear guidance and direction. ,,,,,,,No,Not interested- n/a
2/8/2025 18:34:07,ZGEAA (429th BN),Greater than 12 years,Yes,No,Yes,Post 9/11 no,Yes,No,No,Yes,I am happy at my current unit,I am happy in my current MOS,Yes,Love the military ,Lack of soldier care.  Wasting soldiers time,Love the military. It's my bright spot ,Organization. Purpose. performing mos,,,,,,,Yes,
2/8/2025 18:34:34,XA3AA (1-116th 3rd BN),Greater than 3 years but less than 6,No,,No,,No,No,Yes,Yes,Yes,Yes,Yes,Fun,Inactivity,Extending for deployment,Setting goals for soldiers and rewards of some kind for achievement ,,,,,,,No,
2/8/2025 18:36:06,XA3AA (1-116th 3rd BN),Less than 3 years,No,no,Yes,"Montgomery Gi Bill , no",No,No,Yes,Yes,I am happy at my current unit,I am happy in my current MOS,Yes,Didnt want to live my life with any regrets,Some peers,I am interested in reenlisting.,Nothing,,,,,,,No,
2/8/2025 18:36:17,ZGEAA (429th BN),Greater than 3 years but less than 6,No,No,Yes,911/GI ,Yes,No,Yes,Undecided,I am happy at my current unit,I am happy in my current MOS,Yes,Bonus,Too much hoopla ,I am not bc my 8 year obligation is almost complete ,Allow the end of tasks be law,,,,,,,No,
2/8/2025 18:38:04,777AA (R&R),Greater than 12 years,Yes,N/A,Yes,Post 9-11 GI Bill,No,Yes,Yes,Yes,Yes,I am happy in my current MOS,Yes,Service to Country,Injuries and age,To complete 20 active years,Better qualified leads. ,,,,,,,Yes,
2/8/2025 18:38:06,ZGEAA (429th BN),Greater than 6 years but less than 12,Yes,,Yes,"Federal TA
State TA
Montgomery GI Bill",No,No,Yes,Undecided,I am happy at my current unit,I am happy in my current MOS,No,Education benefits,Length of AT and drill weekends,"I am undecided, if i do reenlist it will be because I will be getting promoted. If i do not reenlist it is because the Army Guard has taken a lot of time away from my loved ones and important events.","Getting out earlier than 1700 on Sundays.
Being able to POV straight to FT Barfoot and leave from FT Barfoot
Shorter drill weekends and ATs
More ADOS orders availability",,,,,,,No,More training opportunities for my MOS
2/8/2025 18:39:27,XA3AA (1-116th 3rd BN),Less than 3 years,No,No,Yes,State tuition assistance. The issues are how many hoops you have to jump through to get reimbursed. ,No,No,Yes,No,No,No,Yes,College,No longer desire to stay,Because I dont want to,I’m not sure,,,,,,,No,
2/8/2025 18:40:39,ZGEAA (429th BN),Greater than 3 years but less than 6,Yes,,Yes,,Yes,No,No,No,No,Yes,No,Benefits,"Poor logistical planning, poor use of white space. I hate the ACFT. ","Mostly, the ACFT has unfair standards. Please take away the run. ",Better pay. Better planning and execution. Fair treatment from the top down.,,,,,,,No,Junior enlisted are treated more like tools than human beings. Passive and disconnected leadership (company commander) .
2/8/2025 18:41:04,ZGEAA (429th BN),Less than 3 years,No,No,No,,No,No,Yes,Undecided,No,I am happy in my current MOS,Yes,For school ,Nothing ,I am unsure ,More discipline ,,,,,,,No,
2/8/2025 18:41:08,ZGEAA (429th BN),Greater than 3 years but less than 6,No,,Yes,ArmyIgnitED ,No,No,Yes,Undecided,I am happy at my current unit,I am happy in my current MOS,Yes,Resources to better my life,N/a,N/A,N/A,,,,,,,No,
2/8/2025 18:41:21,ZGEAA (429th BN),Greater than 3 years but less than 6,No,Family concerns ,Yes,Army ignited ,Yes,No,Yes,Undecided,I am happy at my current unit,I am happy in my current MOS,Yes,Childhood dream,Getting hurt during service ,Undecided ,More meeting to be included in lower and upper ranks alike ,,,,,,,No,
2/8/2025 18:41:27,ZGEAA (429th BN),Greater than 3 years but less than 6,No,No,Yes,ArmyignitEDTA & GI Bill,No,No,No,No,No,No,Yes,Tuition Assistance ,interferes with my personal life ,"I dont see myself staying in past my contract, its not something i wanna do for more than i need to",being more understanding ,,,,,,,No,N/A
2/8/2025 18:41:48,XA3AA (1-116th 3rd BN),Greater than 12 years,Yes,N/a,Yes,Post 9/11 state/federal tuition no issues,No,No,Yes,Yes,Yes,Yes,Yes,Schooling and Job experience,Almost at retirement,Almost at retirement,Meals during drill better planning for physical fitness ,,,,,,,Yes,
2/8/2025 18:42:17,ZGEAA (429th BN),Greater than 12 years,Yes,Not at this time,Yes,"State tuition, federal tuition assistance ",No,No,Yes,Yes,I am happy at my current unit,I am happy in my current MOS,Yes,"Leadership opportunities, school assistance; the chance to be a part of something great",High operation tempos without regard for civilian life constraints ,The people I’ve met are a reason to stay and the high op tempo for several years in a row would be a reason to get out ,"Working on a case by case basis with soldier needs, offering more transparency or benefits available, timely incentives",,,,,,,Yes,
2/8/2025 18:42:29,7LYAA (34th CST),Greater than 6 years but less than 12,Yes,,Yes,TA. ,No,Yes,Yes,Undecided,I am happy at my current unit,I am happy in my current MOS,Yes,Benefits ,Current state of the country. Felon commander in chief. ,Held to a different standard than our felon commander in chief. Unqualified sec def. ,Less high strung upper leadership. ,,,,,,,Yes,
2/8/2025 18:42:35,ZGEAA (429th BN),Greater than 6 years but less than 12,Yes,,Yes,GI BILL &TA,No,No,No,Undecided,Yes,Yes,Yes,"I knew I wanted to join the military, they just called first.","Leaderships communication skills, and disorganization. Favoritism.",I am undecided. I don’t want to explain further.,"Better communication, better training, soldier care.",,,,,,,Yes,
2/8/2025 18:43:42,XA3AA (1-116th 3rd BN),Greater than 3 years but less than 6,No,,Yes,Armyignited,No,Yes,Yes,Undecided,No,Yes,Yes,Education  benefits,SLRP not being paid ,"Undecided,",NA,,,,,,,No,
2/8/2025 18:43:43,ZGEAA (429th BN),Greater than 3 years but less than 6,No,No,No,,No,No,Yes,No,No,No,Yes,School,Drama,Pregnancy ,Enforcing standards ,,,,,,,No,
2/8/2025 18:44:28,ZGEAA (429th BN),Less than 3 years,No,No,No,,No,No,No,Yes,I am happy at my current unit,I am happy in my current MOS,No,The play ⚾️ ,I don’t know ,I don’t know ,I don’t know ,,,,,,,Yes,
2/8/2025 18:44:33,ZGEAA (429th BN),Less than 3 years,No,,Yes,,No,Yes,Yes,Undecided,I am happy at my current unit,Yes,Yes,Impulse and To pay for school,Being stuck in virginia and wanting to switch to active duty but not being able to ,N/A,Idk,,,,,,,No,
2/8/2025 18:44:38,ZGEAA (429th BN),Greater than 6 years but less than 12,No,No,Yes,ArmyIgnited and no issues ,No,No,Yes,Undecided,No,No,Yes,Trying a different approach on career path,Nothing,"Undecided, still understanding new career change",Still new to unit ,,,,,,,Yes,
2/8/2025 18:44:46,ZGEAA (429th BN),Greater than 3 years but less than 6,No,,Yes,tuition assistance ,No,No,Yes,Undecided,I am happy at my current unit,I am happy in my current MOS,Yes,College ,N/A,Undecided ,N/A,,,,,,,No,
2/8/2025 18:45:00,777AA (R&R),Greater than 12 years,Yes,,No,,No,No,Yes,Yes,I am happy at my current unit,Yes,Yes,Service,Poor leadership in previous units ,"Service, family",NA,,,,,,,Yes,
2/8/2025 18:45:06,ZGEAA (429th BN),Greater than 12 years,Yes,,No,,No,Yes,No,Undecided,Yes,Yes,Yes,Circumstance,Poor Leadership ,N/A,Improve Morale,,,,,,,Yes,Pay attention to my religious accommodation 
2/8/2025 18:45:06,ZGEAA (429th BN),Greater than 6 years but less than 12,Yes,No,No,,No,Yes,Yes,Yes,Yes,Yes,Yes,Bonus,Training is check the box and not properly training soldiers for tasks ,Staying until retirement ,LBCT ,,,,,,,Yes,
2/8/2025 18:45:11,ZGEAA (429th BN),Less than 3 years,Yes,,Yes,"GI Bill, and I haven’t received any of the benefits from it as of yet",No,No,Yes,Undecided,No,No,No,College,College wasn’t free,Move on to new things,Stop wasting my time,,,,,,,No,
2/8/2025 18:45:26,ZGEAA (429th BN),Less than 3 years,No,,Yes,College repayment program. Loans are not being paid and the process is very long to get approved ,No,No,Yes,Yes,I am happy at my current unit,I am happy in my current MOS,Yes,Pay back college and serve my community ,Lack of communication ,I plan to reenlist ,The food ,,,,,,,No,
2/8/2025 18:45:36,ZGEAA (429th BN),Greater than 6 years but less than 12,Yes,N/A,No,N/A,No,Yes,No,Undecided,Yes,I am happy in my current MOS,Yes,N/A,Leadership ,Just not,N/A,,,,,,,Yes,
2/8/2025 18:45:42,ZGEAA (429th BN),Greater than 3 years but less than 6,Yes,No,No,,No,No,Yes,Undecided,Yes,I am happy in my current MOS,Yes,I came from a military background and I wanted to use some of the benefits ,Not being able to learn my mos ,Not being able to learn my mos and getting the information when I need it ,No,,,,,,,No,
2/8/2025 18:46:07,ZGEAA (429th BN),Greater than 6 years but less than 12,No,No,No,None,No,No,No,No,No,No,Yes,Opportunities ,Lack of things to do standing around ,I'd rather not,Clear communication among the people,,,,,,,No,
2/8/2025 18:46:17,ZGEAA (429th BN),Greater than 3 years but less than 6,No,,No,,No,Yes,No,No,No,No,No,Circumstance ,Lack of communication and organization ,I don’t feel like extending would be beneficial ,Soldier care ,,,,,,,No,
2/8/2025 18:46:18,ZGEAA (429th BN),Less than 3 years,No,No,Yes,Waiting for my GI Bill to post,No,No,Yes,Yes,I am happy at my current unit,I am happy in my current MOS,Yes,"Kids, Benefits, and a future",N/A,N/A,Just try and do more active PT to build motivation do just feel better and physically do the job.,,,,,,,No,N/A
2/8/2025 18:46:24,ZGEAA (429th BN),Greater than 3 years but less than 6,No,no,No,,No,No,Yes,Undecided,No,No,Yes,i needed guidance ,we wait alot,i don’t know yet,better hit times,,,,,,,No,
2/8/2025 18:46:49,PHPAA (1-116th INF BN),Greater than 3 years but less than 6,No,No,No,N/A,No,Yes,Yes,Yes,Yes,Yes,Yes,Benefits ,N/A,N/A,Motivation ,,,,,,,Yes,
2/8/2025 18:46:57,ZGEAA (429th BN),Greater than 12 years,Yes,No,No,,Yes,No,No,Yes,Yes,No,Yes,Better myself ,None,Retirement ,Do more mos training ,,,,,,,Yes,
2/8/2025 18:47:03,ZGEAA (429th BN),Greater than 6 years but less than 12,Yes,,Yes,State tuition and GI bill,No,Yes,No,No,I am happy at my current unit,No,Yes,To serve and gain new experiences,Just in a different place in my life,I would like to start a family and don’t want to have a chance of deploying with kids.,Better platoon level leadership,,,,,,,Yes,
2/8/2025 18:47:23,XA3AA (1-116th 3rd BN),Greater than 12 years,Yes,,Yes,"State TA and federal TA, new state TA is hard to use a it needs to be front liaded",No,No,Yes,Yes,I am happy at my current unit,I am happy in my current MOS,Yes,Education benifits,The BS that we get put through. ,Im reenlisting soley BC I have the old retirement. I enjoy the comradierie,"Better schedules, pay",,,,,,,Yes,
2/8/2025 18:47:24,ZGEAA (429th BN),Greater than 3 years but less than 6,No,n/a,Yes,TA,No,No,Yes,No,No,No,Yes,tuition assistance,n/a,not interested in continuing my service,n/a,,,,,,,No,
2/8/2025 18:47:40,ZGEAA (429th BN),Less than 3 years,Yes,,No,,Yes,No,Yes,Undecided,I am happy at my current unit,I am happy in my current MOS,Yes,My poor financial situation. Acquiring a CDL,Anxiety to upcoming drill dates. Poor communication and planning ,"I am interested in deploying, I like being given clear instructions to follow. I don't want to deploy with another unit. I have unnecessary anxiety up to two weeks before a drill weekend that impacts my ability to plan things within those two weeks. I stress over my usefulness within the company and what others in my platoon may think of my lack of skill or knowledge.",N/A.,,,,,,,No,
2/8/2025 18:47:55,ZGEAA (429th BN),Greater than 6 years but less than 12,Yes,,No,,No,Yes,Yes,Undecided,No,Yes,Yes,Service,None,No,.,,,,,,,No,
2/8/2025 18:49:12,ZGEAA (429th BN),Greater than 6 years but less than 12,Yes,No,Yes,State TA,No,No,Yes,Yes,I am happy at my current unit,I am happy in my current MOS,Yes,Not Applicable ,Not Applicable ,Not Applicable ,No,,,,,,,No,
2/8/2025 18:49:58,ZGEAA (429th BN),Greater than 6 years but less than 12,Yes,No,No,,No,No,Yes,Undecided,I am happy at my current unit,I am happy in my current MOS,Yes,New experience ,No,No,Build more chemistry ,,,,,,,No,
2/8/2025 18:50:16,ZGEAA (429th BN),Greater than 12 years,Yes,,No,,Yes,No,Yes,Yes,I am happy at my current unit,Yes,Yes,Be different ,Nothing,I'm staying,"Better food, better communication ",,,,,,,Yes,
2/8/2025 18:51:11,ZGEAA (429th BN),Greater than 3 years but less than 6,Yes,,No,,Yes,No,Yes,Yes,I am happy at my current unit,I am happy in my current MOS,Yes,To help others,N/A,N/A,Improve communication ,,,,,,,No,
2/8/2025 18:51:16,V6VAA (1-116th),Greater than 3 years but less than 6,No,No,No,,No,No,Yes,Undecided,I am happy at my current unit,Yes,Yes,Pride for country & SLRP,Goals for career,Not interested in extending ,None,,,,,,,No,
2/8/2025 18:51:25,ZGEAA (429th BN),Greater than 12 years,Yes,Where are we deploying too? ,Yes,Tuition assistance ,No,No,No,Yes,Yes,Yes,No,"Originally, for school ",Proper leadership. Soldier care. ,I’m AGR. So naturally I’m extending. ,"Mentorship, leadership, effective communication, holding senior leaders to same standard as lower enlisted. ",,,,,,,Yes,"Gratitude, appreciation, not having other soldiers make sly comments, having fairness all around. Not picking favorites. "
2/8/2025 18:51:41,ZGEAA (429th BN),Greater than 3 years but less than 6,No,,No,,No,No,Yes,Yes,I am happy at my current unit,I am happy in my current MOS,Yes,i was told my school would be free which obviously was cap🤣,the school stuff,because i want the VA loan and i want to retire,nothing,,,,,,,No,
2/8/2025 18:52:34,ZGEAA (429th BN),Greater than 12 years,Yes,,Yes,Post 911,No,Yes,No,Yes,Yes,Yes,Yes,Helping my community ,"Multiple pay issues, leadership brushing pay issues to the side for months at a time ",. ,"Soldiers held to a standard, better communication ",,,,,,,Yes,
2/8/2025 18:52:52,ZGEAA (429th BN),Less than 3 years,No,,No,,No,No,No,No,No,No,Yes,School,Away from home,Scared of deployment ,Nothing,,,,,,,No,
2/8/2025 18:53:20,ZGEAA (429th BN),Greater than 12 years,Yes,No,Yes,Tuition Assistance ,No,No,Yes,No,No,No,Yes,Lifelong service to state. ,"Change in generational values of younger soldiers. There is excessive laziness, tardiness, and disrespectful soldiers in general.","I've reached the last enlistment needed. As a Dual status soldier, there is a significant impact on personal life between working two jobs as a national guard soldier and military technician.",Those problems are greater than the company or battalion. This problem lies within the bylaws of Fasclass in reference to positions being attached to the national guard. Technicians who would normally be able to recieve retention bonuses can not due to being forced to have participation within the National Guard.,,,,,,,Yes,
2/8/2025 18:53:34,ZGEAA (429th BN),Greater than 3 years but less than 6,No,,Yes,I have used state ta before they did the reimbursement thing. it’s extremely frustrating that they changed and had to force myself to drop out of college and pay my previous tuition bill out of pocket. I’m also aware of federal ta/ca. ca is great I’ve used that last fiscal year but I tried using federal ta to get back into college but they failed sending funds in time which led to be having to drop out of the spring semester.,No,No,No,Undecided,Yes,Yes,No,I wanted to serve part time and be a full time college student.,"-failure to send me to a school pertaining to my mos
-no reenlist bonus 
-feel like I’m not valued",I stated in previous ones but I actually like the guard but the failure to helping soldiers out in terms of advancing in their career has massively derailed my decision to reenlist.,"increase soldier care by providing adequate resources for school, mental health, etc",,,,,,,No,"If they would send me to the schools pertaining to my mos. I have been at my unit for almost 5 years and my ets date is next year, but they still fail to send me."
2/8/2025 18:53:39,ZGEAA (429th BN),Less than 3 years,No,,No,,No,No,Yes,Undecided,I am happy at my current unit,Yes,No,"I wanted to join to try something different, and step out of my comfort zone; for as well serve my country. ",I can not think of anything right now. ,"I am thinking about re-enlisting because I want to grow as a soldier, I want to try to become more someone who a new soldier can look up to and ask questions to. 

If I decided not to re-in list is because I wanna see where life would be for me from then. ",Have a monthly or quarterly Q&A Meeting and Feedback Seminar. ,,,,,,,No,
2/8/2025 18:53:52,ZGEAA (429th BN),Greater than 3 years but less than 6,No,,No,,No,No,Yes,Yes,I am happy at my current unit,I am happy in my current MOS,Yes,i was told school would be free but obviously that was cap🤣,the school stuff,i want the va loan and to retire,nothing i love my company ,,,,,,,No,
2/8/2025 18:54:07,ZGEAA (429th BN),Greater than 3 years but less than 6,Yes,No,Yes,Federal tuition. No issues,No,No,Yes,No,No,No,Yes,"Educational benefits, career goals","Health issues, change of personal plans","Moving to another state, health problems","Soldier care, clear goals for drill missions, non-toxic leadership and environment",,,,,,,Yes,
2/8/2025 18:54:22,XA3AA (1-116th 3rd BN),Greater than 3 years but less than 6,Yes,No,Yes,State TA,Yes,Yes,Yes,No,No,No,Yes,Education ,Everything. ,"I have an entire list of reasons why I do not want to re-enlist. Some include that I do not want to be tested on qualifying for an M4, I hate the ACFT as a small woman, and because I miss important birthdays and events. ","Cookouts, releasing soldiers on time. ",,,,,,,Yes,
2/8/2025 18:55:25,ZGEAA (429th BN),Greater than 6 years but less than 12,Yes,How do I prepare better?,No,,No,No,Yes,Undecided,I am happy at my current unit,I am happy in my current MOS,No,I got in trouble ,Leadership has lack of concern for soldiers ,Feel like I don’t belong ,Try to make the training easier but also not have them scattered everywhere ,,,,,,,No,
2/8/2025 18:56:02,ZGEAA (429th BN),Greater than 3 years but less than 6,No,No,No,,No,No,Yes,Yes,Yes,Yes,Yes,Career,Nothing ,Career,Exercise ,,,,,,,No,
2/8/2025 18:56:03,XA3AA (1-116th 3rd BN),Less than 3 years,No,No,No,,No,No,Yes,Undecided,No,No,Yes,"Friends and family, and I wanted experience before I go active after college","Nothing, just the usual lack of communication.",I just re-enlisted two weeks ago for three years,"Communication, better awareness of bonus eligibility, and better access to schools or things of that nature. ",,,,,,,No,
2/8/2025 18:56:36,ZGEAA (429th BN),Less than 3 years,No,,No,,No,Yes,Yes,Undecided,Yes,Yes,Yes,Educational benefits and citizenship ,Desire for a new MOS. Balance with school,I plan to go full time after my contract.,More civilian/military balance ,,,,,,,No,
2/8/2025 18:57:15,ZGEAA (429th BN),Greater than 6 years but less than 12,Yes,,Yes,Gi bill ,Yes,No,Yes,No,No,I am happy in my current MOS,Yes,Benefits,Nothing ,I finished what I wanted to accomplish in the national guard ,Communication and being open with lower enlisted soldiers ,,,,,,,No,
2/8/2025 18:58:53,XA3AA (1-116th 3rd BN),Less than 3 years,No,,No,,No,No,Yes,Yes,Yes,Yes,Yes,Benefits,Nothing,Na,Na,,,,,,,Yes,
2/8/2025 18:59:36,XA3AA (1-116th 3rd BN),Greater than 3 years but less than 6,No,N/A,Yes,GI Bill,No,Yes,No,No,Yes,Yes,No,Wanted to serve ,Incompetent leadership,N/A,Improve soldier care,,,,,,,No,Listening
2/8/2025 19:00:03,ZGEAA (429th BN),Less than 3 years,No,,Yes,Montgomery GI Bill,No,No,Yes,Undecided,I am happy at my current unit,I am happy in my current MOS,Yes,To gain discipline and to further my education ,Nothing ,N/A,Communicate duties and responsibilities effectively ,,,,,,,No,
2/8/2025 19:00:17,XA3AA (1-116th 3rd BN),Less than 3 years,No,N/A,No,,No,No,Yes,Undecided,I am happy at my current unit,I am happy in my current MOS,Yes,College benefits,Doing stupid tasks,"It’s already a long contract, I don’t know where I’ll be at that point in my life.",I am satisfied with the morale,,,,,,,No,
2/8/2025 19:03:15,XA3AA (1-116th 3rd BN),Less than 3 years,No,,Yes,State TA and Federal TA,No,No,Yes,Undecided,I am happy at my current unit,No,Yes,Wanted to serve along with advancing my career path,Nothing,"I’m undecided as I want to strive for a medical degree, where I don’t know if I would want to stay in during that course load",Team building exercises,,,,,,,No,
2/8/2025 19:03:31,ZGEAA (429th BN),Greater than 12 years,Yes,No,Yes,Post 911,No,Yes,Yes,Undecided,I am happy at my current unit,Yes,Yes,Serve my country ,"What hasn’t changed, not a hometown Guard anymore. Not as disciplined. ",Near the end of my journey ,Get back to the basics,,,,,,,Yes,
2/8/2025 19:05:16,XA3AA (1-116th 3rd BN),Greater than 3 years but less than 6,No,N/A,Yes,TA and SLRP,No,Yes,Yes,Undecided,I am happy at my current unit,Yes,Yes,Opportunity ,N/A,Undecided. ,Rewarding soldiers with early releases when all work is complete. If we are done with all task it makes sense to let soldiers go home early for a job well done both successfully and efficiently. ,,,,,,,Yes,N/A
2/8/2025 19:05:28,ZGEAA (429th BN),Greater than 6 years but less than 12,No,Yes. ,Yes,Tuition assistance ,Yes,Yes,Yes,No,No,No,Yes,Tuition assistance/education benefits ,N/A,Poor funding and ADSOs tied to benefits. ,Communication and more MWR days. ,,,,,,,No,
2/8/2025 19:06:09,ZGEAA (429th BN),Greater than 6 years but less than 12,Yes,Yes I do,Yes,Federal TA,No,Yes,Yes,Yes,Yes,I am happy in my current MOS,Yes,The benefits ,The declination of soldier care from leaders,The well being of soldiers are not considered,"Communication, clear information about taskings, muta 4 or 6, more MWR days to include the 92G, ",,,,,,,Yes,
2/8/2025 19:06:48,PE1AA (229th Engineer),Greater than 3 years but less than 6,No,None,No,,No,No,Yes,Undecided,I am happy at my current unit,Yes,Yes,Benefits ,"Trying to access help for schooling over the past year and never getting it and having to pay 11,000 $ in school because nobody knew how to help me and then by the time I figured it out I only had 3 months left of school and found out the state didn’t have the school I was attending on listing for paying through the state I was also told that there was a problem with my DOD number so I couldn’t access my GI bill either ",Undecided ,More understanding on the layout of drill and actually sticking to that layout I get told every drill what is going to happen and when but every drill what I was told changes the only thing I can honestly expect to stay the same is the time to report to drill and that’s it ,,,,,,,No,
2/8/2025 19:06:56,ZGEAA (429th BN),Greater than 6 years but less than 12,Yes,,Yes,"GI bill, FTA, state TA. State TA change from direct payment to the school to a reimbursement is extremely unhelpful.",No,No,Yes,No,I am happy at my current unit,Yes,Yes,GI bill, longer drill weekends and ATs that make it hard on my family ,"Stress from balancing a full time job, a family, and national guard duties that has negatively impacted my mental health is the reason I do not currently plan on reenlistment ",Only muta 4 drills,,,,,,,No,
2/8/2025 19:08:24,XA3AA (1-116th 3rd BN),Greater than 3 years but less than 6,Yes,No,No,,No,Yes,Yes,No,No,No,Yes,I needed stability in my life as a 18 year old kid. Needed a good way to start out my adult life.,I had a change in character/values. I'm satisfied with my time in and do not desire to sign another contract. I wish to move on.,I had a change in character/values. I'm satisfied with my time in and do not desire to sign another contract. I wish to move on.,N/A,,,,,,,No,
2/8/2025 19:12:53,XA3AA (1-116th 3rd BN),Greater than 3 years but less than 6,No,N/A,No,N/A,No,Yes,Yes,No,I am happy at my current unit,I am happy in my current MOS,Yes,Education,Civilian life,Looking to advance my career on the civilian side and spend more time with my family,Less wasted time,,,,,,,No,N/A
2/8/2025 19:13:30,ZGEAA (429th BN),Greater than 3 years but less than 6,No,,Yes,"FTA, STA, and GI Bill. I have had issues with FTA and GI Bill. Initially the VA was stating I didn’t complete all my training despite having my NOBE and other documentation. They stated on their side for DOD, it was not updated. I wasnt able to use my benefits until 8 months later (a whole semester). It resulted me to have to take out more loans. With FTA, I have not been able to use my benefits despite being eligible in 2022. FTA was on a old domain where my university did not have any programs listed. I contacted ArmyIgnited and my university with no avail. I missed the Fall 2022 window. Then ArmyIgnited changed to a new program/domain. I tried again but my university was not even in the program which I contacted support again. My school was not added until mid Spring 2023. Even then on. ArmyIgnited there were no educational programs. I tried again in Fall 2023 and still no progress. I finally got in contact with support again to submit a HTAR. I tried again for Spring 2024 (by this time, I was graduating in May) and was finally able to have a program and education goal. I still have not received any tuition assistance at all to this day. I’m now getting my masters where Im using the FTA with no issues. I missed out on more than $8,000 of tuition assistance that was out of my control. I have documentation of every conversation and email. The main reason I joined was to help pay for school and I would've been better off not joining and just paying out of pocket like I have been doing",No,No,No,No,No,No,Yes,To pay for college,"The lack of clarity of what’s available for tuition assistance, not receiving tuition assistance I’m eligible for and overall the lack of morale and organization when it comes to solider needs","With my horrible experience with receiving tuition assistance and still fighting to get some, I’m exhausted. I’m financially stressed out. I’m mentally check out and still dealing with my mental health. Im grateful for the experience, yet felt like it was avoidable ","Better communication from both ends, fairness, empathy and encouragement and support to lower enlisted who want to improve themselves and grow as a solider but most importantly as a person.",,,,,,,No,"It’s a yes and no. My old leadership, I felt very disconnected and discouraged. As of now, I feel more valued but still having issues. "
2/8/2025 19:15:02,ZGEAA (429th BN),Greater than 3 years but less than 6,No,,No,,No,No,Yes,No,No,No,No,school,n/a,n/a,n/a,,,,,,,No,
2/8/2025 19:16:05,ZGEAA (429th BN),Greater than 6 years but less than 12,Yes,N/A,Yes,"MDSSP, STRAP, HLRP",No,Yes,Yes,Yes,I am happy at my current unit,I am happy in my current MOS,Yes,"Opportunity to learn, be apart of something greater than myself, and to serve. ",Difficulty in getting the benefits that were promised. Being undervalued for the skills and expertise that I can bring to the army. ,More difficult that it becomes to take advantage of the benefits that are offered by the army the more I become less interested in re-enlisting. ,"I would make more opportunities for education in exactly how the army works. I would make sure that all the benefits that are promised to the soldiers are given to them or offered to them without so much resistance in the process. 
",,,,,,,Yes,
2/8/2025 19:16:12,ZGEAA (429th BN),Greater than 12 years,Yes,No,No,,No,No,Yes,Undecided,I am happy at my current unit,I am happy in my current MOS,Yes,Money,Time in,No,Soldier care,,,,,,,Yes,
2/8/2025 19:17:27,ZGEAA (429th BN),Less than 3 years,No,No,No,N/A,No,Yes,Yes,No,I am happy at my current unit,No,Yes,To prove to myself I could follow through with something.,The current sociopolitical climate ,Sudden changes to family and finances. ,More support for NCO’s from brigade/battalion level. Having more behavioral evals for units and overall unit morale evals.,,,,,,,No,N/A
2/8/2025 19:19:12,ZGEAA (429th BN),Greater than 12 years,Yes,No,Yes,College courses,No,Yes,Yes,No,No,No,Yes,Benefits ,Bonus not being paid on time and promotion,Cause I’m done,None,,,,,,,Yes,
2/8/2025 19:19:22,ZGEAA (429th BN),Greater than 12 years,Yes,no,No,,No,No,Yes,Undecided,I am happy at my current unit,I am happy in my current MOS,Yes,To serve ,nothing ,feel like my time has came,n/a,,,,,,,No,
2/8/2025 19:19:32,ZGEAA (429th BN),Greater than 6 years but less than 12,Yes,NA,No,,Yes,No,No,No,Yes,Yes,Yes,Opportunities for growth and leadership development,"
Traveling to and from drills without mileage reimbursement or LIK","I am seeking a change in my military occupational specialty (MOS) that will better align with my long-term personal and professional goals. Serving as a fueler has not provided the fulfillment I desire in my military career, and the distance from my home of record (HOR) further complicates this. While I understand that promotion could reduce my chances of being closer to home, I believe transitioning to the Army Reserve component would offer a more structured and professionally rewarding path.","Soldiers in the unit feel undervalued, lacking both discipline and motivation due to a lack of effective leadership. Achieving meaningful change requires collective effort, and the commander and 1SG cannot accomplish this alone.",,,,,,,Yes,
2/8/2025 19:19:40,ZGEAA (429th BN),Greater than 12 years,Yes,No ,No,,Yes,No,Yes,Yes,Yes,Yes,Yes,To serve ,Nothing ,Interested in staying in ,None ,,,,,,,Yes,
2/8/2025 19:20:03,ZGEAA (429th BN),Less than 3 years,No,,No,,No,Yes,Yes,Undecided,I am happy at my current unit,I am happy in my current MOS,Yes,I wanted in the army but not full time., Bad Comunication skills from leadership,Im undecided. So far i like the gaurd but well see after 5 yrs.,Better comunication,,,,,,,No,
2/8/2025 19:22:38,ZGEAA (429th BN),Greater than 12 years,Yes,,Yes,Army ignited ,No,No,No,Yes,I am happy at my current unit,Yes,Yes,Opportunity ,Nothing,Nothing,Time wasted,,,,,,,Yes,
2/8/2025 19:23:17,ZGEAA (429th BN),Greater than 12 years,Yes,,No,,No,Yes,Yes,Undecided,Yes,I am happy in my current MOS,Yes,To serve ,Soldier Quality,Medical Issues,"A better purpose when training, and better organization ",,,,,,,Yes,
2/8/2025 19:23:54,XA3AA (1-116th 3rd BN),Greater than 6 years but less than 12,No,N/A,Yes,State tuition assistance ,No,No,Yes,Yes,I am happy at my current unit,I am happy in my current MOS,Yes,Opportunity to serve and deploy. ,Lack of combat deployment possibilities. ,Need more combat deployments. ,Pay the guys who are owed their bonuses ,,,,,,,Yes,N/A
2/8/2025 19:24:18,ZGEAA (429th BN),Greater than 6 years but less than 12,Yes,,No,,No,No,No,Undecided,I am happy at my current unit,Yes,No,Tricare ,Poor leadership,World events,Not having mutas past 5. Employers get piss when it’s longer than that.,,,,,,,Yes,N/a
2/8/2025 19:24:44,ZGEAA (429th BN),Greater than 12 years,Yes,,Yes,State TA,No,Yes,Yes,Yes,I am happy at my current unit,Yes,Yes,Insurance and Retirement ,Nothing,I've already re-enlisted,"Clear communication of goals, training, and expectations.  Less last minute unnecessary changes to ""fill up the white space"".",,,,,,,Yes,
2/8/2025 19:25:56,ZGEAA (429th BN),Greater than 12 years,No,,Yes,"State TA - sometimes it is available, sometimes it is not. ",No,Yes,Yes,Undecided,I am happy at my current unit,I am happy in my current MOS,Yes,To start my life over after divorce. ,Bad leadership,I'm too old for this. ,"More information delivered in a timely manner. Constantly demanding soldiers to be flexible, expecting them to work miracles with no warning or support is incredibly frustrating and exhausting. There may be lots of planning that happens higher, but the lack of communication down the chain is deplorable. The soldiers are adults. Speak to them and treat them as such. ",,,,,,,Yes,
2/8/2025 19:26:20,ZGEAA (429th BN),Less than 3 years,No,N/A,Yes,No,No,Yes,Yes,No,No,No,Yes,School,The military ,Not my passion,Nothing ,,,,,,,No,
2/8/2025 19:27:27,ZGEAA (429th BN),Greater than 3 years but less than 6,No,,No,,No,No,Yes,No,No,No,Yes,I wanted to use my Experience in the army as a benefit ,Lack of communication and schedule changing ,"I never planned to re-enlist, I wanted to experience and get the benefits. ",Improve the communication and the scheduling.,,,,,,,No,
2/8/2025 19:27:29,ZGEAA (429th BN),Greater than 12 years,Yes,,No,,Yes,Yes,Yes,Yes,I am happy at my current unit,I am happy in my current MOS,Yes,Money ,Soldier discipline,I plan on doing 20 years,Making a mandatory release time on Sundays,,,,,,,Yes,
2/8/2025 19:27:44,ZGEAA (429th BN),Greater than 6 years but less than 12,Yes,No,No,,Yes,No,Yes,No,Yes,Yes,Yes,To do it.,More 3 day drills. And longer drive to drill.,3 day drills every month. ,More home station drills. ,,,,,,,No,
2/8/2025 19:29:47,XA3AA (1-116th 3rd BN),Greater than 3 years but less than 6,No,No,Yes,Credentialing assistance,No,No,Yes,Undecided,No,No,Yes,Interest and educational and health benefits,N/A,Family obligations ,Clearer explanation of benefits ,,,,,,,Yes,
2/8/2025 19:30:21,ZGEAA (429th BN),Greater than 12 years,Yes,No,Yes,Children used GI Bill,No,No,Yes,Yes,Yes,No,Yes,National pride,Nothing ,Retirement ,More team building events.,,,,,,,Yes,
2/8/2025 19:31:10,ZGEAA (429th BN),Less than 3 years,No,no,No,,No,No,Yes,Undecided,I am happy at my current unit,I am happy in my current MOS,Yes,to better my life ,Nothing ,Maybe go to a different branch ,Better communication ,,,,,,,No,
2/8/2025 19:31:44,ZGEAA (429th BN),Greater than 3 years but less than 6,No,No,Yes,Yes I had a few issues considering the fact that  our funding is on pause at the moment. ,No,Yes,No,No,No,No,Yes,College ,"Various things have impacted my decision to not stay in. One being the simplicity of lack of communication. Also, I feel as if my first three years in the guard I really didn’t have any guidance and I had a lot of issues with leadership within my unit. ","I am not interested in extending or re-enlisting because I feel as if the army is not structured like it was intended to be. Also, being in the national guard is a disadvantage considering the fact that most of our leadership is full time and I feel as if they really don’t focus on the internal parts of “drill” weekends which results in chaos every single time. Also, I communicate with various soldiers and a lot of them including myself so not feel included or more so like leadership really doesn’t care. ","I think that it could possibly turn around for the better, sometimes change is a good thing and my company is currently changing leadership all around the board. ",,,,,,,No,
2/8/2025 19:32:57,ZGEAA (429th BN),Greater than 12 years,Yes,,Yes,Gi bill,No,Yes,Yes,Yes,I am happy at my current unit,I am happy in my current MOS,Yes,School ,Money/Seats for military schools(other than leadership course)are always limited ,Like where my career is headed,"More seats for for schools that benefit them in their civilian career..Six Sigma, PMP, It Certifications..",,,,,,,Yes,
2/8/2025 19:33:32,ZGEAA (429th BN),Less than 3 years,No,,No,,No,Yes,Yes,Undecided,I am happy at my current unit,I am happy in my current MOS,Yes,Wanting to serve country and community ,Work life balance ,N/A,-,,,,,,,No,
2/8/2025 19:35:03,ZGEAA (429th BN),Greater than 6 years but less than 12,Yes,No,No,,No,No,Yes,Yes,No,I am happy in my current MOS,Yes,Money,Nothing,Money,Education on how to be a servant leader,,,,,,,Yes,
2/8/2025 19:35:26,ZGEAA (429th BN),Greater than 3 years but less than 6,Yes,No,No,,No,No,Yes,Yes,I am happy at my current unit,I am happy in my current MOS,Yes,Didn’t want to go to college and following family footsteps ,Being told I can’t go to a military school because it’s not required,I would like to extend,Doing our actual mos ,,,,,,,Yes,
2/8/2025 19:35:36,ZGEAA (429th BN),Greater than 3 years but less than 6,Yes,,No,,No,No,Yes,Undecided,Yes,Yes,Yes,N/A,N/A,N/A,Alot,,,,,,,No,
2/8/2025 19:36:40,ZGEAA (429th BN),Less than 3 years,No,,Yes,Fafsa,No,No,Yes,No,I am happy at my current unit,I am happy in my current MOS,Yes,Education ,None,Getting my bachelors ,None ,,,,,,,No,
2/8/2025 19:37:29,P1XAA (276th EN),Greater than 12 years,Yes,no,No,,No,Yes,No,No,Yes,Yes,Yes,Education ,Money ,n/a,soldier care,,,,,,,Yes,
2/8/2025 19:37:30,ZGEAA (429th BN),Less than 3 years,Yes,No,No,,No,Yes,Yes,No,No,No,Yes,SLRP,N/A,My contract is already 6 years that feels long enough ,"More interaction as a whole, rather completing various independent tasks",,,,,,,No,
2/8/2025 19:39:23,ZGEAA (429th BN),Greater than 3 years but less than 6,No,,No,,No,No,No,No,Yes,Yes,No,Life,The actual reality of the promises before enlisting ,n/a,n/a,,,,,,,No,
2/8/2025 19:39:32,ZGEAA (429th BN),Greater than 6 years but less than 12,No,No,Yes,Army ignited,No,No,No,No,No,Yes,Yes,No idea,"I witnessed the institutional dishonesty, and a system that cheats soldiers underneath a fake front. ",See above,Nothing ,,,,,,,No,"I changed mos and was assigned reclass training that was a fraction of the normal length. After checking with actually professionals in the field I was to be trained in, I was told no meaningful training would be able to be accomplished in that time frame. 6 weeks of training to learn CNC machining and several welding processes normally taught in 19 weeks. In short I extended for training and the ANG did not hold up their end. I would be stupid to trust the ANG again."
2/8/2025 19:40:44,ZGEAA (429th BN),Less than 3 years,No,No,No,,No,No,Yes,Undecided,I am happy at my current unit,I am happy in my current MOS,No,Benefits ,Nothing ,I will re enlist ,Nothing ,,,,,,,No,
2/8/2025 19:43:06,ZGEAA (429th BN),Greater than 6 years but less than 12,Yes,N/a,Yes,Gi bill ,No,No,Yes,Undecided,Yes,Yes,Yes,I got tricked ,N/a,N/a,N/a,,,,,,,No,
2/8/2025 19:44:21,ZGEAA (429th BN),Greater than 12 years,Yes,No,Yes,Federal tuition assistance. No,No,No,Yes,Yes,Yes,Yes,Yes,Serve while choosing where I live. And education,"Staffing issues, constantly working above my pay grade with no incentive or recognition. ","I am title 32. I do enjoy being in, but sometimes feels like it is not worth it. ",Time for actual MOS training and filling leadership slots to assist in it. ,,,,,,,Yes,
2/8/2025 19:51:22,ZGEAA (429th BN),Greater than 3 years but less than 6,Yes,No,No,,No,No,Yes,Undecided,I am happy at my current unit,I am happy in my current MOS,No,Myself ,Some of the leadership is incompetent but we have also had great leaders ,I would like to stay in but if I don’t pick up my e-5 or go to any sort of school I will get out ,"Send soldiers who want to go school if a soldier wants to try to be a leader send them to a school to teach and prepare them, the lack of schools offered to our mos is ridiculous I think that is extremely unfair for us to one not do our mos and two not even go to a school, ",,,,,,,No,We don’t get to do our mos at all we are always put on duties and never tasked to do any work or work orders of mos
2/8/2025 19:51:26,ZGEAA (429th BN),Less than 3 years,No,When are we deploying next,No,,No,Yes,Yes,Undecided,I am happy at my current unit,Yes,Yes,New Opportunities,…,Haven’t decided yet,Haven’t been in the unit long enough to know,,,,,,,No,
2/8/2025 19:55:10,ZGEAA (429th BN),Less than 3 years,No,No,No,,No,No,Yes,Undecided,I am happy at my current unit,Yes,Yes,Naturalization ,None,None,Don’t know ,,,,,,,No,
2/8/2025 19:56:40,ZGEAA (429th BN),Greater than 12 years,Yes,Yes,No,,No,No,No,No,No,No,Yes,Health insurance,The National Guard/military no longer provides anything of value to me as an individual. ,Any benefit that I once received from this job has run its course. Continuance of my service in the military has since become more of a hinderance to my life as a whole and the risk to my ability to maintain my life as a civilian grows daily. ,After twelve years of completing mandatory surveys and answering this very question. I am fully aware that in no way will any answer I give effect change in the morale of this battalion or for that matter any battalion in the United States Army. ,,,,,,,Yes,
2/8/2025 19:58:56,ZGEAA (429th BN),Greater than 6 years but less than 12,No,No,No,,No,No,Yes,Yes,I am happy at my current unit,I am happy in my current MOS,Yes,My Dad,Nothing. Time has made me stay in. ,My career is progressing ,Showing good leadership to soldiers and showing interest in there career weather they want to stay in or get out and show that they are heard. ,,,,,,,Yes,
2/8/2025 19:59:35,XA3AA (1-116th 3rd BN),Greater than 12 years,Yes,No,No,,No,Yes,Yes,No,No,No,Yes,Student Loans,Lack of e7 slots,Trying to transfer to the reserves,More promotion opportunities ,,,,,,,Yes,
2/8/2025 20:01:21,ZGEAA (429th BN),Greater than 3 years but less than 6,Yes,No,Yes,"VA loan and state tuition assistance, the state tuition assistance is a pain to use",No,No,Yes,Undecided,No,Yes,Yes,Idk,Less time with Family,"Many drill weekends was a complete waste of time, I was better off staying home and reading the ranger handbook",More “cool” stuff and getting out on time ,,,,,,,Yes,
2/8/2025 20:01:32,ZGEAA (429th BN),Greater than 3 years but less than 6,No,No,No,,No,No,Yes,Undecided,I am happy at my current unit,I am happy in my current MOS,Yes,School,Not being updated ,…,Nothing,,,,,,,No,
2/8/2025 20:05:23,XA3AA (1-116th 3rd BN),Greater than 3 years but less than 6,No,,No,,No,No,No,No,No,No,Yes,security clearance ,"Better pay as a civilian, lack of access to systems beneficial to my MOS, lack of purpose. ",i am not interested in reenlisting because I make more money as a civilian and the S2 has little to no access or purpose in this unit. ,i am unsure ,,,,,,,No,
2/8/2025 20:06:32,ZGEAA (429th BN),Greater than 6 years but less than 12,Yes,,No,,No,No,Yes,Yes,Yes,Yes,Yes,Life experiences ,Family matters,Money,N/A,,,,,,,Yes,
2/8/2025 20:06:58,777AA (R&R),Greater than 3 years but less than 6,No,,Yes,Federal TA and no I have not had any issues,Yes,No,Yes,Yes,I am happy at my current unit,I am happy in my current MOS,Yes,Educational benefits for me as well as my daughter ,Nothing I'm still positive about staying in and completing 20 years ,Its been really beneficial for me and has given me a lot of opportunities that I may have not been able to get without the military ,None,,,,,,,No,
2/8/2025 20:10:59,ZGEAA (429th BN),Greater than 12 years,Yes,,No,,No,No,Yes,Undecided,I am happy at my current unit,Yes,Yes,Wanted to be of service to my country ,Travel.  Feeling overworked sometimes when others are sitting around ,Getting older. ,Getting to hang out as a group sometimes ,,,,,,,No,
2/8/2025 20:14:13,XA3AA (1-116th 3rd BN),Greater than 3 years but less than 6,No,,Yes,"State TA (both before and after they fucked it up), GI Bill",No,No,Yes,No,No,No,Yes,Call to serve and chance to experience new things.,"I love my role and the people I work with but I hate the BS that comes with the Army (all the nonsense, lack of common sense, and vast disparity between how the army does things and how the private sector does things). ",The Army as an institution has so much BS and refuses to use common sense or follow the lead of the private sector. Even something as simple as work-related travel is a shit show that requires a million layers of approval using a ridiculously outdated system. The state screwed us with how they changed TA and the process of using it/staff you work with are your stereotypical government employees. Any sort of administrative aspect with the Army is completely incompetent. ,Our company had fantastic leadership right now. I love the people I work with and work for. I fully believe they care about soldiers and do everything they can to make our lives better and to keep us as prepared as possible for any mission. My problem is the with the institutions of the Army.,,,,,,,Yes,
2/8/2025 20:14:13,ZGEAA (429th BN),Less than 3 years,No,Impact on Education and schooling.,Yes,"FASFA, STAP, Late reimbursements.",No,Yes,No,Undecided,Yes,Yes,Yes,College opportunities ,The (office) politics of an environment like this.,"At the current moment I am in a two way road regarding my career in the Army. I could commission with my time at ROTC through my school, or I can opt out and remain enlisted until my contract is over, either way, I do not know which way to go or proceed.",Offer career coaching or counseling to the battalion or have open-door talk one to one policies.,,,,,,,No,
2/8/2025 20:14:48,777AA (R&R),Greater than 12 years,No,,No,,Yes,No,Yes,Yes,Yes,Yes,Yes,Money,Kids,Love military ,Nothing it’s great ,,,,,,,Yes,
2/8/2025 20:15:00,ZGEAA (429th BN),Greater than 6 years but less than 12,Yes,No,Yes,GI Bill ,No,No,No,Yes,I am happy at my current unit,Yes,No,To serve my country ,Woke crap,To put in my 20 years ,Newer equipment ,,,,,,,Yes,
2/8/2025 20:15:38,XA3AA (1-116th 3rd BN),Greater than 3 years but less than 6,No,N/A,No,,No,No,Yes,Yes,I am happy at my current unit,I am happy in my current MOS,Yes,Patriotism ,N/A,I enjoy serving ,More schools,,,,,,,No,
2/8/2025 20:16:05,ZGEAA (429th BN),Greater than 12 years,Yes,No,Yes,GI Bill,No,No,Yes,Undecided,Yes,Yes,Yes,Always wanted to serve ,Leadership ,The military has changed alot over the last few years. It feels like we do more with less everything.  ,The original motto. Take care of soldiers not just numbers. ,,,,,,,Yes,
2/8/2025 20:20:50,XA3AA (1-116th 3rd BN),Greater than 6 years but less than 12,Yes,No,No,,Yes,Yes,Yes,No,No,No,Yes,I don’t remember ,The fact that the dfas won’t pay bonuses ,I hate the army and how it affects my personal life ,The whole army needs a culture change you need to start treating joes that this is a professional job and not a weekend army drill ,,,,,,,No,
2/8/2025 20:24:59,ZGEAA (429th BN),Less than 3 years,No,,Yes,TA and GI Bill,Yes,No,Yes,Yes,I am happy at my current unit,Yes,Yes,School,NA,NA,Team building ,,,,,,,No,
2/8/2025 20:26:31,ZGEAA (429th BN),Greater than 12 years,Yes,I have no concerns because the leadership of the unit is knowledgeable enough to effectively handle any tasks given out.,Yes,"Gi Bill, TA ",Yes,No,Yes,Yes,I am happy at my current unit,Yes,Yes,Money,Nothing has changed,I have given everything that I can give to the uniform that I am able to give. ,The soldiers has to understand the difference between a normal job and an enlistment in the military. Until they reach that point their morale will suffer. ,,,,,,,Yes,
2/8/2025 20:27:31,777AA (R&R),Greater than 12 years,Yes,N/A,Yes,Federal tuition assistance,Yes,Yes,Yes,Yes,I am happy at my current unit,I am happy in my current MOS,Yes,Service to the community,N/A,I’ve already extended,N/A,,,,,,,Yes,N/A
2/8/2025 20:28:10,ZGEAA (429th BN),Greater than 6 years but less than 12,Yes,No,No,,Yes,No,Yes,Yes,Yes,Yes,Yes,Transitioned from active duty to guard,Nothing ,Retirement ,Better coordination on taskings,,,,,,,Yes,
2/8/2025 20:32:34,777AA (R&R),Greater than 12 years,Yes,No,Yes,TA,No,No,Yes,Yes,I am happy at my current unit,Yes,Yes,To retire,Just the stress level but I’ll get over it,I’m staying in,Morale is pretty good with me,,,,,,,Yes,
2/8/2025 20:35:10,777AA (R&R),Greater than 12 years,Yes,No,Yes,Federal and state tuition assistance. No issues ,No,Yes,No,Yes,Yes,Yes,No,Education and service ,Military Growth Opportunities (sf & ocs) shut down multiple times by leadership regardless of spotless record ,Only re-enlisting cause I’m in to far to back out now ,"Proper training when you start, realistic expectations, proper management of areas/missions vs good ol boy system benefiting those who are willing to brown nose. ",,,,,,,Yes,Praised when you’re on top and berated with anything less 
2/8/2025 20:36:34,X58AA (183rd CAV),Greater than 6 years but less than 12,Yes,Eager to train up and deploy. I am here to serve!,No,,No,Yes,Yes,Yes,I am happy at my current unit,I am happy in my current MOS,Yes,Career training for my civilian job and service to my country and state!,Poor leadership,Build my career and 20 years retirement,Leader ship that actually care about Joe’s,,,,,,,No,Love training on tactics and weapons training!
2/8/2025 20:50:34,ZGEAA (429th BN),Greater than 3 years but less than 6,No,,No,,No,No,Yes,No,No,No,Yes,Change of pace,Goals and career prospects,I really don’t enjoy being in the military anymore. It’s more of a chore than a chance for camaraderie and new experiences. As it used to be..,More team building exercises,,,,,,,No,
2/8/2025 20:53:05,ZGEAA (429th BN),Greater than 3 years but less than 6,Yes,None,No,,No,No,No,Undecided,I am happy at my current unit,Yes,Yes,GOD COUNTRY ,Schools are longer to get a spot,I would reenlist,Motivated them ,,,,,,,No,
2/8/2025 20:57:30,777AA (R&R),Greater than 12 years,Yes,No,Yes,"Federal Ta, State Ta",No,Yes,Yes,Yes,No,I am happy in my current MOS,Yes,Service,N/A,N/A,N/A,,,,,,,Yes,
2/8/2025 21:00:18,777AA (R&R),Greater than 12 years,No,,Yes,,No,Yes,Yes,Yes,No,No,Yes,Money ,Nothing ,No,09M program ,,,,,,,Yes,
2/8/2025 21:03:18,777AA (R&R),Greater than 12 years,Yes,No,No,,No,No,Yes,Yes,I am happy at my current unit,I am happy in my current MOS,Yes,Career,Nothing ,I'm interested in extending bc I love the NG,No mass punishments for the individual mess ups,,,,,,,Yes,
2/8/2025 21:03:30,XA3AA (1-116th 3rd BN),Greater than 3 years but less than 6,Yes,,Yes,Post 9/11 ,No,Yes,Yes,Yes,I am happy at my current unit,Yes,Yes,To get a break from active duty,"The army becoming soft pussies who don’t wanna get after it and kill people, everything is all about chest candy and it’s pathetic, also the big army’s training has just gone downhill in my opinion, I feel they don’t prepare for combat as well as they should and not to mention a lot of the GWOT dudes are out of the army so there isn’t much leadership out there that has that combat experience to properly prepare dudes as best as they can ",N/a,Maybe more fun events ,,,,,,,Yes,
2/8/2025 21:03:41,ZGEAA (429th BN),Greater than 12 years,Yes,No ,Yes,GI bill ,No,No,No,No,No,I am happy in my current MOS,Yes,Prior service ,"Over time, some leadership positions aren’t being filled by those who prioritize developing and supporting junior soldiers. Certain NCOs in different sections don’t always take the time to listen or understand the challenges younger soldiers face, which can lead to frustration and a lack of motivation to stay in. When leadership isn’t fully engaged in mentorship and professional growth, it impacts overall morale and career progression. ","I am not interested in extending or re-enlisting because I am mentally and physically exhausted from my time in the military. The process of getting promoted was unnecessarily difficult and took a significant toll on my mental well-being. It often felt like no matter how much effort I put in, the system was working against me, making it hard to stay motivated.

Additionally, I’ve lost confidence in leadership due to repeated instances where I was told, ‘I’ll check into it,’ only for there to be no follow-up or action. This pattern of empty promises and lack of accountability made me feel undervalued and unheard. Over time, the combination of these experiences drained my passion for continuing my service. I’ve reached a point where I need to prioritize my mental and physical health, and I believe it’s in my best interest to move on to the next chapter of my life outside of the military.","To improve morale within the company or battalion, leadership needs to be more engaged, accountable, and proactive in supporting soldiers. One of the biggest frustrations I’ve experienced is the lack of follow-through when soldiers bring up concerns or career development questions. If leaders commit to checking into something, they need to actually follow up and take action. This would help rebuild trust and show that soldiers’ voices matter.

Additionally, the promotion process should be more transparent and fair. Too often, it feels like a confusing, discouraging battle, which leads to frustration and burnout. Clearer guidance, mentorship, and advocacy from leadership would make a huge difference in keeping soldiers motivated and invested in their careers.

Finally, I would encourage leaders to take the time to actually listen to junior soldiers. Too many NCOs dismiss concerns without truly understanding the challenges younger soldiers face. Creating a culture where feedback is valued and acted upon would go a long way in improving morale and retention  ",,,,,,,Yes,
2/8/2025 21:04:51,XA3AA (1-116th 3rd BN),Greater than 3 years but less than 6,Yes,No,No,,No,Yes,No,No,Yes,Yes,No,"Not sure anymore, I guess to serve me country and get a officer slot","Leadership, last minute decisions, issues with my section like equipment and training, looking bad at certain drills when it was out of our control (constantly)",Because this unit and probably the guard is the worst I’ve seen it and will either be done after my contract or go to AF Reserves.,"Better leadership, training, more SAD or orders that need bodies instead of MOS specific that get passed down to all units. More importantly see the whole soldier not flaws of the soldier. At one point I wanted to do 20 years but my time in the military to put it lightly has been underwhelming and a waste of time. But still trying to put my best foot forward each time I show up because I look at opportunity as a factor of me possibly staying in the military.",,,,,,,No,Just another soldier. Just “clocking in and out”
2/8/2025 21:05:43,ZGEAA (429th BN),Less than 3 years,No,N/A,No,N/A,No,No,Yes,Undecided,I am happy at my current unit,Yes,Yes,Always wanted to join the military ,Uncertainty in the Country and overseas ,I like being in the military so far but don't where things are headed.,I like the company that I am in so far.,,,,,,,No,N/A
2/8/2025 21:08:13,ZGEAA (429th BN),Greater than 12 years,Yes,No,No,N/A,Yes,No,Yes,Yes,Yes,Yes,Yes,Benefits,N/A,I’m AGR. I have reenlisted already ,More MWR time,,,,,,,Yes,
2/8/2025 21:09:22,ZGEAA (429th BN),Less than 3 years,No,,No,,No,No,Yes,Undecided,I am happy at my current unit,Yes,Yes,School,Can be exhausting,I'm not sure,My company is good,,,,,,,No,
2/8/2025 21:10:42,777AA (R&R),Greater than 12 years,Yes,,Yes,FTA,No,Yes,No,Undecided,No,I am happy in my current MOS,No,Service,Disregard for standard ,Steady decline in standards,"Genuine appreciation for accomplishment rather than “yeah, yeah, what’s next” and holding substandard performance for what it is",,,,,,,Yes,An across the board standard and expectations 
2/8/2025 21:10:58,777AA (R&R),Greater than 3 years but less than 6,No,,No,,Yes,No,Yes,Undecided,Yes,Yes,Yes,Nothing planned ,People within the guard ,The people within the guard ,Express we are still in the army ,,,,,,,Yes,
2/8/2025 21:11:54,XA3AA (1-116th 3rd BN),Greater than 6 years but less than 12,Yes,No ,No,,No,No,Yes,Yes,Yes,I am happy in my current MOS,Yes,School ,The people/ leadership,Leadership,Better leadership,,,,,,,Yes,
2/8/2025 21:11:56,777AA (R&R),Greater than 12 years,Yes,,No,,No,No,Yes,Yes,I am happy at my current unit,I am happy in my current MOS,Yes,Service,To much time spent doing mandatory trainings that don’t always apply to readiness,I have decided that I like what I am doing and want to complete my career,Use time more efficiently ,,,,,,,Yes,
2/8/2025 21:14:12,777AA (R&R),Greater than 12 years,No,No,Yes,State and federal TSA,No,Yes,No,Yes,No,No,Yes,Adventure,Command,Not being heard.,Soldier welfare is essential to a strong military.,,,,,,,Yes,Not being heard.
2/8/2025 21:17:31,ZGEAA (429th BN),Less than 3 years,No,No,No,,No,Yes,No,Undecided,No,Yes,No,School,Leadership,No,More leadership training,,,,,,,No,Some sgt do not value or respect their soilders
2/8/2025 21:34:20,XA3AA (1-116th 3rd BN),Less than 3 years,No,No,Yes,STAP,No,Yes,Yes,Undecided,I am happy at my current unit,Yes,Yes,Benefits,Nothing yet.,I don't know yet because it is to far out.,Nothing.,,,,,,,No,
2/8/2025 21:42:47,777AA (R&R),Greater than 12 years,Yes,No,Yes,TA,No,No,Yes,Yes,I am happy at my current unit,I am happy in my current MOS,Yes,The benefits,Nothing,The benefits are too good to give up,Less micro managing,,,,,,,Yes,
2/8/2025 21:44:23,ZGEAA (429th BN),Greater than 12 years,Yes,N/A,No,,Yes,No,Yes,No,No,No,Yes,Leaving active duty didn't want to give up military,Toxic leadership and unprofessional NCOs who were buddy buddy with highers and who would lie or not push things forward because they were jealous or didn't like a soldier,I've hit my 20 years and I'm ready to retire. I should have been med boarded due to mental health and physical issues but no one cared and wanted to keep me because of my knowledge and ethics,Let them actually do their mos. Listen to input from the lowest ranked to the highest ranked. No one truly listens and that's what brings a soldiers morale down.,,,,,,,Yes,
2/8/2025 21:45:46,777AA (R&R),Greater than 6 years but less than 12,Yes,N/a,Yes,State and federal ta- no issues ,No,Yes,Yes,Yes,I am happy at my current unit,I am happy in my current MOS,Yes,Service to country ,Support from leadership ,N/a,More face time with higher leadership ,,,,,,,Yes,
2/8/2025 21:47:20,ZGEAA (429th BN),Greater than 6 years but less than 12,Yes,,Yes,"State TA, but it is on a reimbursement basis and it is only for tuition does not include additional cost",No,No,No,Yes,I am happy at my current unit,I am happy in my current MOS,Yes,Education benefits ,Leadership changing,No reason,Clearer understanding of the mission,,,,,,,Yes,
2/8/2025 21:48:18,777AA (R&R),Greater than 12 years,Yes,N/A,Yes,Post 9/11,No,Yes,Yes,Yes,I am happy at my current unit,I am happy in my current MOS,Yes,Purpose,Leadership not being as open minded to evolution,I will extend. My passion and purpose is greater than my circumstances ,"This is not a “one size fits all” type of mission. Trust the RRNCO to be and do what we are entrusted with doing. This is not a line unit nor is this solely analytics. There is a unique “human” factor involved that is directly and drastically impacted by so many other factors that did not exist in the past. Don’t punish and strongholds your TRUE RRNCOs for the lack of effort and commitment of those here just for the benefits. Also, evaluate and implement more effective training before solely resorting to threats, paperwork, work-life imbalance, and termination. Some of the underperformance is not by lack of effort or consideration but lack of efficient training and mentorship.",,,,,,,Yes,
2/8/2025 21:52:52,777AA (R&R),Greater than 12 years,No,,Yes,"State  & Federal TA (NC), Montgomery GI Bill",No,Yes,Yes,Undecided,I am happy at my current unit,Yes,Yes,College Benefits,Morale & Politics,Undecided ,Ensure that soldiers are heard the first time they have an issue. Plenty of soldiers are being told to kid deal with issues after filing a complaint instead of holding the right people accountable ,,,,,,,Yes,
2/8/2025 22:09:21,ZGEAA (429th BN),Greater than 6 years but less than 12,No,,Yes,"I had issues getting TA for most of my college. I got that and GI Bill, which had no issues",No,No,No,Yes,I am happy at my current unit,Yes,No,"College assistance, ability to serve community, break up monotony ",Difficulty of advancement,I'll likely reenlist but I wouldn't say I'm excited about it. I'll be excited if I can use it to enhance my civilian career or find good AGR opportunities ,Off-drill events and opportunities. Let us volunteer and meet up as a unit outside of duty hours. It could also help if hospitals could use our help inside or outside of drill. Opportunities for more involvement is what I'm saying. ,,,,,,,No,Promotion and leadership abilities
2/8/2025 22:11:41,ZGEAA (429th BN),Greater than 6 years but less than 12,Yes,,No,,No,No,Yes,Yes,Yes,I am happy in my current MOS,Yes,Wanted to serve my country and get paid to do it,The army is adapting to new ways and the soldiers are no longer adapting to the army way.,I’m reenlisting to keep my job,Show more soldier care,,,,,,,Yes,
2/8/2025 22:52:34,ZGEAA (429th BN),Greater than 3 years but less than 6,No,,No,,No,Yes,Yes,Yes,Yes,I am happy in my current MOS,Yes,A desire to serve my country ,The disorganization of the Virginia Army National Guard ,I’ll extend as long as the Army will allow me to extend.,Work on the disorganization that exists in the Virginia Army National Guard ,,,,,,,Yes,
2/8/2025 23:12:30,ZGEAA (429th BN),Greater than 12 years,Yes,,Yes,,No,Yes,Yes,Yes,Yes,Yes,Yes,Friend,Passed on promotion due to being deployed,Need 12 months on current for retirement ,Bonuses,,,,,,,Yes,
2/8/2025 23:23:13,XA3AA (1-116th 3rd BN),Greater than 6 years but less than 12,Yes,,No,,No,No,Yes,Undecided,I am happy at my current unit,Yes,Yes,To Serve ,N/A,N/A,N/A,,,,,,,Yes,
2/8/2025 23:38:35,777AA (R&R),Greater than 12 years,Yes,N/a,Yes,Fed TA,No,Yes,Yes,Yes,I am happy at my current unit,Yes,Yes,Stability for home, Nothing,I’m retiring!!! Albeit not soon enough,Get better jobs in the VA guard and more training seats,,,,,,,Yes,
2/9/2025 0:35:00,ZGEAA (429th BN),Greater than 3 years but less than 6,No,No,Yes,,No,No,Yes,Undecided,I am happy at my current unit,Yes,Yes,I have always wanted to join the military coming from a military family. Once I seen the benefits that came along with it I decided to join. ,"I have learned that the amount of money we receive for tuition is only provided for certain colleges. Also, it is quite difficult to find other ways to get my tuition paid for through the military.",I will not be re-enlisting because I feel that the military is stopping me from being able to finish college. Every time I get enrolled into nursing school I am not able to graduate on time due to our duty days. ,Learning to respect each other more and understand that we are in a professional environment every time we attend drills.,,,,,,,No,
2/9/2025 1:15:09,XA3AA (1-116th 3rd BN),Greater than 3 years but less than 6,No,No,No,,No,Yes,Yes,No,No,Yes,No,Benefits,Poor planning ,Not enough incentives to stay in or reenlist,Show that the unit cares by giving them training according to their MOS and make sure each section has the proper personnel for success ,,,,,,,No,
2/9/2025 1:26:45,XA3AA (1-116th 3rd BN),Greater than 3 years but less than 6,Yes,,No,,No,No,No,No,No,No,No,"Considered college so I wanted money for it , and military experience looks good on a resume.",Anything above a MUTA 4 is a damn crime. 3-4 day drill weekends are not even weekends. If it was actually just 2 days a month and 2 weeks in the summer I would be much more receptive to re-enlist. Drills are poorly planned and executed.,"The national guard takes more time from me than is advertised. The work days are way too long. Brother , an 8-10 hour work day I get but why the fuck am I working from 0800 to 2100? Also they make drill schedules a year out , and once drill comes everything is poorly organized and executed to where it really takes a toll on a soldier’s resilience after a few years. The majority of my leadership cares not about us and maybe not even themselves. We rarely train or do our jobs and do inventory all the time and then they get mad when we arent able to preform our MOS functions. We are set for failure at my unit and section.",Having a better and more concise schedule for drill weekends and return to MUTA 4s as the norm.,,,,,,,No,
2/9/2025 5:16:24,777AA (R&R),Greater than 3 years but less than 6,Yes,Na,Yes,Tuition assistance ,No,No,Yes,Yes,I am happy at my current unit,Yes,No,Education advancement,Poor leadership to teach the needed skill to succeed; drag on request to schools and opportunities ,Reenlisting due to change of leadership,Interest outside of work to ensure their mental health is good; assess their goals so I can help them progress even outside of the unit ,,,,,,,Yes,Felt like a number with no care to personal life impact
2/9/2025 6:10:43,ZGEAA (429th BN),Greater than 6 years but less than 12,Yes,,No,,No,Yes,No,Undecided,Yes,I am happy in my current MOS,No,Personal reasons ,The lack of respect and care of soldiers ,Its lack of care for soldiers and pay,Give soldiers a better understanding of what options they have for promotion and better pay,,,,,,,No,I still waiting on my promotion for for over 5 years to E5 even after being awarded a an award for my get work of NCOIC on mission 
2/9/2025 6:43:05,777AA (R&R),Greater than 12 years,Yes,,Yes,Gibill,No,Yes,Yes,Yes,No,No,Yes,Service ,Lack of holding soldiers responsible for lack of effort or production ,I am interested ,"If you can’t or refuse to be successful in the position you are hired into, quit or be moved somewhere you can. ",,,,,,,Yes,
2/9/2025 6:47:34,ZGEAA (429th BN),Greater than 12 years,Yes,,No,,No,No,Yes,Yes,Yes,I am happy in my current MOS,Yes,Job opportunities ,Nothing,I’m a miltech so I have to stay in to keep my job ,A few more home stations to have more time to train and address issues with Soldiers ,,,,,,,Yes,
2/9/2025 7:00:25,XA3AA (1-116th 3rd BN),Less than 3 years,No,No,Yes,"SLRP, MBGI, Tricare",No,Yes,Yes,Undecided,I am happy at my current unit,I am happy in my current MOS,Yes,Service and Duty,n/a,n/a,n/a,,,,,,,No,
2/9/2025 7:08:28,ZGEAA (429th BN),Greater than 6 years but less than 12,Yes,,Yes,,No,Yes,Yes,No,No,No,No,Family tradition and fulfilling my moral obligation to my country ,Family ,"Inconvenient to my family and nothing left to offer, techs don’t get bonuses and treated the worst. ",If I had the power I would implement common sense and morals to boost the morale of my people. ,,,,,,,No,
2/9/2025 7:11:38,ZGEAA (429th BN),Less than 3 years,No,what does deployment work and what does it look like??,No,,Yes,No,Yes,Undecided,I am happy at my current unit,I am happy in my current MOS,Yes,money,nothing,"for longer pay (interested), army isn’t a long term career for me (not interested)",not sure,,,,,,,No,
2/9/2025 7:13:42,ZGEAA (429th BN),Less than 3 years,Yes,Yes,Yes,Federal TA and I had no problems. I used State TA and had problems with it. ,No,Yes,Yes,Undecided,No,No,Yes,Tuition Assistance ,"Unorganized, plans that get put out for drill weekend do not take place. We have to wait around for so long and nothing to do including our MOS ","Unorganized, lack of communication, plans are not abided on, do not get to do my MOS during drill weekend. In general we just waste time doing nothing and the higher ups do not know what they want us to do and send us information on things to do last minute as in 30 minutes before dinner. ",Regardless of what I want to do to improve soldiers morale if everyone is not on the same page it can never happen. ,,,,,,,No,
2/9/2025 7:19:16,ZGEAA (429th BN),Less than 3 years,No,Do you have to deploy if you are in school?,No,,No,Yes,Yes,Undecided,I am happy at my current unit,I am happy in my current MOS,Yes,School house stability ,Money for school,Clarification ,Clarity ,,,,,,,No,
2/9/2025 7:20:45,ZGEAA (429th BN),Less than 3 years,No,,No,,No,No,No,Undecided,Yes,I am happy in my current MOS,Yes,Always wanted to join,Leadership ,I'm basing re-enlistment on my leadership ,Better planning ,,,,,,,No,
2/9/2025 7:31:17,ZGEAA (429th BN),Greater than 6 years but less than 12,Yes,No,No,,Yes,No,Yes,No,I am happy at my current unit,No,Yes,Family ,Growing my family ,To much toll on my family ,Nothing ,,,,,,,Yes,
2/9/2025 7:31:49,ZGEAA (429th BN),Greater than 6 years but less than 12,Yes,No,No,None,No,No,Yes,Yes,I am happy at my current unit,Yes,Yes,To shoot people in the face,I decided to become a pog,I will stay here until retirement. ,"More school funding, more muta 6s and 8s, more ados money to help supply. ",,,,,,,Yes,
2/9/2025 7:49:05,XA3AA (1-116th 3rd BN),Greater than 12 years,Yes,no,Yes,Joint Transcripts,No,No,Yes,No,No,No,Yes,Patriotism,Distance to armory,Retirement,More cooked meals,,,,,,,Yes,
2/9/2025 7:52:29,XA3AA (1-116th 3rd BN),Greater than 6 years but less than 12,No,No,Yes,,No,No,No,No,Yes,Yes,Yes,Benefits,Organization in units ,Distance and unit,More organizations/opportunities within the unit,,,,,,,No,
2/9/2025 7:53:35,XA3AA (1-116th 3rd BN),Less than 3 years,No,N/A,Yes,,No,Yes,No,No,Yes,No,No,To serve my community and get help for my education,The lack of care from leadership ,Leadership putting their soldiers down ,Leadership trying to communicate in a better way,,,,,,,No,Not being talked down to from leadership 
2/9/2025 7:55:27,ZGEAA (429th BN),Greater than 6 years but less than 12,Yes,No,Yes,GI Bill and State Tuition Assistance ,No,No,Yes,Yes,Yes,Yes,Yes,College Assistance,None,N/A,N/A,,,,,,,Yes,
2/9/2025 7:56:33,XA3AA (1-116th 3rd BN),Greater than 12 years,Yes,No,Yes,Post 9/11,No,Yes,Yes,No,No,No,Yes,Family Pride,The fact that enlistment bonuses are not paid in a timely manner. The fact that one weekend a month and 2 weeks in the summer does not apply anymore. I am routinely doing Friday drills and 3 weeks ATs. This has put a hamper on civilian schools and set me behind on advancement and paying bills. ,I am not extending because I will reach 20 years and it has been the longest last 8 years of my career. The guard while on deployment does not care about family. There were no support structures in place to help soldiers needing child care inbetween drills like there is for active duty. ,Stop having drills on Friday. MUTA 5s and 6s hurt peoples civilian jobs if they only get limited PTO for the year. Having a 3 week AT is asking a lot. I would go without pay for weeks because the pay is paid out after AT and I have to wait weeks for my civilian job to pay me when I get back. ,,,,,,,Yes,
2/9/2025 7:59:44,ZGEAA (429th BN),Less than 3 years,No,How long are we staying once deployed ,No,,No,No,Yes,Undecided,No,Yes,Yes,"Built my mindset, challenge my fears",My MOS,Need to change my MOS.. cuz what I joined for wasn’t available when took the ASBAB,Do the right thing ,,,,,,,No,
2/9/2025 8:03:36,X58AA (183rd CAV),Greater than 3 years but less than 6,Yes,No,No,,No,Yes,Yes,No,Yes,I am happy in my current MOS,Yes,To help,Wasting time,Depends on if I’ll continue to feel like I’m wasting time,Stop wasting time and let us train our MOS,,,,,,,Yes,
2/9/2025 8:04:01,X58AA (183rd CAV),Greater than 3 years but less than 6,Yes,,Yes,,No,Yes,Yes,Undecided,Yes,Yes,No,School,"Changes in dates of drill, hard to schedule around",More job opportunities and school opportunities ,Opportunities ,,,,,,,No,
2/9/2025 8:04:05,X58AA (183rd CAV),Greater than 3 years but less than 6,Yes,,Yes,"Ignited, no",No,No,Yes,Yes,Yes,I am happy in my current MOS,Yes,School money,High leadership less interested in sending us to school and promoting development ,It will greatly depend on if I get sent to the school that will improve my civilian career,"Actually send people to schools, plan field drills better, this one was a mess",,,,,,,Yes,
2/9/2025 8:04:24,X58AA (183rd CAV),Greater than 3 years but less than 6,Yes,,Yes,"Post 9/11 GI bill, Montgomery GI bill, State Tuition",No,No,No,Yes,Yes,I am happy in my current MOS,Yes,School funds,Lack of communication ,Lack of communication ,Focus better on pushing down information to the enlisted ,,,,,,,Yes,
2/9/2025 8:04:32,X58AA (183rd CAV),Greater than 3 years but less than 6,No,no,No,,No,No,Yes,Yes,Yes,No,Yes,insurance,unit organization and planning,interested,nothing,,,,,,,No,
2/9/2025 8:04:41,X58AA (183rd CAV),Greater than 6 years but less than 12,Yes,No,Yes,Tuition Assistance ,No,No,Yes,Yes,Yes,Yes,Yes,School Assistants ,Nothing,School benefits and Health Insurance ,N/A,,,,,,,Yes,
2/9/2025 8:04:49,X58AA (183rd CAV),Greater than 3 years but less than 6,Yes,No,No,,No,Yes,Yes,Undecided,Yes,Yes,Yes,Continue service from active Navy ,Lack of organization from upper leadership ,Dependent on career route ,More care into SRB and school accessibility ,,,,,,,No,
2/9/2025 8:05:03,X58AA (183rd CAV),Greater than 3 years but less than 6,No,,Yes,Tuition Assistance & GI Bill,No,No,Yes,No,No,No,Yes,College ,Nothing ,Because I have a good job in the civilian world ,Nothing ,,,,,,,No,
2/9/2025 8:05:08,X58AA (183rd CAV),Less than 3 years,No,No,No,,No,No,Yes,Yes,Yes,I am happy in my current MOS,Yes,Retirement ,Nothing,"Retirement, health insurance ",Nothing,,,,,,,No,
2/9/2025 8:05:15,PHPAA (1-116th INF BN),Greater than 3 years but less than 6,Yes,,No,,No,No,No,No,No,No,No,Benefits ,Lack of communication ,Civilian job,Communication ,,,,,,,No,No communication 
2/9/2025 8:06:13,X58AA (183rd CAV),Greater than 3 years but less than 6,No,No,No,No,Yes,No,Yes,No,No,No,Yes,Not sure ,N/a,Don’t like it ,Na,,,,,,,No,Yes
2/9/2025 8:07:05,X58AA (183rd CAV),Greater than 3 years but less than 6,No,Not yet,Yes,State TA,No,No,No,Undecided,Yes,Yes,Yes,For new experiences ,The unit attitude,Lack of good leadership,Prioritize activities as a unit,,,,,,,Yes,
2/9/2025 8:07:15,X58AA (183rd CAV),Greater than 6 years but less than 12,Yes,N/A,Yes,GI Bill and no issues,No,Yes,Yes,Undecided,I am happy at my current unit,I am happy in my current MOS,Yes,Tricare,Nothing yet,"I haven't decided yet, but as long as I am taken care of while I am taking care of the Army, I will be happy",Adding compassion and respect to the formation. ,,,,,,,Yes,
2/9/2025 8:07:32,X58AA (183rd CAV),Less than 3 years,No,No,No,No,No,No,No,No,No,No,No,Lies ,Lazy leadership ,No,Plan better.,,,,,,,No,No
2/9/2025 8:07:48,X58AA (183rd CAV),Greater than 3 years but less than 6,No,None,No,,No,Yes,No,No,No,No,Yes,"Education benefits, service to the nation and community","Pay issues, bonus issues, disregard for enlisted concerns.",See above,Timely and consistent payouts for incentives and bonuses. School availability ,,,,,,,No,
2/9/2025 8:07:52,X58AA (183rd CAV),Greater than 6 years but less than 12,Yes,N/A,Yes,State tuition assistance ,No,No,Yes,Undecided,I am happy at my current unit,Yes,Yes,Another retirement source,Unit shut down,Undecided ,N/a,,,,,,,No,
2/9/2025 8:07:57,X58AA (183rd CAV),Greater than 3 years but less than 6,Yes,No,No,,No,Yes,Yes,No,No,No,No,Lies,I lost weight ,Want to go active,More family events,,,,,,,No,
2/9/2025 8:08:03,X58AA (183rd CAV),Greater than 6 years but less than 12,No,Yes,Yes,Gi bill ,No,No,Yes,No,No,No,Yes,Transition from active duty,Work ,Work and family time ,I don't know ,,,,,,,No,
2/9/2025 8:08:22,X58AA (183rd CAV),Greater than 6 years but less than 12,Yes,Nope,No,,Yes,No,Yes,No,No,I am happy in my current MOS,Yes,wanted to stay in military after active,Nothing,not feeling it anymore,nothing,,,,,,,Yes,
2/9/2025 8:08:37,X58AA (183rd CAV),Greater than 3 years but less than 6,No,,Yes,State TA and Montgomery GI-Bill,No,No,Yes,No,No,No,Yes,Tuition Assistance,"Nothing really, I just wanted to get my school paid for and leave.","I don’t want to be in the military. Like I mentioned above, I just wanted to complete school with as little debt as possible and get out.","Let us know the drill schedule much more in advance, provide decent food, be more organized, more time for section training, ",,,,,,,No,
2/9/2025 8:09:42,X58AA (183rd CAV),Greater than 3 years but less than 6,Yes,I want more. Give me anything more.,No,,No,No,Yes,Yes,I am happy at my current unit,I am happy in my current MOS,Yes,"Mom was sick, became medical because of it",None that I can think of,"Family was 20 years, plan to do full 20",Better scheduling & more opportunities to go to other classes for the NG.,,,,,,,No,
2/9/2025 8:09:57,X58AA (183rd CAV),Greater than 3 years but less than 6,Yes,No,No,,No,Yes,Yes,Undecided,Yes,Yes,Yes,Bonus ,Life changes,Insurance ,N/A,,,,,,,No,
2/9/2025 8:10:06,X58AA (183rd CAV),Less than 3 years,Yes,No ,Yes,Army ignited ,No,No,No,Undecided,Yes,Yes,No,To get benefits and serve my state and country .,Leadership,No,Send the drill schedule out before the night before drill ,,,,,,,No,No
2/9/2025 8:10:23,X58AA (183rd CAV),Greater than 3 years but less than 6,Yes,N/A,No,,No,No,Yes,Undecided,No,No,Yes,SFAS,The culture and doctrine ,Not honing or  maintaining my mos proficiency ,SPC and CPLs to have more freedom of movement and take leadership roles ,,,,,,,Yes,
2/9/2025 8:10:34,X58AA (183rd CAV),Less than 3 years,No,,Yes,"G.I bill
FTA
STA",No,Yes,Yes,Yes,Yes,Yes,Yes,Because of the educational benefits ,How difficult it is to get my bonus and some other educational benefits. ,Because of how difficult it is to get my bonus and some other educational benefits. ,"Make the education benefits more simple to get. And also, teach new soldiers the military acronyms because I mostly don’t understand most of these military acronyms",,,,,,,No,
2/9/2025 8:10:48,X58AA (183rd CAV),Greater than 6 years but less than 12,Yes,No,No,,No,Yes,Yes,Undecided,No,No,No,Wanted to serve my country ,People  ,ETS,Better soldier care ,,,,,,,Yes,
2/9/2025 8:11:19,X58AA (183rd CAV),Greater than 6 years but less than 12,Yes,,No,,No,Yes,Yes,Yes,I am happy at my current unit,Yes,Yes,Cause I wanted to ,Nothing,N/A,Dont know,,,,,,,Yes,
2/9/2025 8:11:54,PHPAA (1-116th INF BN),Greater than 3 years but less than 6,Yes,N/A,Yes,Federal Tuition Assistance and State Tuition Assistance,No,No,Yes,Undecided,No,I am happy in my current MOS,Yes,Patriotism and educational benefits,Burned out,Not interested in making a career out of the Army and wanting to go into the civilian workforce.,More solid planning and assistance with student loan repayment benefits.,,,,,,,No,
2/9/2025 8:12:00,X58AA (183rd CAV),Greater than 3 years but less than 6,No,,No,,No,No,Yes,Yes,I am happy at my current unit,Yes,Yes,Educational benefits ,Nothing ,N/A,Nothing ,,,,,,,No,
2/9/2025 8:12:28,X58AA (183rd CAV),Greater than 6 years but less than 12,Yes,If and where we are going,Yes,Montgomery GI Bill and State Tuition and yes it’s a terrible system,No,Yes,No,Undecided,Yes,Yes,No,School,Hurting my body/ Getting mobilized at the beginning of a semester.,Deez,Nutz,,,,,,,Yes,If I could get E-5
2/9/2025 8:12:47,X58AA (183rd CAV),Greater than 12 years,Yes,,No,,No,No,Yes,Undecided,I am happy at my current unit,I am happy in my current MOS,Yes,Job opportunities,Disappointment in leadership,Possibly I may re-enlist to reach retirement ,N/A,,,,,,,Yes,
2/9/2025 8:13:02,X58AA (183rd CAV),Less than 3 years,Yes,,Yes,Army Credentialing Assistance for a 10 week project management course. No issues,No,No,Yes,Undecided,I am happy at my current unit,Yes,Yes,Life experience ,Nothing,Undecided about re-enlisting with my current MOS but will re-enlist if I can acquire a new MOS such as 15T,More mortar training with 11C,,,,,,,No,
2/9/2025 8:13:15,X58AA (183rd CAV),Greater than 12 years,Yes,Not deploying in 12 months,No,,No,No,Yes,Yes,Yes,No,Yes,Serve my country ,Nothing,I’m ready to retire,None,,,,,,,Yes,
2/9/2025 8:13:43,ZGEAA (429th BN),Less than 3 years,No,No,No,,No,No,Yes,Undecided,I am happy at my current unit,I am happy in my current MOS,Yes,Family ,Family ,Maybe ,None,,,,,,,No,
2/9/2025 8:14:22,ZGEAA (429th BN),Less than 3 years,No,No,No,,No,No,Yes,Undecided,I am happy at my current unit,I am happy in my current MOS,Yes,I don’t know,Nothing,I don’t know yet,im not too sure,,,,,,,No,
2/9/2025 8:15:03,X58AA (183rd CAV),Less than 3 years,Yes,,No,,No,No,Yes,Yes,I am happy at my current unit,I am happy in my current MOS,Yes,School,Miscommunication ,To get the VA home loan benefits ,nothing at the moment ,,,,,,,No,
2/9/2025 8:15:23,X58AA (183rd CAV),Greater than 6 years but less than 12,Yes,Not deploying ,Yes,STAP and Federal TA ,No,No,Yes,Undecided,I am happy at my current unit,I am happy in my current MOS,Yes,Needed to pay for college ,The Cavalry unit I’m assigned to will be essentially dissolved soon and I won’t be able to get my spurs ,I have already deployed and am not interested in doing that again. Its time to settle down and have a family and a civilian career ,I don’t know,,,,,,,No,N/A
2/9/2025 8:15:57,ZGEAA (429th BN),Greater than 3 years but less than 6,Yes,No question.,Yes,ArmyIgnitEd,No,No,Yes,Undecided,Yes,Yes,Yes,Tuition assistance ,To be more lively and enjoy life.,I want to use my military experience to further my career in IT.,More classes opportunity within the unit,,,,,,,No,
2/9/2025 8:16:54,X58AA (183rd CAV),Greater than 6 years but less than 12,Yes,,No,N/A,Yes,No,No,Undecided,I am happy at my current unit,No,No,You have to see a guard recruiter when leaving active. He was good at his job ,"Cav disbanding, lack of mos specific training, soldiers unable to be disciplined to the point where it effects the platoon, incompetent senior enlisted leaders","My body hurts, soldiers being promoted above those actually qualified, soldiers who have proved they are incompetent being promoted ahead of actual competent soldiers, lack of regular mos specific training, the units inability to fix anything remotely broken",Not having to move around without a home unit. Distance of travel. I don’t just as most people don’t want to drive 5+ hours for a tiny drill check,,,,,,,Yes,Training is usually bypassed for us 
2/9/2025 8:17:00,X58AA (183rd CAV),Greater than 6 years but less than 12,Yes,,Yes,"ROTC Scholarship, Federal TA",No,No,Yes,Undecided,Yes,I am happy in my current MOS,Yes,"Service, tuition assistance",Amount of time demanded to be away from family and work,Amount of time required away from family and work,Quarterly drills,,,,,,,No,
2/9/2025 8:17:11,X58AA (183rd CAV),Greater than 6 years but less than 12,Yes,"Failing school, upending civilian career goals, inability to start a family before age concerns",Yes,GI bill ,No,Yes,No,Undecided,Yes,I am happy in my current MOS,No,Love of service and country,"Leadership and lack of information, and timing of deployments with significant life events","Upcoming deployment, freshly finishing nursing school to finally start a new career and finally working again, finally afford a house, last moment in my mid 30s to start a family with significant other. Deployment would happen months just before all of this.","Detailed drill information being put out greater than 24hrs prior to drill, command not getting upset if tasting is having trouble being completed due to lack of detailed info, promises by command being kept, trying to less interfere with holidays or major national events.",,,,,,,Yes,"Lack of information is trickling down to E5 level, leading to frustration, stress, and poorer performance "
2/9/2025 8:18:26,X58AA (183rd CAV),Greater than 6 years but less than 12,Yes,,Yes,Army ignited ,No,No,No,No,No,No,No,Really reconsidering my first thought (coma) I thought I would be able to build a military career and go to school ,Constantly being a target no matter if I’m doing good or bad ,Because I don’t make enough money to keep dealing with a racist price of shit’s bullshit from home they shit on us because life isn’t great at home but meanwhile still living better than the person they’re power tripping over ,Well actually look at the leadership and look into them read these surveys we do some of us actually want to speak up but when we do we get counseling’s or article 15 if done range I feel as though the ranking structure between E-5 - E-7 even in some areas need to be strongly re-evaluated  ,,,,,,,No,I’m black no one cares for my achievements 
2/9/2025 8:21:48,X58AA (183rd CAV),Greater than 6 years but less than 12,No,,No,,No,Yes,No,Undecided,I am happy at my current unit,I am happy in my current MOS,No,I spent a lot of time active duty and transitioned to the guard. I wanted something close to home to contine to serve now the cav is moving on so I might too. ,"The Cav disbanding, limited MOS specific training, 80%of our essential equipment is unserviceable. Lack of development tatically from officers, seeing 10 year SPC, the lack of ability to truly discipline soldiers, the culture regular drills on Fridays effecting work. Soldiers being promoted who have no business being in that rank especially at the NCO level.  At a state level very little 11Cs have IMLC. I'm almost half way through my contact and my $10,000 signing bonus has yet to be paid. ","I'm undecided, but I want to hear the pitch. ","Not force soldiers to have to travel to a location different from the one I signed a multi year contract to attend. Point blank if the Cav moves and I have to travel further than I already do, I WILL ETS. The VANG is already hurting for mortars and even more for IMLC qualified mortars, but I will leave. ",,,,,,,Yes,As an 11C in the Cav we are used as bodies for details and get limited opportunities to actually train. Enlisted soldiers are well behind their peers. 
2/9/2025 8:23:21,X58AA (183rd CAV),Greater than 3 years but less than 6,No,,No,,No,Yes,No,No,Yes,No,No,"Physically staying  active  , financial reasons , serve my country ","Constantly pay issues
",Constantly pay issues and no real guidance . Expect you to know . ,"Clear and transparent communication , prepare soldiers for challenges ",,,,,,,No,No real guidance and does not give section alibis 
2/9/2025 8:25:11,X58AA (183rd CAV),Greater than 6 years but less than 12,Yes,,Yes,Montgomery GI Bill,No,No,Yes,No,No,No,Yes,Education and Service to Nation,Injury,Med Board ,Better communication about benefits to retention and extending ,,,,,,,Yes,
2/9/2025 8:28:46,X58AA (183rd CAV),Greater than 12 years,Yes,,Yes,Fed ta and yes ,No,Yes,No,No,I am happy at my current unit,Yes,No,Wanted to served and go to school ,The time commitment and lack of understanding ,Tired of being burn out and putting civilian life on hold ,Better support ,,,,,,,Yes,Meeting our needs to complete the mission 
2/9/2025 8:29:15,ZGEAA (429th BN),Less than 3 years,No,,No,,No,Yes,Yes,Undecided,I am happy at my current unit,No,Yes,Opportunities to development my skills ,I don't have anything negative,I’m interested because I would like to develop my skills ,talks to integrate people to better understand their intentions as a soldier and companion,,,,,,,No,
2/9/2025 8:30:16,ZGEAA (429th BN),Greater than 3 years but less than 6,Yes,None,Yes,GI bill ,No,No,No,No,No,No,No,Wanted to serve ,Poor leadership and treatment ,Poor leadership and treatment ,Better treatment and better leadership,,,,,,,Yes,No one is valued 
2/9/2025 8:34:20,X58AA (183rd CAV),Greater than 6 years but less than 12,Yes,No.,Yes,GI Bill,No,Yes,Yes,Undecided,I am happy at my current unit,Yes,Yes,Continued health benefits and retirement.,Additional deployments and VA disability claims.,N/A at this time.,N/A at this time.,,,,,,,Yes,
2/9/2025 8:35:27,ZGEAA (429th BN),Greater than 12 years,Yes,,Yes,"TA, 1607, Post 9/11",No,Yes,No,No,Yes,Yes,No,School,"Leadership, only about numbers and never care about soldier care. We don’t get paid enough, what we do doesn’t out weigh the pay and constant back and forth","Don’t get paid enough, leadership needs to reevaluate their standards. It’s not always about the mission. Not once have I seen leadership checking on their people. ",The deed is already done. ,,,,,,,Yes,"Being heard and understood, actually doing my job and not being tasked out to do everything else all the time (same individuals every time)"
2/9/2025 8:46:46,ZGEAA (429th BN),Greater than 12 years,Yes,No,No,,No,Yes,No,No,No,No,No,Wanted to serve my community during times of need. ,Unrealistic uptempo. ,As stated before unrealistic expectations. Demand is entirely too much for a part force. Guard expects active duty standards and services with limited full time staff. Puts Soldiers in a bind when requirements are needed outside of drill.,Raise my hand and say no to to tasks that can not be completed realistically whether due to time or personnel constraints. Jumping through hoops and working in chaos is expected however has become the norm. Legitimate prior planning and understanding the guards actual limitations. Minimize short suspenses that put strains on the force by requiring troops to request time away from their jobs. Yes you can't be fired by your employer however this is abused by the guard putting issues between employers and our Soldiers.,,,,,,,Yes,Not heard. Unrealistic expectations. No work life balance. Expected to work immense hours outside of the drill weekend with 0 compensation.
2/9/2025 8:47:15,XA3AA (1-116th 3rd BN),Greater than 6 years but less than 12,Yes,No,Yes,Tuition assistance and GI,No,Yes,No,No,No,No,Yes,Following the footprints of my family ,All the unplanned training tasks and drill weekends,Army has drastically changed from when I first enlisted ,Listen to the Joe’s and take serious recommendations for future training cycles ,,,,,,,Yes,
2/9/2025 8:49:20,ZGEAA (429th BN),Less than 3 years,Yes,No,No,,No,No,Yes,Yes,I am happy at my current unit,I am happy in my current MOS,Yes,Experience ,Nothing,"I am interested in enlisting again, for the extended experience ",More communication ,,,,,,,No,
2/9/2025 8:52:08,ZGEAA (429th BN),Less than 3 years,No,,No,,No,No,No,No,I am happy at my current unit,No,Yes,Benefits ,Don’t do my job as a 92F as much,Most drills are a waste of time in my opinion for lower enlisted,More training relating to your MOS ,,,,,,,No,
2/9/2025 9:09:43,V5KAA (29th DIV),Greater than 6 years but less than 12,Yes,No,Yes,Post 9/11 G I Bill,No,No,Yes,Yes,I am happy at my current unit,Yes,Yes,I have always wanted to join the military. ,My Mos is a dead end job,I want to stay in so I can change my Mos to 25S.,Better communication ,,,,,,,No,
2/9/2025 9:10:39,X6TAA (329th HHC),Less than 3 years,No,No ,Yes,"Hi bill , TA",No,No,Yes,No,No,No,Yes,School ,Struggling with splitting in the beginning ,"Don’t feel it’s as beneficial , now my thoughts may change since my lt and platoon ssg has changed . Things have progressed but it is time consuming driving ",better knowledge on things ,,,,,,,No,
2/9/2025 9:11:18,ZGEAA (429th BN),Less than 3 years,No,No ,No,N/A,No,No,Yes,Undecided,Yes,I am happy in my current MOS,Yes,N/A,N/A,Undecided ,Communication ,,,,,,,No,
2/9/2025 9:12:27,X58AA (183rd CAV),Greater than 6 years but less than 12,Yes,Job retention; school attendance; priority to attend next military schools for promotion ,Yes,GI Bill,No,No,No,No,Yes,Yes,No,Serving my country; gaining strong skills; coaching and mentoring soldiers ,Career progression (promotions and broadening assignments (beyond the typical staff level additional duties)),"Hearing from folks in our ranks, soldiers feel they are being held from job opportunities, for instance, going on ADOS to get essential military experiences that are highly desired for employers; soldiers feel overwhelmed with long distance travel and prolonged drill hours ","Soldiers getting opportunities to go ADOS to get real world experiences; working on actual MOS skills; proper equipment to meet tasks and unit METLs (Laptops, humvees)",,,,,,,Yes,Having the resources and structured time to mentor soldiers; having resources available to send soldiers to MOS specific training or promotion opportunities 
2/9/2025 9:12:47,ZGEAA (429th BN),Greater than 6 years but less than 12,No,,No,,No,Yes,Yes,Yes,I am happy at my current unit,I am happy in my current MOS,Yes,I joined to pay for college.,Each unit i have been assigned to has been farther from my home station than the last. Lodging in Kind has recently made my quality of live much higher but the milage is still a hard burden when there are units much closer to my house.,None,My moral would be higher if the gear i was using was modernized. We are using gear that is far below active duty standards....both OCIE and tactical vehicles.,,,,,,,Yes,
2/9/2025 9:13:01,X58AA (183rd CAV),Greater than 3 years but less than 6,No,,No,,No,No,Yes,Undecided,No,No,No,Benefits,Disorder,Structure of the guard ,"Accommodate, clear plans",,,,,,,No,
2/9/2025 9:18:53,V5KAA (29th DIV),Greater than 6 years but less than 12,No,,Yes,,No,Yes,Yes,Yes,Yes,I am happy in my current MOS,Yes,Better myself,N/A,N/A,N/A,,,,,,,Yes,
2/9/2025 9:19:20,PHMAA (111th FA BN),Greater than 6 years but less than 12,Yes,,No,,No,No,No,Undecided,I am happy at my current unit,I am happy in my current MOS,Yes,Service to country ,Wokeness. Forcing women into combat arms by lowering standards. And then lowering grooming standards for women and then praising women every ten seconds like men do nothing. Then lowering field training for women. If the army wanted to make soldiers biased against women they did a good job.,Time taken away from family for BS assignments with little training value.,Raise standards and ensure the soldiers can get the training they need not bs death by power point or supporting other units training while their training time gets sacrificed. The soldiers like things being hard if it improves their skills for completing the job they signed up for.,,,,,,,Yes,
2/9/2025 9:20:55,777AA (R&R),Greater than 12 years,Yes,,Yes,GI Bill,No,Yes,Yes,Undecided,I am happy at my current unit,No,Yes,Service to country.,The current president.,Retirement.,More honesty and fairness across the board.,,,,,,,Yes,
2/9/2025 9:21:00,ZGEAA (429th BN),Greater than 6 years but less than 12,Yes,No,No,,Yes,No,Yes,No,No,No,Yes,Education on a hands on level and benefits ,People and the environment feel “soft” more bullshit work than actually what we could be achieving as soldiers ,freedom to start a career that I would enjoy such as a traveling locomotive technician ,Involved us more in what needs to be done instead of constant non mos work ,,,,,,,Yes,
2/9/2025 9:21:23,X58AA (183rd CAV),Greater than 6 years but less than 12,Yes,No,Yes,state and federal TA,No,Yes,Yes,No,Yes,Yes,Yes,Educational benefits ,Non full time service ,Interest in active duty ,More schools ,,,,,,,Yes,
2/9/2025 9:36:22,X58AA (183rd CAV),Greater than 3 years but less than 6,No,,No,,No,No,Yes,Undecided,I am happy at my current unit,Yes,Yes,Service,Health,Na,Na,,,,,,,Yes,
2/9/2025 9:39:25,ZGEAA (429th BN),Greater than 3 years but less than 6,No,No ,No,,No,No,Yes,Undecided,I am happy at my current unit,Yes,Yes,School ,Nothing ,Not sure yet ,Better communication ,,,,,,,No,
2/9/2025 9:39:45,V6VAA (1-116th),Greater than 12 years,Yes,No,Yes,State TA,Yes,Yes,Yes,Undecided,I am happy at my current unit,I am happy in my current MOS,Yes,Tricare,State TA funds process,"Interested, make Tricare free, or same rate as when soldier is in after they hit 20 years",None at this time,,,,,,,Yes,
2/9/2025 9:41:03,PE1AA (229th Engineer),Greater than 6 years but less than 12,Yes,No,Yes,State and federal TA,No,Yes,Yes,Undecided,No,I am happy in my current MOS,No,School benefits and experience ,A Co has always had amazing leadership but the new CO has me questioning staying with the unit.,"Alpha Company has always had an incredibly tight camaraderie and environment. However, the new CO has come in and has started trying to change that positive environment. It has started to create an environment of having to walk on eggshells when he is around.","Captain Glass while having many good ideas, display a lot of immature towards soldiers and being a leader. I have watched him tease soldiers and NCOs to level of humiliating and board line berating them for small mistakes. He continuously “teases” an NCO loudly and publicly in a way that clearly puts the NCO down. 

He always loves to publicly talk about how much power he has and how he can make anything happen. He’s also been witness putting down and disrespecting A Co AGR staff. 

I believe his intentions are good but he has already lost the trust and respect of most of A Co. his immaturity has been noted by even some of the lowest ranking soldiers and to the NCO level. If the CO does not like someone he makes that clear through his actions and commentary. ",,,,,,,Yes,A different company commander.
2/9/2025 9:45:26,ZGEAA (429th BN),Greater than 6 years but less than 12,Yes,No,Yes,Spousal Transfer of GI Bill from Active Duty,Yes,Yes,No,No,No,No,No,I joined while transferring from Active Duty due to being given a false picture from retention personnel of the coat of health insurance benefits in the private sector.,Continuation of above listed shortfalls of the administrative processes.,"-Guard duty is an underpaid service to the state that does not keep up with average pay or benefit rates per hours worked compared to the civilian and government sectors. A valued asset to a team would be compensated with comparable pay and benefits.  The notion that the guard offers better insurance benefits than the civilian sector and thus makes up for the low pay earned is outdated information.  Most companies today provide better health/dental/eye/life insurance that is comparable if not superior at close to equal cost to the worker.

-The guard paints a picture of two days per month and two weeks per summer, while constantly exceeding these figures, which negatively impacts the SMs career progression on the civilian side.  A valued member of a team would be given a clear and transparent picture of expected numbers of days and hours worked, per contract, before signing said contract.

-Multiple instances in my current unit of SMs being injured while at drill or during AT, with multiple witnesses, to then have LODs denied shows the the VANG worries more about statistics than the wellbeing of service members.  A valued member of a team would be given assistance in receiving health care and VA benefits related to injuries sustained while on-duty serving the needs of the state and nation.",No lasting positive changes could be made at the SM level with no support from higher leadership.,,,,,,,Yes,"-Guard duty is an underpaid service to the state that does not keep up with average pay or benefit rates per hours worked compared to the civilian and government sectors. A valued asset to a team would be compensated with comparable pay and benefits.  The notion that the guard offers better insurance benefits than the civilian sector and thus makes up for the low pay earned is outdated information.  Most companies today provide better health/dental/eye/life insurance that is comparable if not superior at close to equal cost to the worker.

-The guard paints a picture of two days per month and two weeks per summer, while constantly exceeding these figures, which negatively impacts the SMs career progression on the civilian side.  A valued member of a team would be given a clear and transparent picture of expected numbers of days and hours worked, per contract, before signing said contract.

-Multiple instances in my current unit of SMs being injured while at drill or during AT, with multiple witnesses, to then have LODs denied shows the the VANG worries more about statistics than the wellbeing of service members.  A valued member of a team would be given assistance in receiving health care and VA benefits related to injuries sustained while on-duty serving the needs of the state and nation."
2/9/2025 9:49:48,ZGEAA (429th BN),Greater than 3 years but less than 6,Yes,Sharp and EO,Yes,State TA,No,No,No,Undecided,Yes,I am happy in my current MOS,Yes,School and Structure ,Toxic Leadership and ,Not enough money and Toxic Leadership ,Positivity and suicide retention ,,,,,,,No,N/A
2/9/2025 9:53:11,ZGEAA (429th BN),Greater than 6 years but less than 12,No,No,No,,No,Yes,Yes,Undecided,I am happy at my current unit,I am happy in my current MOS,Yes,Educational Benefits,The people forsay,I’m interested in re-enlisting to further my education ,Bible Study,,,,,,,No,
2/9/2025 9:58:54,V5KAA (29th DIV),Greater than 12 years,Yes,Yes,Yes,G1 bill,No,No,Yes,Yes,Yes,Yes,Yes,Give back ,Optempo,High opetempo,Quarterly drills,,,,,,,Yes,
2/9/2025 10:01:07,ZGEAA (429th BN),Less than 3 years,No,,Yes, State Tuition assistance ,No,No,Yes,Undecided,I am happy at my current unit,Yes,Yes,College benefits ,Not right now ,Still thinking about career after college ,"Plan ahead, improve communication from leadership to soldiers ",,,,,,,No,
2/9/2025 10:02:29,XA3AA (1-116th 3rd BN),Greater than 3 years but less than 6,No,,No,,Yes,No,Yes,Undecided,I am happy at my current unit,I am happy in my current MOS,Yes,To continue to serve after active,Nothing ,Im not sure,I dont know,,,,,,,No,
2/9/2025 10:03:25,XA3AA (1-116th 3rd BN),Greater than 3 years but less than 6,Yes,,No,,No,No,Yes,No,I am happy at my current unit,Yes,Yes,Change my life around,Nothing,Have move past this experience in this time of my life,None,,,,,,,No,
2/9/2025 10:03:58,ZGEAA (429th BN),Less than 3 years,No,When and where is it ,No,,No,No,Yes,Yes,I am happy at my current unit,I am happy in my current MOS,Yes,Benefits and for my future,Nothing,I am because the army is as a guide for me to live ,Events,,,,,,,No,
2/9/2025 10:06:39,777AA (R&R),Greater than 3 years but less than 6,No,No,No,,No,No,Yes,Yes,Yes,Yes,Yes,Money and needed direction ,Current job in AGR ,N/a,More work life balance. Less stress with recruiting. ,,,,,,,Yes,
2/9/2025 10:09:02,ZGEAA (429th BN),Greater than 12 years,Yes,N/A,Yes,I would now because of having to pay out of pocket then wait on a reimbursement.,No,No,Yes,No,No,No,Yes,To become a better person and leader,"The organization as a whole, no soldier care , higher leaders seems to not know their job, no real plan, bright ideas not thought all the way thru and everything seems about personal accomplishments not thought how it affects the team and moral ",Because of the direction the military seems to be heading hurry up and wait no real training in MOS fields not making sense to a real purpose. After drill soldiers and I wants to feel like we accomplished something a person instead of feeling like we waisted our time..,Give soldiers a true opportunity and time to learn their jobs of the MOS that they selected. Let NCO’s be NCO’s not treat them like they just hold a position.,,,,,,,Yes,
2/9/2025 10:09:08,XA3AA (1-116th 3rd BN),Greater than 3 years but less than 6,Yes,,Yes,"GI Bill Chapter 33 & 1606, state tuition assistance ",No,No,Yes,No,No,No,Yes,College education benefits & citizenship,Peacetime,I want to focus on my civilian career,N/a,,,,,,,No,
2/9/2025 10:09:47,XA3AA (1-116th 3rd BN),Greater than 12 years,Yes,No,Yes,FTA and STA,Yes,No,Yes,Undecided,I am happy at my current unit,I am happy in my current MOS,Yes,Tuition assistance ,Not enough freedom with training and never treated like an adult,Tricare,Everyone’s morale is pretty high right now. ,,,,,,,Yes,
2/9/2025 10:12:48,XA3AA (1-116th 3rd BN),Greater than 6 years but less than 12,Yes,No,No,N/A,No,No,Yes,Yes,I am happy at my current unit,Yes,Yes,Persuaded by recruiter,"Not enough freedom of training, not being treated like an adult",Interested in potential mos change ,Civilians during home stations ,,,,,,,Yes,N/A
2/9/2025 10:13:16,XA3AA (1-116th 3rd BN),Greater than 3 years but less than 6,No,,No,,No,No,Yes,Undecided,I am happy at my current unit,I am happy in my current MOS,Yes,Ed benefits and med benefits ,President ,I just reenlisted so not on my mind right now,Ideas from lower enlisted,,,,,,,No,
2/9/2025 10:22:09,ZGEAA (429th BN),Greater than 3 years but less than 6,Yes,,No,,No,No,Yes,Yes,I am happy at my current unit,Yes,Yes,Wanted to be part of the military and to make myself better financially ,If the money is worth it. ,I am if I can get the bonus tax free and to give my daughter my gi bill,No changes ,,,,,,,No,
2/9/2025 10:22:56,777AA (R&R),Greater than 12 years,No,N/A,No,,No,No,Yes,Yes,No,No,Yes,Came to the Guard after active duty,Life issues,N:A,N/A,,,,,,,Yes,N/A
2/9/2025 10:31:05,V5KAA (29th DIV),Greater than 3 years but less than 6,No,,No,,No,Yes,Yes,No,No,No,Yes,Panic during COVID & desire to gain security clearance for intelligence community job. ,Role within army & time commitments outside of the Army. ,The army's effects on my life are currently all negative (not necessarily the army's fault). I also am unfortunately no longer pursuing an intelligence career so a MOS change is unlikely to be worth it. I am also concerned about what the current administration may ask the guard to do. ,"Less sitting around, clear goals in long-term training. More efficient drill weekends. ",,,,,,,No,
2/9/2025 10:39:42,777AA (R&R),Greater than 6 years but less than 12,Yes,No,Yes,SLRP but wasn’t paid out ,No,Yes,Yes,Undecided,No,I am happy in my current MOS,Yes,Benefits,Extending for SLRP and not getting my loans paid,Deciding with my family,"Give soldiers their benefits they enlist or extend for. Offer more schools and promote soldiers that’s deserving regardless of if there’s slot for blc, alc or etc. there’s too many non combat mos stuck as E-4 for years. ",,,,,,,Yes,
2/9/2025 10:41:03,ZGEAA (429th BN),Greater than 3 years but less than 6,No,No,Yes,TA,No,No,Yes,Undecided,I am happy at my current unit,I am happy in my current MOS,Yes,I got out of active duty ,Active duty army didn’t care that my step father passed away and my unit made me miss his funeral,At this moment I am content with completing my contract and starting a different career path. ,Haven’t been here long enough to know ,,,,,,,No,
2/9/2025 10:41:23,8BJAA (JFHQ),Greater than 12 years,Yes,,Yes,Tuition assistance/ GI Bill,No,Yes,Yes,No,No,No,Yes,Fraternity brothers joined and wanted to serve my country ,Family is more important ,Going to hit 20 years AFS and time to move on to my next career ,Communication ,,,,,,,Yes,
2/9/2025 10:46:50,XA3AA (1-116th 3rd BN),Greater than 3 years but less than 6,No,No,No,,No,No,Yes,No,No,No,No,To pay for school,"Given schools, but slots were taken from me, drill takes away from the money I could be making.",I’m just not interested in serving more time ,More school slots if possible ,,,,,,,No,
2/9/2025 10:48:35,PHPAA (1-116th INF BN),Greater than 3 years but less than 6,No,,No,,No,No,Yes,Yes,Yes,Yes,Yes,Always wanted to be part of the military ,"The availability in progressing within my military service. (Schools, opportunities, and training)",I’m interested in reenlisting to continue my progression within the military but also are not interested because of the lack in opportunities with schools within the military ,N/A,,,,,,,Yes,
2/9/2025 10:53:56,V5KAA (29th DIV),Greater than 12 years,Yes,No,Yes,,No,No,Yes,Yes,I am happy at my current unit,Yes,Yes,Finishing up my time ,None ,None,None,,,,,,,Yes,
2/9/2025 10:54:04,V5KAA (29th DIV),Less than 3 years,No,,No,,No,No,Yes,Yes,I am happy at my current unit,I am happy in my current MOS,Yes,My recruiter lied to me.,Lack of funds,"I want to re-enlist, but not as National Guard",N/A,,,,,,,No,
2/9/2025 10:54:29,V5KAA (29th DIV),Greater than 12 years,Yes,,Yes,Post 911 gi bill,Yes,No,Yes,Yes,I am happy at my current unit,Yes,Yes,School benefits,Pay rate,Im interested because of the benefits,No change,,,,,,,No,
2/9/2025 11:01:13,PHPAA (1-116th INF BN),Greater than 6 years but less than 12,Yes,"Not deploying in the next twelve, but no concerns.",Yes,"Federal, State never worked out.",Yes,No,Yes,Yes,I am happy at my current unit,I am happy in my current MOS,Yes,Family tradition of military service and personal desire to serve and develop myself.,"Sometimes the op tempo is damaging but I manage, sometimes the supplies are lacking for training or personal gear that do not seem to be a priority to get resolved (at State level).",Interested in re-enlisted to transfer my GI bill to my son.,More training school slots for soldiers and all gear and military equipment issues addressed.,,,,,,,Yes,
2/9/2025 11:03:56,V5KAA (29th DIV),Greater than 3 years but less than 6,Yes,,No,,No,Yes,Yes,Undecided,I am happy at my current unit,I am happy in my current MOS,Yes,Money,Lack of LIK my first 3 years. I haven’t recurved back pay for spending my own money to travel and stay on base.,"My recruiter lied about there being a bonus for my MOS. However, others received theirs. Plus, I didn’t receive my back pay","More events, more transparency/ involvement between L-Enlisted and leadership, better communication and involvement via email/ application (signal)",,,,,,,No,
2/9/2025 11:04:04,V5KAA (29th DIV),Less than 3 years,No,No,Yes,Tuition Assistance and GI bill,No,No,Yes,Yes,I am happy at my current unit,Yes,Yes,To better myself and continue my education ,Nothing really ,I like the Gurad and also like the people I work with so I will definitely re-enlist ,Nothing really ,,,,,,,No,
2/9/2025 11:06:54,X58AA (183rd CAV),Greater than 3 years but less than 6,No,No,No,,No,No,Yes,Yes,Yes,I am happy in my current MOS,No,Being healthy,Less and less freedom to explore and learn my Mos,"It mostly depends on capability to expand my knowledge of my mos, and job opportunities. ","Hot meals, ",,,,,,,No,"Informative, commination, trust that pairs with the responsibilities given.  "
2/9/2025 11:07:27,V5KAA (29th DIV),Greater than 3 years but less than 6,Yes,No,No,,No,No,Yes,No,I am happy at my current unit,I am happy in my current MOS,Yes,College,N/A,Not working for me,N/A,,,,,,,Yes,
2/9/2025 11:09:34,XA3AA (1-116th 3rd BN),Greater than 6 years but less than 12,Yes,No,Yes,College,No,No,No,No,No,No,Yes,TRICARE ,Civilian career,To focus on my civilian career,Commanders actually understands that I have a civilian career and life. ,,,,,,,Yes,
2/9/2025 11:11:00,XA3AA (1-116th 3rd BN),Greater than 12 years,Yes,,No,,No,No,Yes,Yes,I am happy at my current unit,I am happy in my current MOS,Yes,Comradery,Everyone whines about everything and it is hard to correct them,Very close to 20 years,Have good training and alot less waiting around,,,,,,,Yes,
2/9/2025 11:11:05,XA3AA (1-116th 3rd BN),Greater than 6 years but less than 12,Yes,No,No,None,No,No,No,Yes,Yes,Yes,Yes,Retirement ,Sitting around waiting for something to do then all of a sudden there are things that need to be done that have been completed 6 hours prior to ,I am re-emoisting to make my 20 to add to my civilian retirement ,Have a training plan prior to drill and actually use it and not waste peoples time for most of the day then wait till 1400-1500 to have something meaning full to do. ,,,,,,,No,
2/9/2025 11:11:07,XA3AA (1-116th 3rd BN),Greater than 3 years but less than 6,No,N/A,No,N/A,No,Yes,Yes,Yes,I am happy at my current unit,I am happy in my current MOS,Yes,Family,Nothing,I’m extending,Better planned drills,,,,,,,No,
2/9/2025 11:11:17,ZGEAA (429th BN),Less than 3 years,Yes,,Yes,TA ,No,No,Yes,Undecided,I am happy at my current unit,I am happy in my current MOS,Yes,Opportunity and to serve ,Promotion options ,Retirement ,Better solider care ,,,,,,,Yes,
2/9/2025 11:11:24,XA3AA (1-116th 3rd BN),Greater than 6 years but less than 12,Yes,No,No,,Yes,No,Yes,No,No,No,Yes,School,Time not used properly showing up at 8am and actively working until 9am on top of wake up at 0400 just to drive 100 mile just isent for me,Ready to move past service career,A set time to rest and recover at the end of the day ,,,,,,,Yes,
2/9/2025 11:12:27,PHMAA (111th FA BN),Less than 3 years,No,,No,,No,No,No,No,No,Yes,No,Scholarship money,Lack of information readily available to soldiers. No one interested in mentoring jr leadership to help us get on boarded.  ,This job adds way too much stress to my life when it only pays me part time. It conflicts with my actual full time civilian job which pays my bills. And my mental health isn’t good because of the extra stress.,Actually helping them and following through on promises. I think it would help them be more motivated when they are here.,,,,,,,No,"Our unit has been very unorganized in the years before I arrived. Myself and new leadership are working really hard to get organized and meet higher leaderships guidances. But anytime we do something good it seems like they just tell us it isn’t good enough. We didn’t create the  problems, we are trying to fix them with almost no help. A little visibility and help would be appreciated. "
2/9/2025 11:14:15,XA3AA (1-116th 3rd BN),Greater than 3 years but less than 6,Yes,,Yes,VA Guard benefits and Army IgnitED,No,No,No,No,No,I am happy in my current MOS,No,"To keep it short, a mix of family history, a desire to serve, and education benefits.","I came in from AIT super excited about my job and serving and was met with little to no guidance on anything, and leadership that could care less that I was there. I never get to do my job and get almost respect from leadership despite putting in effort and trying","I am not re-enlisting because my spouse is also in the military, and therefore I don’t want to deploy.","I would definitely have more female NCO’s in leadership, would have the NCO’s mentor people and teach them instead of getting mad when people don’t know stuff, and I would acknowledge soldiers more (ex. When they get out, having a goodbye at formation)",,,,,,,No,"I feel valued by the majority of the unit, just not the NCO’s that have been in charge of me. NCO’s from other section have been the ones to take the time to get to know me and try to offer guidance/advice. Having the leadership be more approachable and polite would be a huge improvement."
2/9/2025 11:14:36,XA3AA (1-116th 3rd BN),Greater than 12 years,Yes,No,Yes,"Post 9-11 GI, State TA",No,No,Yes,Yes,I am happy at my current unit,I am happy in my current MOS,Yes,A misplaced sense of duty and desire for glory.,"I had kids, I learned how terrifying drone warfare is, I am not a fan of modern policies which seem to prioritize an inclusive fighting force over a morally justified one.",To get my pension is basically my main motivation atm,Longer quarterly drills rather than short weekend drills.,,,,,,,Yes,
2/9/2025 11:14:40,XA3AA (1-116th 3rd BN),Greater than 3 years but less than 6,No,No,No,,No,Yes,Yes,No,No,No,Yes,Idk,Nothing,Just wanna live my life without having use up my weekends,More virtual drills,,,,,,,No,
2/9/2025 11:14:48,XA3AA (1-116th 3rd BN),Greater than 12 years,Yes,No ,Yes,,No,Yes,No,No,No,No,No,Let’s not talk about that ,List is long ,I am just so done with this. ,Very simple. Take care of your soldiers! ,,,,,,,Yes,It’s a long story 
2/9/2025 11:15:17,XA3AA (1-116th 3rd BN),Greater than 12 years,Yes,,Yes,,No,No,Yes,Yes,I am happy at my current unit,I am happy in my current MOS,Yes,Initially 9/11 was my reason. ,Nothing,Extended,Competition ranges,,,,,,,Yes,
2/9/2025 11:17:42,XA3AA (1-116th 3rd BN),Greater than 3 years but less than 6,Yes,,No,,No,No,Yes,Yes,I am happy at my current unit,Yes,Yes,Insurance coverage post active duty enlistment ,"Nothing, great unit and CoC.",I am just at a point in my life where I want more time with my family.,Regular annual training with partner units in a foreign country.,,,,,,,Yes,
2/9/2025 11:17:54,ZGEAA (429th BN),Less than 3 years,No,N/A,Yes,GI Bill,No,No,Yes,Undecided,I am happy at my current unit,I am happy in my current MOS,No,To help pay for school ,Lack of my efforts making a difference/ being appreciated ,I don’t feel that the benefits the Army provides outweigh the potential time lost civilian side.,"More soldier involvement in the bigger picture, which would help make each task feel more important and meaningful, and giving more recognition, if not with awards at least verbally. Also rewards for performing well in basic soldiering task such as the ACFT or qual range.",,,,,,,No,If there was more appreciation for my work/ effort
2/9/2025 11:18:48,XA3AA (1-116th 3rd BN),Less than 3 years,No,N/A,No,,No,No,Yes,Undecided,I am happy at my current unit,Yes,Yes,"Civilian Skillset to do most good, Country.",N/A,I am very early in my VANG Career so it's too soon to tell. I like it so far,N/A,,,,,,,No,
2/9/2025 11:20:07,XA3AA (1-116th 3rd BN),Greater than 12 years,Yes,N/A,Yes,"GI Bill, however TA is very difficult to use.",No,Yes,Yes,Undecided,Yes,Yes,Yes,Sense of purpose and college money,Incompetent and self-centered leadership,"The time commitment has seems to grow yearly, compared to when I first enlisted.","Put the soldier's health and welfare first. Many tasks are pushed down that negatively impact soldiers, and there is not actual benefit other than a number on a Brigade spreadsheet.",,,,,,,Yes,N/A
2/9/2025 11:21:40,XA3AA (1-116th 3rd BN),Less than 3 years,Yes,No,No,,No,No,Yes,Yes,I am happy at my current unit,I am happy in my current MOS,Yes,Serving country and state,N/A,Undecided but currently content,More group events,,,,,,,No,
2/9/2025 11:22:28,XA3AA (1-116th 3rd BN),Less than 3 years,No,,No,,No,No,No,Undecided,I am happy at my current unit,I am happy in my current MOS,Yes,"Multiple reasons including pay, national pride, etc.",Branching into a specific field as an 09S,Only been in for a year,Unsure at this time ,,,,,,,No,
2/9/2025 11:25:16,XA3AA (1-116th 3rd BN),Greater than 6 years but less than 12,Yes,N/A,Yes,GI Bill and VA tuition assistance. I had endless problems with both benefits ,No,Yes,Yes,Undecided,I am happy at my current unit,Yes,Yes,I wanted to be a part of something bigger than myself and open new doors to more careers on the civilian side,Lack of soldier care has significantly decreased my trust and assurance in the guard. Lack of information and lack of care when something bad happens or paperwork needs to be filed. ,"I'm still thinking about it, but actually pulling through on some of my requests would be a big factor leading to a reenlistment. I don't even know if this form matters because I haven't been able to trust things like this in the past. There needs to be more attention to soldiers that actually need help. Even if info session are optional they should at least have them available. ",Listen to the soldiers (within reason) training is training but surveys like this. Let's try and see some of this actually implemented. Push out more resources that cover what the SM needs to know and explain how to use them. ,,,,,,,Yes,"I would like to see more resources being covered throughout the drill year. Information on things like SSLI, SGLI, education, TSP, etc"
2/9/2025 11:25:34,XA3AA (1-116th 3rd BN),Greater than 12 years,Yes,No,Yes,GI Bill,Yes,Yes,Yes,Undecided,I am happy at my current unit,I am happy in my current MOS,Yes,School help,Pay problems ,Money problem ,Pay people correctly ,,,,,,,Yes,
2/9/2025 11:28:27,PHPAA (1-116th INF BN),Greater than 12 years,Yes,Unknown,Yes,Post 9-11 GI Bill,No,Yes,Yes,Yes,I am happy at my current unit,I am happy in my current MOS,Yes,Desire to serve my country in uniform again.,It's been fine. ,Just signed a 1 year extension today.,Access to my email at home again. ,,,,,,,Yes,
2/9/2025 11:30:20,XA3AA (1-116th 3rd BN),Greater than 6 years but less than 12,Yes,NA,Yes,Student Loan Repayment Program,Yes,Yes,Yes,Yes,I am happy at my current unit,I am happy in my current MOS,Yes,Lead to join,Disorganization ,"Disorganized. When things are needed from you, it is a timeline, but when needed from others, it has to wait and work through the process",Increased flexibility and efficiency ,,,,,,,No,
2/9/2025 11:32:13,777AA (R&R),Greater than 12 years,Yes,,Yes,,No,No,Yes,Yes,No,No,Yes,Opportunity,Racism,I am close to retirement and would like to get my E8 before leaving,Racism being overlooked,,,,,,,Yes,
2/9/2025 11:36:20,XA3AA (1-116th 3rd BN),Greater than 12 years,Yes,Ni,Yes,State TA,No,Yes,Yes,Yes,I am happy at my current unit,I am happy in my current MOS,Yes,Tuition assistance,Treatment of SMs as pawns,I am planning on finishing out my 20 years at minimum,Put soldiers first as best we can,,,,,,,Yes,
2/9/2025 11:38:56,ZGEAA (429th BN),Greater than 12 years,Yes, No,No,,Yes,Yes,Yes,No,I am happy at my current unit,I am happy in my current MOS,Yes,Benefits,Nothing,Retirement ,Nothing,,,,,,,Yes,
2/9/2025 11:40:30,ZGEAA (429th BN),Greater than 12 years,Yes,No,No,,No,No,Yes,No,No,No,Yes,Patriotism,Feet issues,Health issues,More empowering and decision making,,,,,,,Yes,
2/9/2025 11:40:38,PE1AA (229th Engineer),Greater than 6 years but less than 12,Yes,,No,,No,No,Yes,No,No,No,Yes,Signing bonus,Donald Trump was elected president ,Donald Trump was elected president,N/A,,,,,,,No,
2/9/2025 11:44:28,ZGEAA (429th BN),Greater than 12 years,Yes,,Yes,GI Bill ,No,No,Yes,Yes,Yes,Yes,Yes,College money,Nothing,Continuing to server. Warrant. ,None,,,,,,,Yes,
2/9/2025 11:44:50,V5KAA (29th DIV),Greater than 3 years but less than 6,Yes,,Yes,No,No,No,Yes,Undecided,Yes,Yes,Yes,College benefits ,Unit location,"I plan to become a military pilot, however, due to the location of my unit I have to drive 3 hours away",Unit location ,,,,,,,No,
2/9/2025 12:02:42,UAXAA (224th Aviation),Less than 3 years,No,,No,,No,No,Yes,No,I am happy at my current unit,I am happy in my current MOS,Yes,School ,Life changes ,.,More events to get to know your unit ,,,,,,,Yes,
2/9/2025 12:13:18,ZGEAA (429th BN),Greater than 3 years but less than 6,No,,No,,No,No,No,No,No,No,No,Boredom,Leadership ,I don’t want too,I won’t ,,,,,,,No,
2/9/2025 12:13:29,ZGEAA (429th BN),Greater than 3 years but less than 6,Yes,,Yes,GI BILL had issues with state tuition assistance ,No,Yes,No,No,No,No,Yes,School money ,Covid protocols ,Na,Na,,,,,,,No,
2/9/2025 12:24:00,ZGEAA (429th BN),Greater than 12 years,Yes,No,Yes,Gi bill,No,Yes,Yes,Undecided,Yes,No,Yes,Bonus money,My job,"Being ar

Being RTI full time FOS",Change the 14 day menu,,,,,,,Yes,
2/9/2025 12:24:53,ZGEAA (429th BN),Greater than 3 years but less than 6,Yes,,No,,No,Yes,Yes,Undecided,I am happy at my current unit,I am happy in my current MOS,Yes,Insurance for my family ,People,Training is poorly executed ,Better time management ,,,,,,,Yes,
2/9/2025 12:26:39,ZGEAA (429th BN),Greater than 3 years but less than 6,Yes,N/A,Yes,"CA, and Certifications are now limited to 3 within a 10 year period regardless of CA yearly limit. ",No,No,No,No,Yes,I am happy in my current MOS,No,It was a childhood dream.,Toxic leadership and a lack of appreciation. Lack of accountability for the toxic leadership when stated and evidence shown.,N/A,Show appreciation all the way down to the bottom and reprimand toxic leadership.,,,,,,,Yes,Proper appreciation and less credit for work being completed reflecting on higher leadership.
2/9/2025 12:28:22,X58AA (183rd CAV),Less than 3 years,No,,Yes,Credentialing Assistance. No issues. ,No,No,No,No,No,No,No,Va home loan access. ,Was told I could do ADOS/AGR in order to access VA home loan after a year. ,I don't feel like I do what I was trained for,No idea.,,,,,,,No,Work/training on equipment pertaining to my MOS
2/9/2025 12:32:39,PE1AA (229th Engineer),Greater than 6 years but less than 12,Yes,,No,,No,No,Yes,Undecided,I am happy at my current unit,No,Yes,School,N/A,Y’all can’t send me to airborne school ,AIRBORNE SCHOOL,,,,,,,No,
2/9/2025 12:32:53,PE1AA (229th Engineer),Greater than 3 years but less than 6,No,,No,,No,No,Yes,No,No,No,No,Service,Morale,No,No,,,,,,,No,
2/9/2025 12:33:28,PE1AA (229th Engineer),Greater than 6 years but less than 12,Yes,,Yes,Federal & State TA,Yes,No,Yes,Yes,I am happy at my current unit,I am happy in my current MOS,Yes,School.,Nothing.,N/A,N/A,,,,,,,Yes,
2/9/2025 12:33:38,PE1AA (229th Engineer),Greater than 3 years but less than 6,No,No,Yes,VARNG STAP,No,No,Yes,Yes,I am happy at my current unit,I am happy in my current MOS,Yes,New Experiences,Not much,Im interested because I like it here,Coordination from NCOs (not mine),,,,,,,No,
2/9/2025 12:33:45,PE1AA (229th Engineer),Greater than 3 years but less than 6,Yes,No,Yes,"Yes, it’s garbage to try to get army tuition assistance. Many times I went through the process and it never went through. ",No,Yes,No,No,Yes,No,No,Money,Poor leadership,Takes too much time over weekend,None,,,,,,,Yes,More relaxed unit would make me reenlist 
2/9/2025 12:33:52,PE1AA (229th Engineer),Greater than 6 years but less than 12,No,No,Yes,"TA, no",No,Yes,Yes,Undecided,I am happy at my current unit,I am happy in my current MOS,Yes,"Spent 6 years in the reserves, had no opportunity ",There is virtually no upward mobility.,"If I don’t promote during this contract, I will get out","More slots for promotion, more MOS specific training and opportunities ",,,,,,,No,
2/9/2025 12:34:01,PE1AA (229th Engineer),Greater than 3 years but less than 6,No,,Yes,"State, fed, GI Bill",No,No,Yes,No,No,No,Yes,Education benefits and clearance ,Effect on civilian life. Repetitive trainings. No long being challenged ,Feel like I’ve gotten everything out of my time in the guard. ,More access to TS/SCI facilities. ,,,,,,,Yes,
2/9/2025 12:34:08,PE1AA (229th Engineer),Less than 3 years,Yes,Not yet,No,,No,No,Yes,Yes,Yes,Yes,Yes,Family ,N/A,Because it’s a great way to serve ,Actually do things during drill with our MOS. I feel like we show up to drill and don’t do much. ,,,,,,,No,
2/9/2025 12:34:12,PE1AA (229th Engineer),Greater than 6 years but less than 12,Yes,No,Yes,Tuition Assistance,No,No,Yes,Yes,I am happy at my current unit,I am happy in my current MOS,Yes,Career change,NA,NA,NA,,,,,,,Yes,NA
2/9/2025 12:34:25,V6VAA (1-116th),Less than 3 years,No,,Yes,,No,Yes,Yes,Undecided,I am happy at my current unit,I am happy in my current MOS,Yes,To start a career,Nothing,As long as I can continue towards my goals I plan to stay in,I am not sure,,,,,,,No,
2/9/2025 12:34:37,PE1AA (229th Engineer),Greater than 3 years but less than 6,No,No,Yes,TA,No,No,Yes,Undecided,No,Yes,Yes,Clearance ,Had a baby ,Don’t want to go to JRTC,Nothing ,,,,,,,No,
2/9/2025 12:35:12,PE1AA (229th Engineer),Greater than 6 years but less than 12,Yes,No,Yes,"SLRP, TA",No,Yes,Yes,No,I am happy at my current unit,I am happy in my current MOS,Yes,"SLRP, Incentives, Clearance ","I’ve had my first child, pay isn’t good, bonuses/SLRP is faulty",My child,Renovation of the armory to benefit our MOSs as intel. ,,,,,,,Yes,
2/9/2025 12:35:15,PE1AA (229th Engineer),Greater than 12 years,Yes,No,No,N/A,No,Yes,Yes,Yes,No,No,Yes,Professional development,Getting proper didability,Finish strong,More pro development,,,,,,,Yes,N/A
2/9/2025 12:35:46,PE1AA (229th Engineer),Less than 3 years,No,No ,Yes,TA program ,No,No,Yes,Yes,Yes,I am happy in my current MOS,Yes,School ,N/a ,N/a ,N/a,,,,,,,No,
2/9/2025 12:36:07,PE1AA (229th Engineer),Greater than 3 years but less than 6,Yes,"To where, how, when, and finances ",No,,No,No,Yes,No,Yes,No,Yes,Career opportunities ,Finances ,Greater time allotted for military PTO needs to be standard ,Timely planning and adequate updates down to the lowest level,,,,,,,No,
2/9/2025 12:36:20,PE1AA (229th Engineer),Greater than 6 years but less than 12,No,N/a,Yes,GI bill - no; slrp- yes,No,Yes,Yes,Undecided,I am happy at my current unit,I am happy in my current MOS,Yes,I wanted to keep serving in a capacity different than active duty. ,"Failed promotions, failed bonuses, retaliatory action for IG complaints, drawn out and blocked ist process - all of which happened in the 172nd, not the 229.",A bad unit can squash a soldiers' desire to serve. ,Training to standard rather than time. ,,,,,,,Yes,
2/9/2025 12:38:03,PE1AA (229th Engineer),Greater than 6 years but less than 12,No,,Yes,,No,No,Yes,Yes,Yes,Yes,Yes,Service,Slow promotion,Re-enlisted,Fair treatment for all,,,,,,,Yes,
2/9/2025 12:38:04,PE1AA (229th Engineer),Greater than 12 years,Yes,,No,,No,Yes,No,Undecided,I am happy at my current unit,I am happy in my current MOS,Yes,Health insurance ,Life events,The time the army takes from my family is not worth it.,Quarterly drills,,,,,,,Yes,
2/9/2025 12:38:08,PE1AA (229th Engineer),Greater than 3 years but less than 6,Yes,N/a,Yes,Tuition assistance,No,No,No,No,No,I am happy in my current MOS,Yes,Love of country,Wanting to focus on family,Wanting to start a family,More engagement of leadership at the e6 level,,,,,,,Yes,
2/9/2025 12:38:21,PE1AA (229th Engineer),Greater than 3 years but less than 6,Yes,N/A,Yes,No,No,No,Yes,Yes,Yes,I am happy in my current MOS,Yes,To do meaningful and challenging things,Lack of mos training/schools ,To further my skills in my chosen field ,Opportunity to take part in missions ,,,,,,,No,
2/9/2025 12:39:11,PE1AA (229th Engineer),Less than 3 years,No,No,No,,No,No,Yes,No,I am happy at my current unit,I am happy in my current MOS,No,Call to serve in the military and experience for my career,My work life is now shift work and often weekends which conflicts with guard duties,Same as previous answers.,Have real work to do that assists with national security or helping people in any way that isn't just deployment every whatever amount of years,,,,,,,No,"As a newer lower enlisted soldier, I don't seem to do anything of real value and wonder why I am at drill every drill."
2/9/2025 12:39:14,PE1AA (229th Engineer),Greater than 3 years but less than 6,No,Where are we deploying,Yes,Fed tuition assistance,No,No,No,Undecided,No,Yes,No,College,"Shitty leadership, they’ve mostly cycled out but I’m burned out and don’t care like I used to","I have not developed much since the initial benefits of joining the guard, I’m not sure if reenlisting or extending is going to be advantageous at this point",Idk,,,,,,,No,
2/9/2025 12:39:18,PE1AA (229th Engineer),Less than 3 years,No,No,No,N/A,No,No,No,No,No,No,No,Tricare ,Lack of LIK ,"Unit is too far. I am about 211 miles each way and do not receive LIK, so I spend more traveling to drill then I receive in pay. ",Allow soldiers time to work on equipment for their job. Leadership can lead by example and join lower enlisted as much as possible. ,,,,,,,No,Working on equipment
2/9/2025 12:39:33,PE1AA (229th Engineer),Less than 3 years,No,,Yes,"Federal tuition assistance, state tuition assistance, GI bill",No,No,Yes,Undecided,I am happy at my current unit,I am happy in my current MOS,Yes,Education benefits,Little room for advancement ,Enlisting was meant to be a stepping stone for my career and has done wonderfully for my education and networking. There is only so much advancement for a 35F at my unit however due to a lack of E5 slots,There are so many individuals in leadership leaving and being replaced that the organization of normal simple soldier tasks tend to decline. We need training on simple tasks like convoy management and vehicle maintenance ,,,,,,,No,
2/9/2025 12:39:35,PE1AA (229th Engineer),Greater than 3 years but less than 6,No,N/A,Yes,"SLRP, no",No,No,Yes,Undecided,I am happy at my current unit,No,Yes,To serve my country and boost my job resume ,Not as many opportunities as I initially thought. Drills can feel repetitive ,Drills could use more SIGINT training. Ive applied to opportunities i am more than qualified for and was rejected. ,Offer more career growth opportunities to junior enlisted ,,,,,,,No,
2/9/2025 12:40:42,PE1AA (229th Engineer),Greater than 6 years but less than 12,Yes,No,No,No,No,No,Yes,Undecided,No,No,Yes,Fun,Nothing,NA,Stronger training,,,,,,,Yes,
2/9/2025 12:42:38,PE1AA (229th Engineer),Greater than 6 years but less than 12,Yes,No,No,,No,No,Yes,No,No,No,Yes,Learn a language and service ,Don’t do my job - new equipment that no one in the BDE can fix if need maintenance/fixing (TEDWS) ,"Want to start a family, ineffective equipment ",Get VRODs back ,,,,,,,Yes,
2/9/2025 12:44:32,PE1AA (229th Engineer),Greater than 6 years but less than 12,Yes,No,Yes,Tuition assistance and post 911,No,Yes,Yes,No,Yes,I am happy in my current MOS,Yes,Family service/ college assistance,Lack of competent peers. Constant lack of funding for schools. ,There is no funding for military intelligence schools. These schools are often over promised and under delivered. ,Increase in military education allowing them to do their jobs,,,,,,,Yes,
2/9/2025 12:48:57,PE1AA (229th Engineer),Less than 3 years,Yes,No,Yes,I’m in the flag for no reason and I can’t use tuition assistance because of that. I ask so many times but no results ,No,No,No,No,No,No,No,I don’t know,Bad leadership ,First I have medical problems and I’m in medboard process but because of there is wrong admin NCO and a lot of other thing it’s going on . ,More respect more people help in admin staff and more fan . ,,,,,,,Yes,
2/9/2025 12:56:20,V5KAA (29th DIV),Greater than 3 years but less than 6,No,,No,,No,No,No,No,No,No,Yes,"Loan repayment program, Leadership skills","COVID derailed my opportunities with the guard. My unit was great, however, my civilian career took off and it would be financially devastating for me to attend a long-term school at my current rank and pay. ",I am not re-enlisting because I would need to attend a long-term school and it would be financially impossible for me to do so. ,"Barracks for soldiers that need to travel, more organized and consistent PT, more weapons practice, opportunities for promotion within certain MOS’s, MOS-specific exercises with unit debrief’s (debrief helps to inform other soldiers what other MOS’s do and what impact they each have to the unit), and finally unit leaders that are spirited and lead by example (both physically and professionally). ",,,,,,,Yes,
2/9/2025 12:56:46,PHPAA (1-116th INF BN),Less than 3 years,No,no,Yes,rotc scholarship,No,Yes,Yes,Undecided,I am happy at my current unit,Yes,Yes,Monetary assistance,n/a,n/a,n/a,,,,,,,No,n/a
2/9/2025 13:10:15,PHMAA (111th FA BN),Less than 3 years,Yes,No,Yes,"Yes- state tuition, just the initial signup due to being new to the process",No,Yes,Yes,Undecided,I am happy at my current unit,Yes,Yes,My dad as inspiration and school,Time management ,I am very undecided. Though I do fell as if my time is wasted at a lot of drills,"1 or 2 drills based on family. Rather it was a family day, or a family members being around for a day of training to see what we do as soldiers",,,,,,,No,
2/9/2025 13:11:04,PHMAA (111th FA BN),Less than 3 years,No,No,Yes,"I have attempted to use the VANG state tuition assistance, but have not been reimbursed yet",No,Yes,Yes,Yes,Yes,Yes,Yes,I wanted to serve my nation and complete collage without debt ,The poor organization of drills,I am still interested ,Incorporate more transparency with changes in plan,,,,,,,No,
2/9/2025 13:14:55,ZGEAA (429th BN),Less than 3 years,No,No questions,No,,No,No,Yes,No,No,No,Yes,My mother encouraged me to join,Nothing negatively,I don't see myself doing this as a career,Better communication,,,,,,,No,
2/9/2025 13:14:57,ZGEAA (429th BN),Greater than 12 years,Yes,No,Yes,Tuition assistance ,Yes,No,Yes,Yes,I am happy at my current unit,I am happy in my current MOS,Yes,Economy ,None,Na ,None ,,,,,,,Yes,
2/9/2025 13:15:16,ZGEAA (429th BN),Less than 3 years,No,,Yes,Montgomery gi bill to pay for school,No,No,Yes,Undecided,I am happy at my current unit,I am happy in my current MOS,Yes,School ,Nothing,Undecided,Nothing ,,,,,,,No,
2/9/2025 13:17:14,ZGEAA (429th BN),Greater than 6 years but less than 12,Yes,No,No,,No,No,No,No,No,No,Yes,Money.,Leaderships inability to communicate , No,Make all upper chain communicate better. So that there’s not so many fuck ups.,,,,,,,Yes,
2/9/2025 13:17:21,ZGEAA (429th BN),Greater than 3 years but less than 6,No,,No,,No,No,Yes,No,No,No,Yes,To have a scheduled spot,Medical issues,Cant keep up medically ,None its fine as is,,,,,,,No,
2/9/2025 13:17:33,ZGEAA (429th BN),Less than 3 years,No,,No,,No,No,Yes,No,Yes,Yes,Yes,For the opportunities and pay,Worrying about deployments,I’m not interested in re-enlisting because of the anxiety I have when it comes to deployment.,Information isn’t passed down too well. I wish we could communicate more effectively.,,,,,,,No,
2/9/2025 13:18:15,ZGEAA (429th BN),Greater than 3 years but less than 6,No,,Yes,"I have utilized federal tuition assistance but I have had many issues with it. First of all actually getting into the website that allows one to request TA is a painstaking process. 

The steps required to accomplish getting TA approved are difficult and it can be easy to miss their deadline. 

Overall the service is quite difficult to use. ",No,Yes,No,No,No,No,No,I felt that there were many opportunities I could take advantage of to advance my career and my professional life.,"Lack of communication from leadership. 
Poor planning by my leadership. 

",I have no interest in re-enlisting. ,N/A,,,,,,,No,
2/9/2025 13:20:53,ZGEAA (429th BN),Greater than 3 years but less than 6,Yes,No,No,,No,No,Yes,No,No,No,Yes,Opportunities ,Nothing ,This chapter of my life is over,None,,,,,,,No,
2/9/2025 13:21:14,ZGEAA (429th BN),Greater than 6 years but less than 12,Yes,,No,,No,No,No,Undecided,Yes,Yes,No,I was dumb. ,Kids,Shitty unit ,Different unit and mos ,,,,,,,No,I get used to do all the dumb task because we do not have an E5 in our section. 
2/9/2025 13:21:33,X58AA (183rd CAV),Greater than 3 years but less than 6,No,,Yes,Mgib,No,No,Yes,Undecided,I am happy at my current unit,I am happy in my current MOS,No,To be a cav scout,"They got rid of my MOS, also leadership",I'm going the officer route ,"Stop treating us like we don't matter, then telling us we do. Stop lying to us.",,,,,,,No,"They revoked our mos, kicking us to 11B"
2/9/2025 13:21:44,X58AA (183rd CAV),Greater than 3 years but less than 6,Yes,No,Yes,Post 9-11 and issues with Montgomery gi bill ,No,Yes,Yes,Yes,No,Yes,No,College and service ,Leadership and no more 19d,I’m going officer route to make sure we actually improve ,Treat soldiers like they matter not just saying it,,,,,,,No,No more 19D and higher thinks I’m not capable 
2/9/2025 13:21:47,ZGEAA (429th BN),Greater than 3 years but less than 6,No,No,No,,No,No,Yes,Undecided,I am happy at my current unit,I am happy in my current MOS,Yes,Personal reasons ,Nothing ,Time management ,I don’t know ,,,,,,,No,
2/9/2025 13:22:35,ZGEAA (429th BN),Less than 3 years,No,"Location, safety.
",Yes,,No,No,Yes,Undecided,I am happy at my current unit,Yes,No,To serve and gain a new experience and also get out of my comfort zone.,Nothing comes to mind.,I just want to see how much I like the military life after my first contract is done. ,Better communication and leadership.,,,,,,,No,
2/9/2025 13:22:56,ZGEAA (429th BN),Greater than 6 years but less than 12,Yes,No,Yes,Post 911,No,Yes,No,Undecided,Yes,Yes,Yes,"Benefits, career ",My financial situation ,I want to go active duty and be a combat medic ,Start with one positive feedback instead of all the negative ,,,,,,,No,
2/9/2025 13:22:56,ZGEAA (429th BN),Greater than 12 years,Yes,No,Yes,FTA and GI Bill,No,Yes,Yes,Undecided,I am happy at my current unit,I am happy in my current MOS,Yes,Family and school benefits ,The pain in my body,My body hurts and I’m worried about lasting effects after retirement.,Getting information AT LEAST a week earlier leading up to drill. Getting medical issues resolved better in general.,,,,,,,Yes,
2/9/2025 13:24:29,X58AA (183rd CAV),Less than 3 years,No,,Yes,State tuition Assistance ,No,No,Yes,No,No,Yes,Yes,College,MOS is not what I expected ,Don’t have a desire to continue my army career,More support from leadership ,,,,,,,No,
2/9/2025 13:27:33,X58AA (183rd CAV),Greater than 6 years but less than 12,Yes,No,Yes,Yes,No,Yes,Yes,No,No,Yes,Yes,Make a difference ,Previous leadership and new changes,Keep being lied to,Stop lying to soldiers and give what you promise don’t start showing concern when ets is close ,,,,,,,Yes,
2/9/2025 13:29:06,ZGEAA (429th BN),Greater than 3 years but less than 6,No,No,No,,No,Yes,No,No,No,No,No,The bonus I never really received ,Poor leadership,The army doesn’t interest me ,  ,,,,,,,No,
2/9/2025 13:30:44,X58AA (183rd CAV),Greater than 3 years but less than 6,No,No,No,,Yes,Yes,Yes,Undecided,No,Yes,Yes,Get my life started after highschool ,Just not interested ,Waste of time unless your doing school or like army stuff ,Doesn’t even matter but promotions should be focused on ppl are getting out because they’re getting screwed out of promotions ,,,,,,,No,
2/9/2025 13:31:43,X58AA (183rd CAV),Less than 3 years,No,,No,,No,No,Yes,Undecided,I am happy at my current unit,I am happy in my current MOS,Yes,to get the experience and a better understanding of my self,nothing ,I’m unsure on what I want to do ,nothing really ,,,,,,,No,
2/9/2025 13:32:54,ZGEAA (429th BN),Greater than 3 years but less than 6,No,,No,,No,No,No,No,No,No,No,Acquire leadership skills,I don’t feel like I get anything out of it,I’m not getting anything out of it,"Have a plan and stick to it. Have the drill weekend focused on developing soldiers rather than checking off boxes. Also, keep soldiers at home station whenever possible unless the training at Barfoot absolutely requires an overnight stay. I think also offering hotels regularly for far away soldiers is a really good idea. Basically treat soldiers like professionals rather than a commodity. Get them confident and excited to do real soldier stuff.

Also, the rank system in the Army seems absolutely stupid to me. There’s people in leadership positions who have no business being there, and privates who actually care about their fellow soldiers and would be fantastic leaders yet never get put into a leadership role.",,,,,,,No,I don’t have any training that would help contribute to the mission
2/9/2025 13:33:24,PHPAA (1-116th INF BN),Less than 3 years,No,,No,,No,No,Yes,Yes,Yes,I am happy in my current MOS,Yes,Joined after my friend joined,"Nothing, plan to reup",Things I get to experience in the ARMY. Like helicopter rides,Organize events,,,,,,,No,
2/9/2025 13:35:32,X58AA (183rd CAV),Greater than 3 years but less than 6,Yes,No,Yes,Some of my gi bill,No,No,Yes,Undecided,I am happy at my current unit,I am happy in my current MOS,Yes,Benefits ,Tricare,"Not eligible, and hard to get fixed",Earlier release times,,,,,,,Yes,
2/9/2025 13:36:11,PHPAA (1-116th INF BN),Less than 3 years,No,,Yes,TA Army Ignited,No,Yes,Yes,Undecided,I am happy at my current unit,I am happy in my current MOS,Yes,Money and People,Nothing,Undecided,More food,,,,,,,No,
2/9/2025 13:36:28,PHPAA (1-116th INF BN),Less than 3 years,No,None,No,,No,No,Yes,Undecided,Yes,Yes,Yes,Benefits ,None,Career goals,None,,,,,,,No,
2/9/2025 13:36:59,PHPAA (1-116th INF BN),Greater than 3 years but less than 6,No,,No,,No,Yes,Yes,Undecided,No,No,Yes,Was worried about leaving the service completely after active duty,National guard made me miss active duty,I think I’m done with time in service especially since the very few things I have wanted to do while in the guard have been shot down ,I’m not sure ,,,,,,,Yes,
2/9/2025 13:38:04,PHPAA (1-116th INF BN),Less than 3 years,Yes,N/A,Yes,The State Tuition Assistance Program and no issues,No,Yes,Yes,No,I am happy at my current unit,I am happy in my current MOS,Yes,I wanted to go active duty but I was in school so I plan on going active when i graduate college,N/A,I am planning on going Active Duty infantry ,Less amount of training items and more focused training on 1 or two things instead of getting mediocre at a bunch of things and trying to excel at only a couple of training items,,,,,,,No,
2/9/2025 13:38:25,X58AA (183rd CAV),Greater than 3 years but less than 6,No,,No,,No,No,Yes,Undecided,I am happy at my current unit,I am happy in my current MOS,Yes,Wanted to see what it was like and was recommended by a friend ,Nothing ,Undecided ,Nothing ,,,,,,,No,
2/9/2025 13:39:13,PHPAA (1-116th INF BN),Greater than 3 years but less than 6,Yes,No,No,,Yes,No,Yes,Undecided,I am happy at my current unit,I am happy in my current MOS,Yes,Wanted to deploy,The boys,I’m not decided ,N/A,,,,,,,No,
2/9/2025 13:39:19,PHPAA (1-116th INF BN),Less than 3 years,Yes,I have no questions,Yes,G.I. Bill Kicker,No,Yes,Yes,Undecided,Yes,Yes,Yes,College Benefits,Bad Leadership,Long drives to and from drill,Nothing,,,,,,,No,
2/9/2025 13:39:41,PHPAA (1-116th INF BN),Greater than 3 years but less than 6,Yes,,No,,No,No,No,Undecided,Yes,Yes,No,College,Undermanned ,Mos,Better rest plan,,,,,,,No,
2/9/2025 13:41:29,V6VAA (1-116th),Greater than 3 years but less than 6,Yes,No,Yes,GI bill,No,No,Yes,No,No,No,Yes,School assistants ,Work,I am not re- enlisting because I have a civilian job I would like to pursue,None,,,,,,,No,
2/9/2025 13:41:32,PHPAA (1-116th INF BN),Greater than 3 years but less than 6,No,no,No,,No,No,No,No,No,Yes,Yes,missed the comoraderie ,time away from family and stress,like my freedom of not worrying about deployments and training ,none,,,,,,,No,
2/9/2025 13:43:29,PHPAA (1-116th INF BN),Greater than 3 years but less than 6,Yes,N/A,No,,No,No,Yes,No,Yes,No,Yes,Medical qualification,Drill being consistently more than a weekend and requiring time off of other commitments ,I’m transferring units,Have drill be 1 weekend a month (MUTA 4) and 2 weeks in the summer and not having leadership constantly complaining there is not enough time to complete tasks. Should not be passed onto soldiers to give more of their time when commanders plan for more than the soldiers committed to or promised. ,,,,,,,No,
2/9/2025 13:43:31,PHPAA (1-116th INF BN),Greater than 3 years but less than 6,Yes,N/A,Yes,"State Tuition Assistance, GI kicker- have not been able to use, but honestly havnt tried very hard to solve the issue",No,Yes,Yes,Undecided,I am happy at my current unit,I am happy in my current MOS,Yes,"Hooah, also pay for school","Drill has been discouraging(due to lack of motivation of troops, poor training value… often feels like nothing gets done at drill)… tried out for scouts and had a very positive experience from other soldiers happy to get after training.","Ets in feb 2027, waiting to see how next deployment goes, also how family situation changes.  ","Training often feels like checking boxes, not trying to improve and get good at our job.  ",,,,,,,Yes,
2/9/2025 13:43:46,PHPAA (1-116th INF BN),Greater than 3 years but less than 6,Yes,AI/AO,Yes,State Tuition Assistance ,No,Yes,Yes,Yes,Yes,Yes,Yes,Tuition Assistance ,"Duration of contract, Conflicts with civilian obligations, opportunity cost of time/pay",I am not interested in extending/reenlisting and remaining infantry as it was simply the closest available unit at the time of my enlistment. I am interested in extending/reenlisting in a MOS that aligns with my interests and professional goals.,"Transparency in available opportunities, why we may not get opportunities, and how we can reach these opportunities.",,,,,,,No,
2/9/2025 13:45:49,PHPAA (1-116th INF BN),Greater than 3 years but less than 6,No,,Yes,"GI Bill, State tuition assistance, federal tuition assistance. Federal assistance took a year to come in but was resolved.",No,Yes,Yes,Undecided,I am happy at my current unit,Yes,Yes,School benefits,Being in,"I don’t have a desire to stay in the infantry, I don’t believe it aligns with the future I’d like for myself.",More emphasis on adapting to new age warfare. Sticking to the advertised amount of time dedicated to drills as well as less holding troops later for the sake of holding them because leadership has tasks they are working on.,,,,,,,No,
2/9/2025 13:46:09,PHMAA (111th FA BN),Greater than 6 years but less than 12,Yes,No,Yes,"No issues, GI Bill",No,No,No,No,No,Yes,No,School Benefits,The knowledge of school benefits lacks in my unit until the last minute or when the deadline has past . ,No interest ,The flow of communications and overall respect for each other. ,,,,,,,No,
2/9/2025 13:46:15,PHMAA (111th FA BN),Less than 3 years,Yes,N/A,Yes,"GI Bill, State TA, and ArmyIgnitED",No,No,No,Yes,Yes,Yes,No,I've always wanted to serve and also for the education benefits ,My leadership,I am interested in re-enlisting if I could get a guaranteed slot in a school ,"Actually learn FIST knowledge at drill, make sure we have food/water every drill, and stop the misogyny and nasty comments",,,,,,,No,They are unwilling to send me to any schools
2/9/2025 13:46:48,PHMAA (111th FA BN),Greater than 3 years but less than 6,Yes,No,Yes,Federal TA,No,Yes,No,No,Yes,Yes,No,School,Toxic masculine leadership ,Describe ,New leadership ,,,,,,,No,Just another number 
2/9/2025 13:47:04,PHMAA (111th FA BN),Greater than 6 years but less than 12,Yes,No,No,,No,No,Yes,Yes,Yes,Yes,Yes,Educational and health benefits and Overseas travel.,Not getting the MOS that I want to change to.,I’m still interested of re-enlisting but in a different MOD.,Leadership actively listening to their soldiers and figuring out their problems instead of sweeping them under the rug.,,,,,,,No,
2/9/2025 13:49:04,V6VAA (1-116th),Greater than 6 years but less than 12,Yes,,No,,No,No,No,No,No,No,No,The national guard Recruiter approached me while ETSing from active duty and promised me only two days a month and two weeks out of the year. That was untrue and was made out to be a shit bag for not being satisfied with the training schedule. ,Money/ time away from family/ Viar/ &  officers that sleep their POVS while soldiers/ncos are suffering in inclement weather.,"Incompetent E-7’s like William Viar that yell for little to no reason. Nobody takes him seriously because he is lazy, practices horrible hygiene, and Narcissistic.",Not with holding the truth from soldiers when asked what time they are getting released or what we’re doing.,,,,,,,Yes,$400 a month is not worth a weekend away from my family. 
2/9/2025 13:49:43,PHPAA (1-116th INF BN),Greater than 3 years but less than 6,Yes,,Yes,State Tuition & Federal Tuition,No,Yes,Yes,Undecided,I am happy at my current unit,Yes,Yes,Tuition assistance and something to do at college.,"There has been many times I show up to drill and we accomplish little to nothing for the joes side. There have been some really good trainings (CQB, patrol, etc.) but on average we are usually not doing much in-depth Infantry type things","Even with many of the things that I don't like, mostly feeling like we don't do much, I like being in the Guard. I'm planning on going officer through ROTC anyways.","Shortening drills that do not have important tactical tasks for the company.

Stop holding the entire company for incomplete NCOER's and other admin tasks that can be completed by leaders after release.",,,,,,,Yes,
2/9/2025 13:49:58,PHMAA (111th FA BN),Greater than 12 years,Yes,N/a,Yes,Post 9-11 GI Bill,No,Yes,Yes,Undecided,I am happy at my current unit,I am happy in my current MOS,Yes,9/11,Pay issues and promotion delay,I’m 3.5 years from retirement ,Complete staffing and timely repair of equipment ,,,,,,,Yes,
2/9/2025 14:01:28,PE1AA (229th Engineer),Greater than 12 years,Yes,,No,,No,Yes,Yes,Yes,Yes,No,Yes,Love of counrty,Op tempo,Retirement,Fewer deployments,,,,,,,Yes,
2/9/2025 14:04:22,PE1AA (229th Engineer),Greater than 6 years but less than 12,Yes,,Yes,GI Bill/No,No,No,Yes,Yes,I am happy at my current unit,Yes,Yes,"I am prior service, I missed the military",Nothing,I plan on re enlisting,As many training opportunities for their MOSs,,,,,,,Yes,
2/9/2025 14:05:01,PHPAA (1-116th INF BN),Greater than 3 years but less than 6,No,No,No,,Yes,No,Yes,Undecided,I am happy at my current unit,I am happy in my current MOS,Yes,I don’t know,Active duty ,Going active duty when I ets ,None,,,,,,,Yes,
2/9/2025 14:05:17,PHPAA (1-116th INF BN),Greater than 6 years but less than 12,Yes,No,No,,No,No,Yes,Undecided,I am happy at my current unit,I am happy in my current MOS,Yes,I wanted to serve.,Micromanaging.,Just re-enlisted ,Trust lower enlisted and soldiers more.,,,,,,,Yes,
2/9/2025 14:06:42,PHPAA (1-116th INF BN),Greater than 3 years but less than 6,Yes,No. ,No,,No,No,Yes,Undecided,I am happy at my current unit,Yes,Yes,The drive to serve,Nothing,I love the army,More opportunities to pursue schools or other lesser courses. ,,,,,,,No,
2/9/2025 14:07:01,PHPAA (1-116th INF BN),Greater than 6 years but less than 12,Yes,No,No,,No,No,Yes,Yes,I am happy at my current unit,Yes,Yes,Cus I did,Incompetent leadership,I am!,More school opportunities,,,,,,,Yes,
2/9/2025 14:07:37,PE1AA (229th Engineer),Greater than 12 years,Yes,No,Yes,GI BILL,No,Yes,Yes,Undecided,I am happy at my current unit,Yes,Yes,Benefits ,Government inefficiency ,It all depends on if I believe the military is hindering or or enhancing my civilian life,I wish it was a lot easier to gain new MOS’s and get more advanced level of training certifications and schools.,,,,,,,Yes,
2/9/2025 14:08:46,PHPAA (1-116th INF BN),Greater than 6 years but less than 12,Yes,No,No,,No,No,Yes,No,No,No,Yes,Stupid decision as an 18 year old,I have a family and a good job. I don’t enjoy the dynamic of the military.,"I run multi million dollar projects across the country successfully and in the Guard that value is highly undervalued, and my direct line leaders are anxiety driven and incompetent. I’m too smart to be dealing with this for a couple hundred bucks and a miserable weekend of sleep deprivation and bad food","Higher pay, decent sleep, and STOP PROMOTING IDIOTS INTO LEADERSHIP ROLES",,,,,,,No,
2/9/2025 14:11:55,PE1AA (229th Engineer),Greater than 12 years,Yes,,No,,No,No,Yes,Undecided,I am happy at my current unit,I am happy in my current MOS,Yes,To learn and pass on combat experience ,IDK,"I plan on staying, would like to see more schools open up for Soldiers to expand their horizons.","Company: more MOS TRNG; dedicated facility for the MOS TRNG to occur rather than spend 2/3rd’s of the time driving on the road for drill.

Battalion (is misspelled above), expand the MICO into a MI Battalion. VA ARNG is co-located but numerous MI agencies…. Take advantage of the resources….",,,,,,,Yes,
2/9/2025 14:15:01,X58AA (183rd CAV),Less than 3 years,No,No,No,,No,No,Yes,No,I am happy at my current unit,I am happy in my current MOS,Yes,Wanting to stay in my state and continue in my civilian job while being in the Army,Personal faith in US foreign policy,Dissatisfaction with US Foreign Policy,Spur ride,,,,,,,Yes,
2/9/2025 14:23:50,X58AA (183rd CAV),Greater than 6 years but less than 12,Yes,N/A,No,,Yes,No,Yes,Yes,Yes,Yes,Yes,For the benefits,Good leadership and friendships,Plan on doing 20 years in the military ,N/A,,,,,,,Yes,
2/9/2025 14:24:53,X58AA (183rd CAV),Greater than 12 years,Yes,None,Yes,GI Bill and None,No,Yes,Yes,Undecided,Yes,Yes,Yes,College Benefits,None,Maybe,Listening to their Soldiers and an early leave on Sunday.,,,,,,,Yes,
2/9/2025 14:25:00,X58AA (183rd CAV),Greater than 12 years,Yes,,No,,No,No,Yes,Undecided,No,No,Yes,Healthcare,My promotion ,My promotion was messed up and I am waiting on my unit to correct this.,Continue with the changes they have implemented ,,,,,,,Yes,
2/9/2025 14:25:27,X58AA (183rd CAV),Less than 3 years,No,,No,,No,No,Yes,Undecided,I am happy at my current unit,Yes,Yes,Benefits,I don't know,"Not interested in current job, want to pursue something different.",Early leave on Sunday.,,,,,,,No,
2/9/2025 14:25:41,X58AA (183rd CAV),Greater than 3 years but less than 6,Yes,No,No,,No,No,Yes,Undecided,I am happy at my current unit,Yes,Yes,Benefits ,Job changing ,I will reenlist if I can reclass,Leaving drill at an earlier time on Sunday,,,,,,,No,
2/9/2025 14:26:56,X58AA (183rd CAV),Greater than 3 years but less than 6,No,None,No,,Yes,No,No,Undecided,Yes,Yes,No,I wanted to defend my country but also to be able to balance a good civilian life,The unit not liking me,I would be interested in re enlisting if my mos and unit was changed ,Better communication ,,,,,,,No,
2/9/2025 14:27:05,X58AA (183rd CAV),Greater than 3 years but less than 6,Yes,No,No,,No,No,Yes,No,I am happy at my current unit,Yes,Yes,Education ,Getting rid of the cav in Virginia ,Family ,Keeping guys with the guys they already built relationships with ,,,,,,,Yes,
2/9/2025 14:27:05,ZGEAA (429th BN),Greater than 12 years,Yes,,No,,No,No,Yes,Undecided,No,Yes,Yes,Service to Country,"Lack of funding, and soldiers not volunteering to assist in Advon.",Need more compensation for my efforts.,"Free health care, more ADOS funding and AGR positions for logical operation units.",,,,,,,Yes,
2/9/2025 14:27:53,PE1AA (229th Engineer),Greater than 6 years but less than 12,Yes,,Yes,Army ignited and it’s been a process everytime ,No,Yes,Yes,Undecided,I am happy at my current unit,I am happy in my current MOS,Yes,The desire to serve my country again. The belief that the Army truly cares about its soldiers. Education benefits which has now been taken away before I could utilize them. ,"The Army leadership says to take care of your soldiers but when a soldier is injured while on orders NGB doesn’t care about that soldier. The soldier report the injury to RTI, RTI passed him off to his current company and the best that could be done was a LOD. That soldier walked around with a torn labrum in their hip for over a year until that soldier became tired of being in pain everyday scheduled a surgery and paid for it him self. Then that soldier now has to jump through so many hoops to get incap pay it’s ridiculous. It’s not soldier care",I am currently not interested in extending in the Army National Guard because the national guard doesn’t care about taking care of its soldiers ,There’s nothing my company or battalion can do to fix the states mentality. ,,,,,,,Yes,
2/9/2025 14:28:01,X58AA (183rd CAV),Greater than 3 years but less than 6,No,No,Yes,Armyignited,No,No,Yes,Undecided,I am happy at my current unit,Yes,Yes,School tuition ,The MOS,The Mos is not what I signed for.,Good as it is,,,,,,,No,
2/9/2025 14:29:15,X58AA (183rd CAV),Greater than 6 years but less than 12,No,No ,No,,No,Yes,Yes,Undecided,I am happy at my current unit,I am happy in my current MOS,Yes,New opportunities ,Change of unit structure ,Family ,Bonus being delivered on time.,,,,,,,Yes,
2/9/2025 14:30:06,X58AA (183rd CAV),Greater than 3 years but less than 6,No,No,No,,No,No,Yes,Undecided,I am happy at my current unit,Yes,Yes,Benefits ,N/A,Want to do a job that actually translate into the civilian world,N/A,,,,,,,No,
2/9/2025 14:30:40,X58AA (183rd CAV),Greater than 3 years but less than 6,Yes,N/A,Yes,State TA,No,Yes,Yes,Undecided,I am happy at my current unit,I am happy in my current MOS,Yes,To serve my country,N/A,"It may impact my civilian career advancement. Additionally, the transition to the LBCT may not align with the MOS I decided on(which is going away) ",N/A,,,,,,,Yes,N/A
2/9/2025 14:31:18,X58AA (183rd CAV),Greater than 6 years but less than 12,Yes,Not deploying,Yes,Montgomery G.I. Bill,Yes,No,Yes,No,I am happy at my current unit,Yes,Yes,"Education, Career skills",Forceful change of MOS,Pursuing civilian career options that would not be available while currently enlisted in National Guard,"None, Great leadership in A Trp",,,,,,,Yes,
2/9/2025 14:31:26,PE1AA (229th Engineer),Greater than 6 years but less than 12,Yes,Are we deploying in the next 12 months?,No,,No,Yes,Yes,Yes,Yes,No,Yes,Second retirement ,"Leadership putting out rules like “no povs at xctx” and then leadership showing up in povs. Rules for thee but not me

",I’m here for the second retirement. ,Hot meals in the field. Cooks doing KP. Or cooks helping staff at noon. No more death by slide deck,,,,,,,Yes,
2/9/2025 14:31:41,X58AA (183rd CAV),Greater than 3 years but less than 6,No,No,Yes,Gi bill,Yes,Yes,Yes,Undecided,I am happy at my current unit,I am happy in my current MOS,Yes,Flexibility ,Nothing yet ,N/A,N/A,,,,,,,No,N/A
2/9/2025 14:32:32,X58AA (183rd CAV),Greater than 3 years but less than 6,Yes,,No,,No,No,Yes,Undecided,I am happy at my current unit,I am happy in my current MOS,Yes,"For school, wanted to serve my country, Va home loan ect ",The mos is not what I thought it was on top of promotional opportunities ,Not sure if I’m re-enlisting yet,"Bigger bonuses, getting stuffed pushed up more efficiently and more opportunities for the state of Virginia such as Deployments, money, more hot meals, ect ",,,,,,,No,
2/9/2025 14:32:41,X58AA (183rd CAV),Greater than 6 years but less than 12,Yes,,No,,No,No,Yes,Undecided,I am happy at my current unit,Yes,Yes,"I want to engage and destroy the enemies of the United States of America in close combat on land, air, sea, space and cyberspace",Not enough missions or deployments,I want to continue to fight for my country,More range time,,,,,,,Yes,
2/9/2025 14:33:34,X58AA (183rd CAV),Greater than 6 years but less than 12,Yes,No,Yes,Federal TA/ Post 911 GI bill ,No,No,Yes,No,Yes,No,Yes,To serve my country/community ,Lack of transparency on career development/advancement. Failure to fix or obtain reliable or properly working equipment. 3 day drills instead of 2 days. Annual training longer than 2 weeks. Lack of budget for schools or other opportunities.,Failure to identify career advancement SOPs and properly develop soldiers. Failure to maintain adequate equipment to accomplish unit objectives. Lack of or Improper management of state funds to support unit goals. ,"More transparency and ability to have control of your career development. More funding for equipment and schools. Keep drill to what we signed up for, 2 day drills and 2 week ATs, we have other jobs. ",,,,,,,Yes, 
2/9/2025 14:37:32,X58AA (183rd CAV),Greater than 3 years but less than 6,No,No,No,,No,Yes,Yes,No,No,No,Yes,Desire to serve,Too much down time in drills,N/a,N/a,,,,,,,No,
2/9/2025 14:43:04,PHPAA (1-116th INF BN),Less than 3 years,No,,Yes,Federal TA,No,No,Yes,Undecided,I am happy at my current unit,I am happy in my current MOS,Yes,College Tuition,N/A,N/A,Offer more schools,,,,,,,No,
2/9/2025 14:44:45,X58AA (183rd CAV),Less than 3 years,No,no,Yes,state ta,No,No,Yes,Undecided,Yes,Yes,Yes,my family ,no,no,none,,,,,,,No,
2/9/2025 14:47:08,PE1AA (229th Engineer),Greater than 3 years but less than 6,Yes,,No,,No,No,Yes,Undecided,I am happy at my current unit,Yes,Yes,The Clearance,Injuries,Undecided if the health insurance is worth it,More funding for training,,,,,,,Yes,
2/9/2025 14:48:35,X58AA (183rd CAV),Greater than 3 years but less than 6,No,,No,,No,Yes,Yes,Undecided,I am happy at my current unit,I am happy in my current MOS,Yes,I wanted to serve my country and have college benefits ,Nothing,"I’m not interested at the moment, it all depends on how my civilian life goes, then I can decide wether or not this is the best decision to keep going","Recognize soldiers who are doing good, and let them know. Also for junior enlisted to sit down with leadership as a group, to talk about what everyone could do to boost morale or things we could improve on, on a regular basis.",,,,,,,No,
2/9/2025 14:49:19,X58AA (183rd CAV),Greater than 3 years but less than 6,Yes,,No,,No,Yes,Yes,Yes,Yes,Yes,Yes,Serve ,Opportunities,I lost my MOS,More soldier care.,,,,,,,Yes,
2/9/2025 14:50:42,PE1AA (229th Engineer),Greater than 3 years but less than 6,No,No,No,,No,No,No,Undecided,Yes,I am happy in my current MOS,Yes,Convenience ,The distance from my home station to my home of record and the opportunity to promote,I have to look at all my options.,Communication,,,,,,,No,
2/9/2025 14:51:14,PE1AA (229th Engineer),Greater than 3 years but less than 6,No,,Yes,Ta and CA,No,No,Yes,Undecided,I am happy at my current unit,Yes,Yes,Skills ,Not doing my job,Not sure yet,Hot chow,,,,,,,No,
2/9/2025 14:52:12,PE1AA (229th Engineer),Greater than 3 years but less than 6,No,,No,,No,Yes,Yes,No,No,No,Yes,Starting a new career,Missed important weekend events for drill. ,I would prefer to have my weekends back.,Better training around benefits that are available.,,,,,,,No,
2/9/2025 14:52:21,X58AA (183rd CAV),Greater than 12 years,No,NA,Yes,TA Federal,No,Yes,Yes,No,No,No,Yes,Leaving active I was told 1 weekend and 2 weeks a years. That was a lie.,It’s not one weekend and only 14 days a year. It lose money drilling. I don’t have child care for field drills or extended AT.,It’s not worth it I rather give up all my time I invested because it has no beneficial use to me anymore. I have to sacrifice stuff with my family to deal with more children in the guard. ,Not being used for everything all the time and then constantly told we messed up every drill. And once a CONOP is out we stick to the plan . The constant changes then stop real MOS training from happening do to time restrictions and changes or cancelations. ,,,,,,,Yes,
2/9/2025 14:52:41,PE1AA (229th Engineer),Less than 3 years,No,NA,No,NA,No,No,Yes,Yes,Yes,Yes,Yes,Army ,Opportunities for extra schools ,Extra schooling and opportunities outside of unit ,Discipline ,,,,,,,No,
2/9/2025 14:52:55,PE1AA (229th Engineer),Greater than 12 years,No,No,No,,No,No,Yes,No,No,No,Yes,Tricare,Nothing,"I am just tired of the repetitive disfunction with the guard and army, nothing changes whether it be active duty or national guard",None,,,,,,,No,
2/9/2025 14:53:56,PE1AA (229th Engineer),Greater than 3 years but less than 6,No,None,No,,No,No,Yes,Yes,I am happy at my current unit,I am happy in my current MOS,Yes,Pride and purpose,Nothing,I have purpose.,Be better at my position.,,,,,,,No,
2/9/2025 14:53:58,PE1AA (229th Engineer),Greater than 3 years but less than 6,Yes,What’s the Location? What’s the systems status ? ,Yes,Tuition assistance and Credential assistance ,No,Yes,Yes,Yes,Yes,Yes,Yes,Colleagues who were current members and I wanted to become a warrant officer. ,MTOE,"If I can’t find a clear path on how to become a Warrant or switch to cyber to continue progressing my skillset, I will likely not reenlist. ",More schools and certifications. ,,,,,,,Yes,
2/9/2025 14:54:13,PE1AA (229th Engineer),Greater than 6 years but less than 12,Yes,,Yes,"Fed and state ta, Montgomery bill",No,No,Yes,Yes,I am happy at my current unit,I am happy in my current MOS,Yes,"Educational benefits, professional benefits ",Difficulty attending MOS specific schools ,Professional opportunities to better myself and subordinates.,Definitive schooling opportunities ,,,,,,,Yes,
2/9/2025 14:55:01,PHPAA (1-116th INF BN),Greater than 3 years but less than 6,No,,Yes,Ta,Yes,No,Yes,No,No,No,Yes,Curiosity ,My time is spent better at home with my family,See answer above,Leave drill on time,,,,,,,No,
2/9/2025 14:55:36,PE1AA (229th Engineer),Greater than 12 years,Yes,,No,,No,No,Yes,Undecided,I am happy at my current unit,I am happy in my current MOS,Yes,"I am prior Navy, and needed a few more years to make it to retirement. ","Nothing, I am not interested due to my contract taking me to 20 years of service. ",I will be at 20 years of service by the end of my contract. ,Everyone's morale seems to be good up to this point.,,,,,,,No,
2/9/2025 14:56:16,PE1AA (229th Engineer),Greater than 6 years but less than 12,Yes,"Combat deployment please? And I want to do my job for my MOS, not Base Defense.",No,,No,Yes,Yes,Undecided,I am happy at my current unit,I am happy in my current MOS,Yes,Enhance my civilian career,Two deployments where I was not in a position to use my MOS. Bonus payout needs to be done in a timely manner.,"I am interested in reenlisting if my current reenlistment bonus gets paid out in a timely manner. I also need equipment, training and relevant school seats for EW soldiers.",More equipment and schools available for EW soldiers,,,,,,,Yes,
2/9/2025 14:57:44,PE1AA (229th Engineer),Greater than 6 years but less than 12,Yes,,No,,No,Yes,No,Undecided,Yes,Yes,Yes,Professional development ,"Purpose, career development, competent leadership, unit distance from home","No Promotion, bonuses are low, schools are hard to get, distance from home is too far",Better MOS training. More schools. ,,,,,,,Yes,
2/9/2025 15:00:24,ZGEAA (429th BN),Greater than 3 years but less than 6,No,,No,,Yes,No,Yes,No,I am happy at my current unit,I am happy in my current MOS,Yes,I felt the need to serve something bigger than me.,Prior presidency  ,Life changing events,None ,,,,,,,No,
2/9/2025 15:02:13,ZGEAA (429th BN),Less than 3 years,No,,No,,Yes,No,Yes,Yes,I am happy at my current unit,I am happy in my current MOS,Yes,Career ,N/A,N/A,More time of NCOS spent with the lowered enlisted ,,,,,,,No,
2/9/2025 15:09:36,PE1AA (229th Engineer),Less than 3 years,Yes,No,Yes,Post 911,Yes,No,Yes,No,Yes,I am happy in my current MOS,Yes,War,I'm old and tired,20 years,Dunno,,,,,,,Yes,
2/9/2025 15:16:00,PE1AA (229th Engineer),Greater than 6 years but less than 12,No,No,Yes,State and Federal tuition assistance ,No,Yes,Yes,Undecided,Yes,Yes,Yes,Tuition assistance ,PMCS every drill that waste an entire day. ,Never conduct my MOS and PMCS of vehicles ,Quarterly PMCS,,,,,,,Yes,
2/9/2025 15:17:37,PHPAA (1-116th INF BN),Greater than 3 years but less than 6,Yes,Not deploying,Yes,"Post 9/11 GI Bill, state TA fed TA. Issues with state and fed TA. GI bill was easier",No,No,Yes,Yes,Yes,I am happy in my current MOS,Yes,School,Outdated attitudes and practices. The new bill being presented about not being able to go overseas to combat zones. Sexism.,"I like the job, but I may go active after this contact. The general attitude of people is changing a little too much for me","MORE HOME STATIONS DRILLS!!!, this is ridiculous, I can’t do any admin things I need to complete. I have to jam it all in a Sunday and it always is carrying over to the next month. Creates a lack of accountability. I’ve never seen this many Pickett drills, even in a deployment year. It’s ridiculous.",,,,,,,No,
2/9/2025 15:18:32,PE1AA (229th Engineer),Greater than 6 years but less than 12,No,,Yes,,No,No,Yes,Yes,I am happy at my current unit,I am happy in my current MOS,Yes,Experience,Workload,N/A,More intel training,,,,,,,No,
2/9/2025 15:22:41,PE1AA (229th Engineer),Greater than 12 years,Yes,,Yes,Post 9/11,No,No,No,Undecided,No,No,No,"I wanted to go to war after 9/11, and to add meaning  and purpose to my life. ","Toxic leadership, nepotism, the service value of my MOS not being recognized, and the value of service being based solely on rank and not on the actual level of service provided to the organization. Nothing is more demoralizing than a full bird colonel telling an entire brigade echelon that unless you’re an E-8 or higher then you’re ineligible for any award above an ARCOM. ",Same reasons as in the aforementioned. ,"Reinstate the meritocracy, promote the abolishment of DE&I, and destroy the good ole boy system, it’s toxic, disgusting, and awards those who do the least. Leadership at the flagpole in the VAARNG should be ashamed of themselves for promoting the current atmosphere that exists in this organization, the retention numbers should speak for themselves, but I would like to know who is looking at the current status of the force and thinking, these people are doing a great job? 

Bottom line, nobody wants to work for a bunch of assholes who fail at their job, get awarded for their failures, and then preach about hard work and discipline when they don’t know the first damn thing about it. ",,,,,,,Yes,I don’t have the support of my leadership at the company level and at times it is overt and palpable. 
2/9/2025 15:31:09,PE1AA (229th Engineer),Less than 3 years,No,,No,,No,No,Yes,Yes,I am happy at my current unit,I am happy in my current MOS,Yes,"To perform a public service while acquiring new useful skills in a technical, military, and leadership capacity for present/future use all at once.",Nothing has changed over the course of my enlistment in that regard so far.,"I am interested in extending my enlistment because I am aiming to learn more and acquire as many skills as I can in the military, which I can use further in the civilian world as well. I would also like to continue in the military until retirement, and acquire leadership skills as an officer along the way.",Make sure that they have everything they need to do their job well and perform in the field to the max.,,,,,,,No,
2/9/2025 15:34:27,PE1AA (229th Engineer),Greater than 3 years but less than 6,No,Will I be on the deployment roster?,Yes,STA,No,No,Yes,Undecided,No,I am happy in my current MOS,Yes,Patriotism ,Amount of time out of drill to complete tasks.,Na,Na,,,,,,,No,
2/9/2025 15:34:47,ZGEAA (429th BN),Greater than 6 years but less than 12,Yes,,Yes,GI BILL,No,No,Yes,No,No,No,Yes,Benefits,Lost interest,Have a good paying civilian job and tired of being away from family,Stay engaged in your proper job,,,,,,,No,
2/9/2025 15:41:54,PE1AA (229th Engineer),Greater than 12 years,Yes,Nah,No,,No,Yes,Yes,Yes,I am happy at my current unit,I am happy in my current MOS,Yes,To do this job on the civilian side, Need more money for trainings.  Commitment is not 2 days a month and 2 weeks during the year.  Thats too much drilling,N/A,Large bonuses for 35 series. More money for 35 series training. ,,,,,,,Yes,
2/9/2025 15:44:00,PE1AA (229th Engineer),Greater than 3 years but less than 6,No,Where?,Yes,Credentialing Assistance and no. ,No,Yes,Yes,Undecided,I am happy at my current unit,I am happy in my current MOS,Yes,Capacity to serve part-time,Lack of resources/funding for good training. ,N/A,Release soldiers who don't want to remain. Empower lower level leadership and enable quality training.,,,,,,,No,
2/9/2025 15:48:34,ZGEAA (429th BN),Greater than 6 years but less than 12,Yes,No,No,,Yes,No,Yes,Yes,Yes,Yes,Yes,Being able to make the best future for me and my loved ones,Promotion opportunities earlier in my career ,I am extending after 2028,Welfare first ,,,,,,,Yes,
2/9/2025 15:55:40,ZGEAA (429th BN),Greater than 12 years,Yes,,No,,No,No,Yes,Yes,I am happy at my current unit,Yes,Yes,Service to country and to get the full 20 years ,Lack of soldier care at previous unit and with units mobilized/deployed with,I am interested in re-enlisting however due to being messed over more than once I have 2 flags that need to come off and one flag was done unnecessarily. ,Do more as a unit or platoon to make sure morale stays the same or improve,,,,,,,No,
2/9/2025 16:10:57,X58AA (183rd CAV),Greater than 6 years but less than 12,No,Not deploying ,Yes,Chapter 33,Yes,Yes,Yes,No,No,No,No,"Nothing, finishing my contract ","Poor leadership, lack of communication, if you’re good at something you get used too much",Not worth it. Too much stress ,None,,,,,,,Yes,Don’t get to do my job at all
2/9/2025 16:10:59,X58AA (183rd CAV),Greater than 3 years but less than 6,Yes,,Yes,"GI bill, No issues",No,No,No,No,No,No,Yes,School benefits ,Growing family,Not re-enlisting due to growing family and no one to help with childcare ,Leadership that listens and acts on an issue as soon as they learn about it and not pushing it off. Doing for the soldier as soon as they let them know they have an issue ,,,,,,,No,
2/9/2025 16:11:29,X58AA (183rd CAV),Greater than 6 years but less than 12,Yes,,No,,No,Yes,No,Yes,Yes,Yes,Yes,Money and experiences ,Poor leadership,I am reenlisting because I want to go WO and be a SME. ,Leadership. Everything feels last minute and kills morale changing plans every 10 minutes. ,,,,,,,Yes,
2/9/2025 16:11:46,XA3AA (1-116th 3rd BN),Greater than 3 years but less than 6,No,No,No,,No,Yes,No,Undecided,No,Yes,No,Benefits ,Poor leadership,My highest form of leadership below first Ssg and commander has no interest in participating in task with us and gives no guidance. But has everything negative to say about what we do. ,Better leadership evaluation ,,,,,,,No,Better NCOIC
2/9/2025 16:12:19,X58AA (183rd CAV),Greater than 12 years,Yes,No,Yes,Federal TA,No,Yes,Yes,Yes,I am happy at my current unit,I am happy in my current MOS,Yes,School,Op tempo,CDTF is the reason I continue to re-enlist,Moral events,,,,,,,Yes,
2/9/2025 16:13:10,X58AA (183rd CAV),Less than 3 years,No,,No,,No,No,No,No,Yes,Yes,No,Benefits.,Leadership being toxic. Can’t ask a question without getting joked on.,The national guard has not been what I expected it to be. It does not work well with my regular job at the moment.,Open more opportunities for soldiers. ,,,,,,,No,Giving me time to actually learn my MOS. 
2/9/2025 16:15:44,X58AA (183rd CAV),Greater than 6 years but less than 12,Yes,No,Yes,Montgomery GI Bill ,No,No,Yes,Yes,Yes,No,Yes,Serving my state. ,Unit shutdown,Job opportunities ,Better forward planning. ,,,,,,,No,
2/9/2025 16:18:31,X58AA (183rd CAV),Less than 3 years,No,,Yes,Army Ignited,No,No,No,Undecided,Yes,I am happy in my current MOS,Yes,Opportunities and career development ,Nothing,Based on current conditions and position. I wouldn’t due to lack of knowledge of job and leadership ,Better choices from leadership/ Solider care ,,,,,,,Yes,
2/9/2025 16:19:17,X58AA (183rd CAV),Greater than 6 years but less than 12,No,No,Yes,TA,No,Yes,Yes,Undecided,I am happy at my current unit,I am happy in my current MOS,Yes,School,"Leadership, and value in the environment",I havent decided yet,Soldier care. Actually caring about people ,,,,,,,No,
2/9/2025 16:31:37,PHPAA (1-116th INF BN),Less than 3 years,No,,Yes,Federal TA,No,No,Yes,Yes,I am happy at my current unit,I am happy in my current MOS,Yes,Funding for college ,N/A,I enjoy my MOS and serving my community and country.,N/A,,,,,,,No,
2/9/2025 16:40:02,X58AA (183rd CAV),Greater than 3 years but less than 6,Yes,No,Yes,State TA,Yes,No,Yes,Undecided,I am happy at my current unit,I am happy in my current MOS,Yes,School,Peers,Not interested ,Team oriented tasks,,,,,,,Yes,
2/9/2025 16:45:31,8FUAA (183rd RTI),Greater than 3 years but less than 6,No,Will I need to fill a role I’m not trained in?,No,,No,Yes,Yes,No,No,No,Yes,I had nothing else to do,"The hours, where we end up working, and exposure to civilian jobs",The only thing I want out of the army is school and a secret clearance for the civilian side.,Have established work hours,,,,,,,No,
2/9/2025 17:27:16,PHMAA (111th FA BN),Greater than 6 years but less than 12,Yes,,Yes,TA and GI Bill,No,Yes,No,Undecided,Yes,Yes,Yes,I wanted to serve my community,"Finding out SAD missions don’t count towards retirement, constantly having broken equipment, soldiers not getting paid on time, not having the equipment we need to use all our equipment, our equipment allotments look like someone bought it off amazon without doing research ","The only thing keeping me in the guard at this point is health insurance, if me or my wife make enough money at the end of my contract to reasonably afford health insurance I am getting out.","Either less 4 day drills or implement quarterly drills, stop changing the drill schedule constantly, focus less on checking boxes and more on letting soldiers train. Focus on fixing our vehicles instead of slapping a band aid on the issue and running them to the ground, this makes the problems worse. The current drill schedule since deployment has negatively impacted life outside the military and has been interfering with life outside and we don’t get paid enough for it to impact our lives this much ",,,,,,,Yes,
2/9/2025 17:37:45,PE1AA (229th Engineer),Greater than 6 years but less than 12,Yes,,Yes,,No,No,Yes,Undecided,I am happy at my current unit,I am happy in my current MOS,Yes,School benefits and military benefits ,Had some bad commanders that didn’t care about soldiers welfare and bad leadership ,Not sure if I want to stay in or get out at the moment ,Actually getting what soldiers need to do there jobs like fixing equipment to be mission capable ,,,,,,,Yes,
2/9/2025 17:38:09,ZGEAA (429th BN),Less than 3 years,No,N/a,No,N/A,No,No,No,No,No,No,Yes,Just was a random decision ,I want to start a family ,I want to start a family and my main focus be my family but ,Some higher ranking people are fake ,,,,,,,No,
2/9/2025 18:30:53,777AA (R&R),Greater than 12 years,Yes,No,Yes,Fed TA,No,No,Yes,Yes,Yes,Yes,Yes,Family ,Nothing,Already extended,Higher focus on retention,,,,,,,Yes,
2/9/2025 19:52:15,XA3AA (1-116th 3rd BN),Greater than 12 years,Yes,No,Yes,Post 9/11,No,No,Yes,Yes,I am happy at my current unit,I am happy in my current MOS,Yes,Espirit de corps,Lack of transparency and trust from the battalion and brigade level,Retirement ,Allow for actual decentralized command to take place from battalion and up. Allow for allocation of schools and awards for the platoon level down. Allow for customized MWR and family day events at the company level. Split May drill on other months to allow soldiers to have less stress during finals week in college. Allocate better resources and training to combat arms units specifically infantry units. Allow for ideas and information to flow up instead of just down without recourse. ALLOW SOLDIERS TO OBTAIN PROMOTIONAL REQUIRED SCHOOLS WITHOUT MAKING IT DIFFICULT. Better incentives to re-enlist as opposed to just enlistments. ,,,,,,,Yes,
2/10/2025 0:06:48,XA3AA (1-116th 3rd BN),Less than 3 years,No,,No,,No,No,Yes,Yes,Yes,Yes,Yes,Opportunity to serve while still having time to earn a degree,"The possibility of not getting the job I want, or limited MOS's",I want to re-enlist because it is the right lifestyle for me and I have access to a variety of training opportunities ,Competitions between platoons/companies,,,,,,,No,
2/10/2025 0:15:35,ZGEAA (429th BN),Greater than 6 years but less than 12,Yes,N/A,Yes,"Post 9/11, Montgomery GI Bill. No issues. ",No,Yes,No,Undecided,No,No,No,Initially for school. I also joined to serve and prove I can do anything. ,I don’t feel proud of serving my country. I’m proud of serving with my fellow brother and sisters. But not proud of my country. ,"I’m on my second contract. I’m hoping to go on one more deployment, ",Communication needs improvement. I know things are always subject to change but at least having soldiers in the know is a good start. Then getting into the more fun stuff. ,,,,,,,No,I feel valued by my direct NCO and my fellow colleagues but not by the higher ups 
2/10/2025 8:54:17,777AA (R&R),Greater than 12 years,Yes,,Yes,State tuition ,No,No,Yes,Yes,I am happy at my current unit,Yes,Yes,Stable income ,Opportunities to promote,Interested in reenlisting to receive retirement benefits,Team building experiences,,,,,,,Yes,
2/10/2025 11:04:32,ZGEAA (429th BN),Greater than 6 years but less than 12,Yes,,No,,Yes,No,Yes,Yes,I am happy at my current unit,I am happy in my current MOS,Yes,Serve my country,Toxic Leadership,I’ll re-enlist cause I’m too far in to give up now,"Leaders who lead from the front, not the office",,,,,,,Yes,
2/10/2025 11:37:13,XA3AA (1-116th 3rd BN),Less than 3 years,No,,No,,No,No,Yes,Undecided,No,Yes,Yes,Just a little change ,None,I can’t really say at the moment ,I don’t know,,,,,,,No,
2/10/2025 12:32:24,XA3AA (1-116th 3rd BN),Less than 3 years,No,No,No,,No,Yes,Yes,Yes,Yes,Yes,Yes,"Because i love the army, ans the national guard recruiters were much better to work with",Nothing,I would re-enlist because I want to see and experience all the army has to offer. ,I think its good overall! More interesting briefs would be nice but i understand why we have to have the boring ones. ,,,,,,,No,
2/10/2025 13:06:46,777AA (R&R),Greater than 6 years but less than 12,No,,Yes,State TA,No,Yes,Yes,Yes,I am happy at my current unit,I am happy in my current MOS,Yes,Service,Na,Na,Na,,,,,,,Yes,
2/10/2025 13:12:17,777AA (R&R),Greater than 6 years but less than 12,Yes,No,Yes,"State and Federal TA, Army COOL. No issues.",No,No,Yes,Yes,I am happy at my current unit,Yes,Yes,The recruiting office was across the street from my old job. Wanted change and to do something bigger than what I was doing. ,Toxic leadership,I want to extend. There’s bad people in the guard but the guard isn’t bad. ,Team building events. ,,,,,,,Yes,
2/10/2025 13:17:20,777AA (R&R),Greater than 12 years,Yes,,No,,No,Yes,Yes,Yes,I am happy at my current unit,I am happy in my current MOS,Yes,Stability ,Not getting paid and getting paid incorrectly ,Achieve retirement in 4 yrs,More company team building events,,,,,,,Yes,
2/10/2025 13:23:40,777AA (R&R),Greater than 12 years,Yes,,No,,No,Yes,Yes,Yes,I am happy at my current unit,I am happy in my current MOS,Yes,Stability,Nothing,I'm extending because my unit and leadership is great to work with.,Reduce the amount of pay issues.,,,,,,,Yes,
2/10/2025 13:35:13,777AA (R&R),Greater than 12 years,Yes,No,Yes,ArmyIgnite and no,No,No,Yes,Yes,I am happy at my current unit,I am happy in my current MOS,Yes,College ,N/A,N/A,Units need to do a better job of mentoring their soldiers and helping them in civilian and military careers. Too many soldiers don’t know about their benefits and are struggling because of lack of mentorship. This mentorship should probably come from an AGR person in their unit. Most Team Leaders and Squad Leaders are also lacking mentorship.,,,,,,,Yes,
2/10/2025 13:44:57,777AA (R&R),Greater than 3 years but less than 6,No,,Yes,Federal tuition assistance.,No,Yes,Yes,Undecided,Yes,I am happy in my current MOS,Yes,Education,Leadership issues,N/A,Increase morale. Team events.,,,,,,,No,
2/10/2025 13:50:03,777AA (R&R),Greater than 12 years,Yes,,Yes,TA,No,No,Yes,Yes,I am happy at my current unit,I am happy in my current MOS,Yes,Benefits ,Officers not holding themselves accountable or being accountable for not doing their jobs.  ,"Despite some bad experiences with a few leaders, the organization as a whole is an outstanding organization to be a part of. ",Not sure,,,,,,,Yes,
2/10/2025 14:22:32,777AA (R&R),Greater than 12 years,Yes,No,Yes,Post 911,No,Yes,Yes,Yes,No,Yes,Yes,Education benefits,"Nothing, I am happy where I am",I really enjoy my current position,More training material to use for recruiting,,,,,,,Yes,
2/10/2025 14:33:53,777AA (R&R),Greater than 12 years,Yes,,Yes,FTA and Post 9/11,No,No,Yes,No,I am happy at my current unit,I am happy in my current MOS,Yes,Military benefits and opportunities ,Nothing. I’m retiring. ,Retiring ,"Task FLLs with educating soldiers on military benefits and entitlements. I have conducted numerous retention counselings where a Soldier wants to ETS only to find out that they have not used ANY benefits (health insurance, TA, Army Cool, volunteering for extra assignments, VAHL, other small benefits such as vehicle registration, state park access, theme park passes, exclusive travel perks, ect.) part time service without utilizing the benefits is a waste of time. Unless we wanna bump up drill pay to make it worth coming in for the weekend. ",,,,,,,Yes,
2/10/2025 14:39:33,777AA (R&R),Greater than 3 years but less than 6,Yes,,Yes,"Army ignited issues, submitting a confirmed degree plan after doing 2 classes — no instruction how",No,No,Yes,Yes,No,I am happy in my current MOS,Yes,"Service, benefits, leadership",SHARP policies; all battalions are teaching SHARP in the incorrect way and not per regulation,I like the stability,Team building exercises,,,,,,,Yes,
2/10/2025 16:31:04,777AA (R&R),Greater than 6 years but less than 12,Yes,,Yes,STAP,No,No,Yes,Yes,Yes,I am happy in my current MOS,Yes,Education Benefits ,STAP changed from a direct payment to the current reimbursement model. ,On the High 3 retirement system and need 20 years. ,Reduce redundant admin tasks that are time consuming and take away from actual mission accomplishing tasks. ,,,,,,,Yes,
2/11/2025 19:26:10,777AA (R&R),Greater than 3 years but less than 6,Yes,Will I get a combat patch?,Yes,Army Ignited,No,No,Yes,Yes,I am happy at my current unit,I am happy in my current MOS,Yes,Service to country,Education benefits ( How complicated it is to utilize them ),I plan on retiring with 20 years of active duty service. Civilian workforce sucks compared to AGR.,Have higher leader ship within my unit reach out to the “ Joes “ more. Even as small as “How’s your Monday going?”,,,,,,,Yes,
2/11/2025 19:27:59,777AA (R&R),Greater than 12 years,Yes, No,No,,Yes,Yes,Yes,Yes,I am happy at my current unit,Yes,Yes,I was bored,Nothing ,To keep my job,N/A,,,,,,,Yes,
2/11/2025 20:18:28,777AA (R&R),Greater than 6 years but less than 12,Yes,I’d love to deploy,No,,No,Yes,No,Undecided,Yes,Yes,No,Service to our country and siblings,Seeing leadership care less about its people and more about numbers and big put on shows,The climate of the guard is not what it was when I came in. Selfish people,Careless about being the biggest number and focus on caring for what you do have and numbers will come.,,,,,,,Yes,For leadership to change its thoughts on nothing but recruiting numbers
2/11/2025 20:50:09,777AA (R&R),Greater than 12 years,Yes,,Yes,"State and Federal TA, GI Bill",No,Yes,No,Undecided,Yes,Yes,No,Joined Young for Career options,Lack of mobility between commands,Opportunity Cost in the civilian sector,NCODP from the State CSM mandatory for E-6 and above; Talent Management panel in Virginia to propose broadening assignments,,,,,,,Yes,A Broadening Assignment
2/12/2025 10:51:51,V5KAA (29th DIV),Greater than 12 years,Yes,,No,,No,Yes,Yes,No,No,No,Yes,The women.,The women. ,See above. ,More land nav. And drill and ceremony. ,,,,,,,Yes,
2/12/2025 19:21:04,X3YF3 (1030th BN),Greater than 3 years but less than 6,No,,No,,No,Yes,No,No,No,No,No,Recruiter tricked me coming out of active,No one cares about us ,Yall fucking suck ,Shut down the unit and give up you all are pathetic excuses of a fucking military installation active duty takes care of us and actually showed compassion ,,,,,,,No,Getting paid plus not getting punished and demoted for wrecking my car with hospital proof
2/13/2025 11:33:31,PHMAA (111th FA BN),Greater than 3 years but less than 6,No,,Yes,State ,No,No,Yes,No,No,No,Yes,Ability to help civilians with disaster relief ,Deployments overseas ,Pay,More pay,,,,,,,No,
2/13/2025 11:50:55,777AA (R&R),Greater than 12 years,Yes,,Yes,CA,No,No,Yes,Yes,Yes,Yes,Yes,Family Tradition,N/A,N/A,N/A,,,,,,,Yes,
2/18/2025 13:43:26,X3YF3 (1030th BN),Greater than 6 years but less than 12,Yes,N/A,No,,No,Yes,No,No,Yes,No,No,I had nothing to look forward to in life. ,Favortism and shady leadership. ,I will most likely reenlist because I still have nothing to look forward to in life. ,"The unit should be professional and consistent with every Soldier in the unit to help mitigate favoritism. If the unit is consistent, there would be less issues within lower enlisted and leadership. ",,,,,,,Yes,My unit has a lot of favoritism. The unit constantly is under investigation for it but it never gets resolved. 
2/19/2025 7:11:40,PE1AA (229th Engineer),Greater than 12 years,Yes,No,Yes,gi bill,No,Yes,Yes,Undecided,Yes,I am happy in my current MOS,No,Patriotism / iraq War,"I'm in HHC for more than a few months. the BC seems out of touch. We have long battalion meetings that make no sense and there doesnt seem to be any command and control or care for other than whatever taskings we have to do at the batalion level. It has gotten to the point where the staff officers complain in front of soldiers and I have to hear it as a NCO. There seems to be no SOPs for how to do staff work and we have to reinvent the wheel every drill. XO does what he can but seems like he cannot stop a plan from being changed and then has to hold his tongue while his plan gets ripped up and we have to start over.

BC and CSM leave drill every sunday at noon while soldiers are still in fredericksburg, sometimes into evening time. This has happened many months in a row. ",I would like a mission and task and purpose and to have engaged leadership that dont just make snap decisions because brigade told us to do something. BN CMD team seems annoyed by having signal and Mi and logistics units and makes jokes about how silly those branches are. I have friends in those units that hear these comments and they are demoralized. All of HHC equipment is broken and is never available for drill,"change or put in BN processes. Respect joe whatever MOS he has. I've never been counseled by my rater and I think that is part of the problem, noboody does couneslings in this unit unless theyre bad or negative. staff officers dont lead and cannot lead because they dont know what they are doing because they havent been taught how. If they do get taught how they shrug it off and act like MDMP doesnt matter when I know the comapnies wont know what to do if we dont do our part. I worry that At this year is going to be one long meeting while soldiers in battalion waste time with no mission",,,,,,,Yes,better staff work
2/20/2025 12:48:18,X3YF3 (1030th BN),Greater than 3 years but less than 6,No,,No,,Yes,No,Yes,Yes,I am happy at my current unit,I am happy in my current MOS,Yes,"Wanted to join for school, but priorities changed ",Nothing ,Will extend to be able to get an AGR position ,Better knowledge of benefits ,,,,,,,Yes,
2/20/2025 13:32:37,PHMAA (111th FA BN),Greater than 3 years but less than 6,Yes,,Yes,CA,No,Yes,No,No,No,No,No,Student loans and bad judgement,Our BC is an incompetent boob that only cares about having his ass kissed. Shit leadership sprinkled throughout the battalion. Unqualified people in positions of leadership due to DEI and bias. Most people who are valuable leave and most people who don’t have anything better to do stay around because they’re boils on the posterior of society.,"The people are mostly respectable individuals but a few bad apples ruin the bunch. The battalion commander for one is, again, a gigantic boob. Leadership’s ability to make what should be a relaxed day insufferable is comparable only to psyops. Uniforms are a bitch to obtain and the things soldiers need are always put on the back burner but ‘soldier care matters?’ Yeah fucking right","It’s easier to type out what I wouldn’t change. My current chief is the only chief I’ve had that actually have a fuck. I wouldn’t change him or the bros. Other than that, wipe the god damn slate  ",,,,,,,No,
2/22/2025 8:44:34,779AA (Medical DET),Greater than 6 years but less than 12,No,,Yes,State TA and GI Bill ,No,No,Yes,Undecided,I am happy at my current unit,I am happy in my current MOS,Yes,Did not want to go to college right out of high school,"The lack of organization in the guard, lack of structure ",More organization and planning. We are always reacting to situations instead of planning ahead,More organization and planning. We are always reacting to situations instead of planning ahead,,,,,,,Yes,
2/22/2025 8:44:58,779AA (Medical DET),Greater than 12 years,Yes,No,Yes,Gi Bill,No,Yes,Yes,Undecided,I am happy at my current unit,I am happy in my current MOS,Yes,New career path ,Nothing,Na,Unsure,,,,,,,Yes,
2/22/2025 8:45:14,779AA (Medical DET),Greater than 6 years but less than 12,Yes,,No,,No,No,Yes,No,No,No,Yes,Finish my eight years ,Just ready to get out ,More organization and planning. We are always reacting to situations instead of planning ahead,N/A,,,,,,,No,
2/22/2025 8:51:06,779AA (Medical DET),Greater than 3 years but less than 6,Yes,N/A,No,,Yes,No,Yes,No,I am happy at my current unit,I am happy in my current MOS,Yes,A natural draw to rendering care to those in need.,Nothing at this point.,I already have.,No input at this time.,,,,,,,No,
2/22/2025 9:11:57,P1XAA (276th EN),Greater than 6 years but less than 12,No,No,Yes,STAP and GI Bill,No,No,Yes,Yes,Yes,Yes,Yes,To serve,Training standards lowered ,I will continue to re enlist to serve the community I love,Better structured leadership within immediate units,,,,,,,Yes,
2/22/2025 9:26:27,P1XAA (276th EN),Greater than 12 years,Yes,No.,No,,Yes,No,Yes,Yes,Yes,Yes,Yes,Continue service ,None,?,Better communication ,,,,,,,Yes,
2/22/2025 9:34:18,777AA (R&R),Greater than 12 years,Yes,NA,Yes,"FTA, STA",No,Yes,No,Yes,Yes,Yes,No,Experience for resume,Incentive mismanagement,Career status,Talent management,,,,,,,Yes,Broadening assignment 
2/22/2025 9:53:58,P1XAA (276th EN),Greater than 6 years but less than 12,No,,Yes,,No,Yes,Yes,Yes,Yes,Yes,Yes,Money ,Money ,Money,Money,,,,,,,Yes,
2/22/2025 10:02:08,P1XAA (276th EN),Greater than 12 years,Yes,,Yes,GI Bill,Yes,No,Yes,Yes,I am happy at my current unit,I am happy in my current MOS,Yes,Hooah,Nothing,N/a,N/a,,,,,,,Yes,
2/22/2025 10:08:21,97PAA (91st Cyber),Greater than 12 years,Yes,,No,,No,No,Yes,Yes,I am happy at my current unit,I am happy in my current MOS,Yes,Needed more in life,N/A,I enjoy the military,N/A,,,,,,,Yes,
2/22/2025 10:11:54,P1XAA (276th EN),Greater than 12 years,Yes,No,Yes,"State tuition, yes",No,Yes,No,Yes,Yes,Yes,No,OCS,No opportunities for growth or advancement ,"No opportunities, bad leadership, no accountability","Hold people accountable, provide more opportunities, stop wasting peoples time on bullshit. We come here and sit in our phones not doing shit for hours. It’s a waste of my fucking time.",,,,,,,No,"LIK, Awards, Recognition, Schools, Training"
2/22/2025 10:15:56,PE1AA (229th Engineer),Greater than 6 years but less than 12,Yes,N/a,No,,Yes,No,Yes,Yes,I am happy at my current unit,I am happy in my current MOS,Yes,Tech program,N/a,N/a,N/a,,,,,,,Yes,
2/22/2025 10:18:20,X6TAA (329th HHC),Greater than 3 years but less than 6,Yes,N/A,No,N/A,Yes,No,Yes,Yes,Yes,Yes,Yes,Exposure to the national guard at a young age after hurricane Katrina,N/A,N/A,"More work, better missions ",,,,,,,No,N/A
2/22/2025 10:22:24,P1XAA (276th EN),Greater than 12 years,Yes,No,No,,Yes,No,No,No,I am happy at my current unit,I am happy in my current MOS,Yes,National/state pride,Nothing...I will serve until they kick me out...,N/A,N/A,,,,,,,Yes,
2/22/2025 10:27:09,P1XAA (276th EN),Greater than 3 years but less than 6,No,No,No,,No,No,No,No,No,Yes,No,School,No,Dhdhej,Dhxhdhdh,,,,,,,No,No
2/22/2025 10:27:55,P1XAA (276th EN),Greater than 3 years but less than 6,Yes,No,No,,Yes,No,Yes,Undecided,Yes,Yes,Yes,To serve ,None ,None,None,,,,,,,No,
2/22/2025 10:31:28,P1XAA (276th EN),Greater than 6 years but less than 12,Yes,No,Yes,Ta,Yes,No,Yes,Undecided,No,No,Yes,Service,Tired of it,Tired of the gaurd and missing out on things in personal life,Better coc,,,,,,,Yes,
2/22/2025 10:33:52,P1XAA (276th EN),Greater than 12 years,No,No,Yes,Credentialing Assistance,No,No,Yes,No,No,No,Yes,Work life balance,None,I will be at 20 yrs,Ensuring soldiers are aware of resources they have available.,,,,,,,Yes,
2/22/2025 10:39:47,P1XAA (276th EN),Greater than 12 years,Yes,No,No,None,Yes,No,Yes,Yes,Yes,I am happy in my current MOS,Yes,Family tradition,More work; less FTS resources,Na,More services afforded during drill periods,,,,,,,Yes,
2/22/2025 10:42:14,P1XAA (276th EN),Greater than 3 years but less than 6,No,,No,,No,No,Yes,Undecided,I am happy at my current unit,I am happy in my current MOS,Yes,Wanted to serve but be close to home ,"Lack of schools, politics within the unit ",I am undecided right now. If things became less political then I’d consider it. ,Better communication ,,,,,,,Yes,
2/22/2025 10:45:50,P1XAA (276th EN),Greater than 12 years,Yes,No,Yes,Gi bill,No,Yes,Yes,Yes,I am happy at my current unit,I am happy in my current MOS,Yes,ROTC,Nothing ,To keep my ados job,Nothing ,,,,,,,No,
2/22/2025 10:46:44,P1XAA (276th EN),Greater than 12 years,Yes,No ,Yes,GI Bill ,Yes,No,Yes,Undecided,I am happy at my current unit,I am happy in my current MOS,Yes,Continue service ,Family and professional needs ,I need to focus on future and family ,Good leadership ,,,,,,,Yes,
2/22/2025 10:48:32,P1XAA (276th EN),Greater than 6 years but less than 12,No,No,Yes,GI Bill,No,No,Yes,Undecided,I am happy at my current unit,Yes,Yes,Saw NG at college and joined,Having a family ,I want to be around my family ,None,,,,,,,Yes,
2/22/2025 10:51:43,PE1AA (229th Engineer),Greater than 12 years,Yes,,Yes,TA and MGIBILL,No,No,Yes,Yes,Yes,No,Yes,Retirement points,"Weak, ineffective policies",I am working toward retirement,More training,,,,,,,Yes,
2/22/2025 10:51:58,P1XAA (276th EN),Greater than 6 years but less than 12,Yes,No,Yes,,No,No,Yes,Yes,Yes,Yes,Yes,School ,Nothing ,I’m still interested ,Nothing ,,,,,,,Yes,
2/22/2025 10:52:38,P1XAA (276th EN),Less than 3 years,No,No,No,,No,Yes,No,Yes,I am happy at my current unit,I am happy in my current MOS,Yes,Experience and change of pace as a provider ,The lack of training and the leadership not being aware of memos revolving around providers ,Maintaining tricare and bonuses ,Being more efficient ,,,,,,,No,
2/22/2025 10:56:09,8BJAA (JFHQ),Greater than 12 years,Yes,,Yes,Va ta,No,Yes,Yes,Undecided,I am happy at my current unit,Yes,Yes,Tuition assitance,Sleep is not explained properly ,I still have 4 years left,"Beards beards beards. women can have all types of hair styles, there are so many exceptions to shave profiles, As Moses said. “Let my beard grow!”",,,,,,,Yes,
2/22/2025 10:59:31,X6TAA (329th HHC),Greater than 6 years but less than 12,No,,Yes,State TA,No,No,Yes,Undecided,I am happy at my current unit,Yes,Yes,Education,Motivation,I feel like I have to fight for everything sometimes and hard work goes unnoticed.,Not sure,,,,,,,No,
2/22/2025 11:06:40,P1XAA (276th EN),Greater than 6 years but less than 12,Yes,No,No,,No,No,Yes,Undecided,I am happy at my current unit,Yes,Yes,Serving country and education benefits,Commuting distances,Time away for military negatively affects civilian career,Lodging in Kind (LIK),,,,,,,Yes,
2/22/2025 11:09:29,P1XAA (276th EN),Greater than 3 years but less than 6,Yes,,No,,No,No,Yes,No,No,No,Yes,Opportunity ,Civilian career ,Civilian career,More SAD opportunities ,,,,,,,Yes,
2/22/2025 11:09:41,P1XAA (276th EN),Greater than 3 years but less than 6,Yes,,Yes,State Assistance ; TA,No,No,Yes,Yes,Yes,Yes,Yes,Idk,MOS,Changing MOS,idk,,,,,,,No,
2/22/2025 11:10:32,P1XAA (276th EN),Greater than 12 years,Yes,No,No,,No,No,Yes,Yes,Yes,Yes,Yes,Service and travel,Confidence in leadership ,Just extended,Clear expectations and  time management ,,,,,,,Yes,
2/22/2025 11:11:18,P1XAA (276th EN),Greater than 6 years but less than 12,Yes,,No,,No,No,Yes,Yes,Yes,Yes,Yes,Traveling,Na,Financial ,Everything ,,,,,,,No,
2/22/2025 11:11:20,P1XAA (276th EN),Less than 3 years,No,,No,,No,Yes,Yes,Yes,Yes,Yes,Yes,I wanted to do it ever since I was a child.,N/a,I want to become a drill Sergeant ,"Treat everyone with respect, regardless of rank or background.",,,,,,,No,
2/22/2025 11:11:24,P1XAA (276th EN),Greater than 3 years but less than 6,No,No,No,No,No,No,Yes,Undecided,Yes,Yes,Yes,Wanting to do something good for myself and my family ,Having a kid,I’m considering changing my mos to 88m and being in the 1030th in gate city so I’m closer to home and being able to learn another job,I have been the retention NCO for the past few months and the biggest problem is money and not making enough ,,,,,,,Yes,
2/22/2025 11:12:06,P1XAA (276th EN),Greater than 6 years but less than 12,Yes,,Yes,National Guard Scholarship,No,Yes,No,Undecided,I am happy at my current unit,I am happy in my current MOS,Yes,School,Time value ,N/A,Be smarter with our time ,,,,,,,No,
2/22/2025 11:12:49,P1XAA (276th EN),Greater than 3 years but less than 6,Yes,N/A,No,,No,Yes,No,Yes,I am happy at my current unit,Yes,No,"Dropped out of college, enticed by bonus",Financial status,I no longer need my income supplemented. I want more tattoos not allowed under current regulations,Mandatory fun days,,,,,,,No,N/A
2/22/2025 11:13:13,V5KAA (29th DIV),Greater than 12 years,Yes,No,Yes,Loan Repayment ,No,No,No,Undecided,Yes,Yes,No,College,Giving when the Army has needed only to request something for my career path and being denied. ,No,Na,,,,,,,Yes,General lack of care to get certain people promoted who are manning positions of higher authority 
2/22/2025 11:14:02,P1XAA (276th EN),Less than 3 years,No,No,No,,No,No,Yes,Undecided,I am happy at my current unit,I am happy in my current MOS,Yes,Schooling ,N/A,N/A,"Listening to soldier needs, and making them feel valued and appreciated ",,,,,,,Yes,
2/22/2025 11:14:32,P1XAA (276th EN),Greater than 12 years,Yes,No,No,,No,No,Yes,No,I am happy at my current unit,I am happy in my current MOS,Yes,"Sign on bonus, being part of something bigger than myself",Nothing going to retire.,Finishing out my 20 years. Bonus for re-enlistment after 13 years would be great.,Financial briefings to help improve soldier care,,,,,,,Yes,
2/22/2025 11:17:50,P1XAA (276th EN),Greater than 3 years but less than 6,Yes,N/A,No,,No,No,Yes,Yes,Yes,Yes,Yes,I wanted to serve and go to school.,Not getting deployed.,I want to deploy.,DEPLOY,,,,,,,Yes,
2/22/2025 11:18:30,P1XAA (276th EN),Greater than 3 years but less than 6,Yes,N/a,No,,No,Yes,Yes,Undecided,I am happy at my current unit,I am happy in my current MOS,Yes,The time home and to also do my duty’s for my country ,Leadership isn’t like it used to be. Lazy people and entitlement is starting to be a main issue. ,"Starting to be an inconvenience, the communication levels on last minute missions.
",Training time on what we are hired to do. Trying to improve the moral of soldier care. ,,,,,,,No,
2/22/2025 11:19:41,P1XAA (276th EN),Greater than 3 years but less than 6,No,,No,,No,No,Yes,Yes,Yes,Yes,Yes,Want to serve,N/a,I’m interested in staying in ,Better communication ,,,,,,,Yes,
2/22/2025 11:20:58,P1XAA (276th EN),Greater than 6 years but less than 12,No,,Yes,TA,No,No,Yes,Undecided,Yes,Yes,Yes,New career,The unit I am in,"I have small children, I want to spend time with them",Have no idea,,,,,,,Yes,
2/22/2025 11:21:35,P1XAA (276th EN),Greater than 12 years,Yes,,No,,Yes,Yes,Yes,Yes,No,Yes,Yes,Brotherhood ,Double standards within the ranks. ,I'm going to reinlist just because of my full time job. ,More care toward soldiers from the top,,,,,,,Yes,
2/22/2025 11:21:43,P1XAA (276th EN),Greater than 6 years but less than 12,No,,Yes,State Tuition Assistance ,No,Yes,Yes,Yes,I am happy at my current unit,I am happy in my current MOS,Yes,Education Benefits ,Soldiers,NA,Motivation and trust ,,,,,,,Yes,
2/22/2025 11:26:21,P1XAA (276th EN),Greater than 6 years but less than 12,Yes,No,Yes,Federal TA,No,Yes,Yes,Yes,Yes,Yes,Yes,Bad Decisions,Instability ,It’s what I’m good at,Pizza parties,,,,,,,Yes,
2/22/2025 11:26:31,P1XAA (276th EN),Greater than 3 years but less than 6,Yes,"Yes. Tax free bonus incentive seems to be a time table of hoops. If I have time on my contract and want to take advantage of the tax free opportunity, I should be encouraged.",Yes,Federal Tuition Assistance ,No,No,Yes,Undecided,I am happy at my current unit,Yes,Yes,Purpose. Education. Healthcare.,"High turnover of upper leadership, and AGR employees unmotivated","I feel more or less obligated to work with the guys that I came up with. I know a lot of these guys needs these benefits, they just need to be pointed in the right direction. ",Mentorship needs to be highlighted.,,,,,,,Yes,
2/22/2025 11:27:51,PHPAA (1-116th INF BN),Less than 3 years,No,N/A,No,N/A,No,No,Yes,Yes,I am happy at my current unit,No,Yes,Security Clearance,N/A,N/A,N/A,,,,,,,No,N/A
2/22/2025 11:28:43,X3YF3 (1030th BN),Greater than 6 years but less than 12,No,No ,Yes,GI bill ,No,Yes,No,Undecided,Yes,Yes,No,TBD ,Stupid people getting away with stuff,N/A,Leadership training ,,,,,,,Yes,Useless unit 
2/22/2025 11:38:09,PE1AA (229th Engineer),Greater than 3 years but less than 6,Yes,No,No,No,No,Yes,Yes,No,No,No,Yes,More opportunities ,Guard takes up a lot of time that I don't have anymore,Changes in my life . Not enough time. Choosing to focus on family and civilian career,Not sure,,,,,,,Yes,
2/22/2025 11:38:18,P1XAA (276th EN),Greater than 6 years but less than 12,No,Possibly ,Yes,Gi,No,No,No,No,No,No,No,A terrible mistake. ,The leadership and drill schedule. ,I lose money every time I come to drill. A substantial amount. ,Giving us the option to break contract and leave. ,,,,,,,Yes,The unit is worried about making themselves look good and aren’t worried about how it affects the soldiers.
2/22/2025 11:39:46,P1XAA (276th EN),Greater than 6 years but less than 12,Yes,N/A,Yes,GI Bill; State TA,No,Yes,Yes,Yes,Yes,I am happy in my current MOS,Yes,School benefits ,N/A,Finish 20 years off ,Increase bonus for retention. ,,,,,,,Yes,
2/22/2025 11:41:38,P1XAA (276th EN),Less than 3 years,No,No,Yes,GI BILL,No,No,No,Yes,No,No,No,Money,No,No,No,,,,,,,No,
2/22/2025 11:42:28,P1XAA (276th EN),Greater than 3 years but less than 6,No,,Yes,State Tuition Assistance program,No,No,Yes,Undecided,I am happy at my current unit,Yes,Yes,Benefits and Serving country ,Bad leadership benefits not paying out ,Financial and time freedom,Better team building exercises ,,,,,,,Yes,
2/22/2025 11:42:29,PHPAA (1-116th INF BN),Greater than 3 years but less than 6,No,,Yes,,No,Yes,Yes,Yes,I am happy at my current unit,I am happy in my current MOS,Yes,School,Unit,Deployment,N/A,,,,,,,Yes,
2/22/2025 11:42:51,V6VAA (1-116th),Greater than 3 years but less than 6,No,No,Yes,College ,No,Yes,No,No,No,No,Yes,Bonus,Ur problems don’t matter only what the drill schedule says is what matters,Already did 2 contracts ,Nothing,,,,,,,No,
2/22/2025 11:43:07,P1XAA (276th EN),Greater than 6 years but less than 12,Yes,No,No,,Yes,No,Yes,No,No,No,Yes,Jail,Nothing ,World is crazy,Smoke weed,,,,,,,Yes,
2/22/2025 11:43:52,P1XAA (276th EN),Greater than 3 years but less than 6,Yes,,No,,No,No,Yes,No,No,No,Yes,I was in college,N/a,My wife is active duty navy ,Nothing. The battalion has decent morale ,,,,,,,Yes,
2/22/2025 11:44:29,P1XAA (276th EN),Less than 3 years,Yes,How combat pays works and what benefits do I get from a appointment?,No,N/a,No,No,Yes,Undecided,I am happy at my current unit,I am happy in my current MOS,Yes,Benefits ,The drive ,Still have 3 more years left and still need to see how much things changes ,N/A,,,,,,,No,
2/22/2025 11:44:37,PHMAA (111th FA BN),Greater than 6 years but less than 12,No,No,Yes,Gi bill,No,Yes,No,Undecided,Yes,Yes,Yes,Career opportunity ,Inefficient systems and leadership p,I would need to align my civilian goals ,Increased team building activities ,,,,,,,Yes,
2/22/2025 11:45:58,X3YF3 (1030th BN),Greater than 3 years but less than 6,No,Deployment pay and benefits ,Yes,Yes the student loan reimbursement is hard to use,No,Yes,Yes,Undecided,Yes,Yes,Yes,Bills,The pay. The differential between two days doing civilian work and here is really steep. Lose a lot of money every drill weekend ,I’m not interested if I cannot promote or get the schools I desire,Feed them and give them adequate rest,,,,,,,Yes,
2/22/2025 11:46:44,P1XAA (276th EN),Greater than 6 years but less than 12,Yes,No,No,,No,No,Yes,Yes,Yes,Yes,Yes,I always wanted to be apart of the military ,Not being able to get a secondary MOS,I am reenlisting because by the end of this contract I will be at 12years already over the mid way hump,"Leadership, and respect of rank",,,,,,,Yes,
2/22/2025 11:49:21,P1XAA (276th EN),Greater than 3 years but less than 6,No,No,Yes,Gi Bill/ no issues ,No,No,Yes,Yes,I am happy at my current unit,I am happy in my current MOS,Yes,School ,Na,Na,Na,,,,,,,No,
2/22/2025 12:00:22,P1XAA (276th EN),Less than 3 years,No,,No,,No,No,Yes,Undecided,I am happy at my current unit,I am happy in my current MOS,Yes,Counter drug,Nothing,Nothing sure yet,More awards,,,,,,,No,
2/22/2025 12:06:23,P1XAA (276th EN),Greater than 6 years but less than 12,Yes,,Yes,,No,No,Yes,No,No,No,Yes,Money for college,Can’t stand being in ,I hate being in the army ,Don’t care,,,,,,,No,
2/22/2025 12:07:34,P1XAA (276th EN),Greater than 3 years but less than 6,No,N/A,No,,No,Yes,Yes,Undecided,Yes,I am happy in my current MOS,Yes,Make a difference ,Leadership isn’t the same,N/A,Leadership needs to be held accountable the way the junior enlisted is ,,,,,,,Yes,
2/22/2025 12:07:35,P1XAA (276th EN),Less than 3 years,No,N/A,Yes,State TA,No,Yes,Yes,Undecided,I am happy at my current unit,No,Yes,To serve,N/A,"Civilian, Education, Family duties ",Motivation,,,,,,,Yes,
2/22/2025 12:11:54,P1XAA (276th EN),Greater than 3 years but less than 6,No,No,Yes,Gi Bill,No,No,Yes,Undecided,I am happy at my current unit,Yes,Yes,Flexibility ,Different Hobhy And career choices ,Undecided different career paths ,More events ,,,,,,,No,
2/22/2025 12:18:49,P1XAA (276th EN),Less than 3 years,Yes,,No,,No,No,Yes,No,I am happy at my current unit,I am happy in my current MOS,Yes,Benefits ,Lifestyle changes,Familial issues,Distributing workload,,,,,,,No,
2/22/2025 12:20:02,97PAA (91st Cyber),Greater than 6 years but less than 12,No,None,Yes,"Utilized GI BILL, POST 911, Work Study, and Tuition Waiver with the NVNG.",No,Yes,Yes,Yes,I am happy at my current unit,Yes,Yes,"Zero student loans, another chance in life.",N/A,N/A,N/A,,,,,,,Yes,
2/22/2025 12:24:20,X6TAA (329th HHC),Greater than 6 years but less than 12,No,No,No,,No,No,Yes,Undecided,I am happy at my current unit,Yes,Yes,Always had interest ,Not being informed about certain opportunities ,Just unsure ,More opportunities for deployment ,,,,,,,No,
2/22/2025 12:24:27,P1XAA (276th EN),Greater than 3 years but less than 6,No,,Yes,"State TA , none",No,No,Yes,Undecided,Yes,Yes,Yes,College benefits,None,Possible civilian job opportunities outside of the guard,More opportunities for schools ,,,,,,,No,
2/22/2025 12:34:47,P1XAA (276th EN),Greater than 3 years but less than 6,Yes,,No,,No,No,Yes,Yes,I am happy at my current unit,I am happy in my current MOS,Yes,Family,Nothing,Deployments,Leadership,,,,,,,No,
2/22/2025 12:40:13,P1XAA (276th EN),Less than 3 years,Yes,,No,,No,No,Yes,Undecided,I am happy at my current unit,Yes,Yes,School,N/A,N/A,N/A,,,,,,,No,
2/22/2025 12:49:28,P1XAA (276th EN),Greater than 6 years but less than 12,Yes,N/A,No,N/A,Yes,No,Yes,Yes,I am happy at my current unit,I am happy in my current MOS,Yes,Direction and guidance ,N/a,I’m just doing a year extension ,N-a,,,,,,,Yes,
2/22/2025 12:50:42,P1XAA (276th EN),Greater than 12 years,Yes,No,Yes,Ignite ,No,No,Yes,Yes,I am happy at my current unit,I am happy in my current MOS,Yes,Finance,None,I will extend ,None,,,,,,,Yes,
2/22/2025 12:57:06,P1XAA (276th EN),Greater than 6 years but less than 12,No,"No, I don’t ",No,,Yes,No,Yes,Yes,Yes,I am happy in my current MOS,Yes,Benefit,Benefits and work,I like to work in my MOS which can continue to progress in civilian. ,The motivation. ,,,,,,,Yes,
2/22/2025 13:00:44,PHMAA (111th FA BN),Greater than 12 years,Yes,No,Yes,No,Yes,Yes,Yes,Yes,Yes,I am happy in my current MOS,Yes,Service ,Family ,Family ,Better training opportunities ,,,,,,,Yes,
2/22/2025 13:07:50,P1XAA (276th EN),Less than 3 years,No,N/A,No,N/A,No,No,No,Undecided,Yes,I am happy in my current MOS,Yes,So my father could retire,My father died,Zero communication ,Better communication ,,,,,,,No,N/A
2/22/2025 13:08:01,PHPAA (1-116th INF BN),Less than 3 years,No,No,No,,No,No,Yes,No,No,Yes,Yes,Boredom,Politics and not a sense of fulfillment ,N/a,N/a,,,,,,,Yes,
2/22/2025 13:15:19,X6TAA (329th HHC),Greater than 12 years,No,No,Yes,GI Bill/TA,No,No,Yes,No,No,Yes,Yes,Family/ Murica,Time in Service / Lack of deployments,On a current reenlistment,Better Training Plans,,,,,,,Yes,
2/22/2025 13:15:28,P1XAA (276th EN),Greater than 12 years,Yes,No,No,,Yes,No,Yes,Undecided,No,No,Yes,To he a tech,Schedules ,Not alot,Give more recognition ,,,,,,,No,
2/22/2025 13:18:06,PHPAA (1-116th INF BN),Less than 3 years,No,,No,,No,No,Yes,No,No,Yes,Yes,Have a balance of civilian career and army career ,I do not enjoy my current unit,Not interested because i am more interested in furthering my civilian career ,More support and encouragement from leadership,,,,,,,No,
2/22/2025 13:22:04,P1XAA (276th EN),Less than 3 years,Yes,no,No,,No,No,Yes,No,No,No,Yes,freedom & still being able to be in the service ,nothing,"i’d say when you close one door you open another one, being tied down to the service ",be more engaging with them ,,,,,,,No,n/a
2/22/2025 13:23:24,X6TAA (329th HHC),Greater than 6 years but less than 12,Yes,Na,No,,No,Yes,Yes,No,No,Yes,Yes,To serve my country ,Negative situations / health ,Health , Na ,,,,,,,Yes,
2/22/2025 13:27:06,P1XAA (276th EN),Greater than 12 years,Yes,,Yes,Post 9/11,No,No,No,No,No,No,Yes,Supplement income,None,I'm retiring,Soldier care,,,,,,,Yes,
2/22/2025 13:28:16,XA3AA (1-116th 3rd BN),Greater than 6 years but less than 12,Yes,,Yes,Post 9/11,No,Yes,No,Undecided,I am happy at my current unit,Yes,Yes,Benefits,Morale,Reclass,N/a,,,,,,,Yes,
2/22/2025 13:31:04,P1XAA (276th EN),Greater than 12 years,No,No,Yes,TSA,No,No,Yes,Undecided,I am happy at my current unit,No,Yes,Rejoin the military ,No,Med Board ,None,,,,,,,Yes,
2/22/2025 13:31:55,P1XAA (276th EN),Greater than 12 years,Yes,No,Yes,Tuition Assistance ,No,No,Yes,Yes,I am happy at my current unit,Yes,Yes,Did 11 years Active Duty in the Marine Corps.  Wanted to continue to serve but have more regular life. ,I injured myself.  It’s been a morale hit. ,Enjoying what I do. Looking for more challenge. Trying to stay young,Just continue to provide schooling/training opportunities. ,,,,,,,Yes,
2/22/2025 13:48:00,P1XAA (276th EN),Less than 3 years,No,No,Yes,,No,No,Yes,Yes,Yes,Yes,Yes,I love it ,More responsible ,Good,Spiritual ,,,,,,,No,
2/22/2025 13:49:04,P1XAA (276th EN),Less than 3 years,No,,No,,No,Yes,No,No,No,No,No,Benefits ,No Desire to stay in ,Na,N/A,,,,,,,No,
2/22/2025 13:59:04,P1XAA (276th EN),Less than 3 years,Yes,,No,,No,Yes,Yes,No,No,No,No,Career change ,Nothing ,Nothing ,Nothing ,,,,,,,Yes,
2/22/2025 14:07:28,P1XAA (276th EN),Less than 3 years,No,,Yes,TA- no issues,No,No,Yes,Undecided,No,No,Yes,"Scholarships, benefits, and want to do medical MOS for soldiers",Nothing,"Still undecided, want to IST",N/A,,,,,,,No,
2/22/2025 14:11:03,P1XAA (276th EN),Less than 3 years,Yes,No,No,,Yes,Yes,Yes,Undecided,No,No,Yes,To serve my country and follow in a family tradition.,Poor leadership and failure to take care of soldiers.,Been screwed over way too many times to continue to allow career blocks.,Better training for higher leadership,,,,,,,Yes,
2/22/2025 14:14:03,P1XAA (276th EN),Greater than 12 years,Yes,,Yes,State TA,No,No,Yes,Undecided,I am happy at my current unit,Yes,Yes,College tuition,Not being able to change fields.,I have two years left on my contract,Better funding for training.,,,,,,,Yes,
2/22/2025 14:37:08,P1XAA (276th EN),Less than 3 years,No,,No,,No,No,Yes,Undecided,I am happy at my current unit,Yes,Yes,Military family ,Drill schedule ,Undecided ,Better companionship ,,,,,,,No,
2/22/2025 14:39:40,PHPAA (1-116th INF BN),Less than 3 years,No,N/A,No,,No,No,No,Undecided,I am happy at my current unit,I am happy in my current MOS,Yes,"Health, benefits, education etc.",nothing,N/A,Nothing,,,,,,,No,
2/22/2025 14:56:07,PHPAA (1-116th INF BN),Less than 3 years,No,no ,No,,Yes,No,Yes,Yes,I am happy at my current unit,I am happy in my current MOS,Yes,School ,School ,I would reenlist for the benefits. ,more sleep ,,,,,,,No,
2/22/2025 14:56:53,P1XAA (276th EN),Less than 3 years,No,N/A,Yes,"GI Bill, FAFSA",No,No,Yes,Undecided,I am happy at my current unit,I am happy in my current MOS,Yes,Educational benefits ,Nothing has negatively impacted my choice,The course of situations within the world,N/A,,,,,,,No,
2/22/2025 15:10:18,PHPAA (1-116th INF BN),Greater than 6 years but less than 12,Yes,NA,No,,No,Yes,Yes,Undecided,I am happy at my current unit,I am happy in my current MOS,Yes,"Service to country, education benefits",NA,NA,NA,,,,,,,Yes,
2/22/2025 15:48:02,PHPAA (1-116th INF BN),Less than 3 years,No,,No,,No,No,No,Undecided,Yes,Yes,Yes,Life changes,Leadership,Future benefits,I don’t know ,,,,,,,No,
2/22/2025 16:49:19,P1XAA (276th EN),Greater than 6 years but less than 12,No,No,Yes,GI Bill ,No,No,Yes,No,No,No,Yes,College Benefits ,Make more money  in my civilian,Make more money outside of the guard ,Don’t have any ,,,,,,,Yes,
2/22/2025 16:50:04,P1XAA (276th EN),Greater than 3 years but less than 6,No,,No,,No,No,Yes,No,No,No,Yes,To better myself for the future ,Time away from family.,I want spend more time with my family.,More soldiers care.,,,,,,,No,
2/22/2025 16:52:21,P1XAA (276th EN),Greater than 3 years but less than 6,Yes,,No,,No,No,Yes,Undecided,I am happy at my current unit,I am happy in my current MOS,No,"Had always wanted to join and serve my country, and state",Good soldiers not being properly recognized,Good soldiers not being properly recognized ,"Better planning for missions, and better recognition across all platoons ",,,,,,,Yes,"Bad soldiers are not held to the same standard as the good soliders, and good soliders are not properly rewarded for their contributions to the unit/ mission."
2/22/2025 16:54:24,P1XAA (276th EN),Greater than 3 years but less than 6,Yes,Not deploying ,No,,No,Yes,No,No,No,No,Yes,Education ,It’s not been good the entire time,Don’t want to waste time doing something that isn’t benefiting me,Listen to soldiers and get to know the deeper root cause of why people are unhappy,,,,,,,No,
2/22/2025 16:59:41,X3YF3 (1030th BN),Greater than 3 years but less than 6,No,,No,,Yes,No,Yes,Undecided,I am happy at my current unit,I am happy in my current MOS,Yes,Career,Nothing,Unethical ,Less down time ,,,,,,,No,
2/23/2025 6:46:21,PHMAA (111th FA BN),Greater than 3 years but less than 6,Yes,No,No,,No,No,No,No,No,No,Yes,Call of Duty,3 day drill becoming 4 days,Outgrew the military ,Being transparent of planning and having good food readily available ,,,,,,,No,
2/23/2025 8:40:55,P1XAA (276th EN),Greater than 12 years,Yes,No,Yes,GI bill,No,Yes,Yes,Undecided,I am happy at my current unit,No,Yes,Serve my county,Working with the guys,Retirement,Bring back the old way,,,,,,,Yes,
2/23/2025 8:44:13,P1XAA (276th EN),Greater than 3 years but less than 6,No,No,No,,Yes,No,Yes,Yes,I am happy at my current unit,I am happy in my current MOS,Yes,Family,Nothing,I want to deploy,Do more for the citizens ,,,,,,,Yes,
2/23/2025 8:49:18,P1XAA (276th EN),Greater than 12 years,Yes,No,No,,No,No,Yes,No,No,No,Yes,Give son GI bill,Nothing,Retirement ,Nothing,,,,,,,Yes,
2/23/2025 8:59:54,P1XAA (276th EN),Greater than 12 years,No,No,Yes,GI Bill,Yes,No,Yes,Yes,I am happy at my current unit,I am happy in my current MOS,Yes,Benefits,None,Enjoy my job and good benefits,More time to build relationships outside of drill,,,,,,,Yes,
2/23/2025 9:04:40,P1XAA (276th EN),Greater than 12 years,Yes,No,No,,Yes,Yes,Yes,Yes,I am happy at my current unit,I am happy in my current MOS,Yes,College ,The belief of retaining bad Soldiers just to meet metrics is what is actually driving retention down,The belief of retaining bad Soldiers just to meet metrics is what is actually driving retention down,"Get rid of dirt bag Soldiers expeditiously, especially if they're NCOs. National Guard doesn't have to to 'train' bad leaders",,,,,,,Yes,
2/23/2025 9:12:31,P1XAA (276th EN),Greater than 3 years but less than 6,Yes,Re-enlistment ,No,,No,No,Yes,Yes,I am happy at my current unit,I am happy in my current MOS,Yes,"Service, retirement ",NA,Continue my career to Warrant Officer,More training opportunities within MOS,,,,,,,Yes,
2/23/2025 9:13:01,P1XAA (276th EN),Less than 3 years,No,N/A,No,,No,No,Yes,No,No,No,Yes,My parents wanted me to have a better future and the more research I did the more interesting I became about enlisting in the Army national guard ,No negative ,I think after this deployment I already did my part in the army ,N/A,,,,,,,No,
2/23/2025 9:16:02,P1XAA (276th EN),Greater than 12 years,Yes,No,No,,Yes,Yes,Yes,Undecided,I am happy at my current unit,I am happy in my current MOS,Yes,Service ,NA,NA,NA,,,,,,,Yes,
2/23/2025 9:17:33,P1XAA (276th EN),Greater than 12 years,Yes,none,No,none,Yes,No,Yes,Yes,I am happy at my current unit,I am happy in my current MOS,Yes,college/ tricare,none,none,better food,,,,,,,Yes,
2/23/2025 9:17:49,P1XAA (276th EN),Greater than 12 years,No,,No,,Yes,No,Yes,Yes,I am happy at my current unit,Yes,Yes,Job,Accountability , N/a,More discipline,,,,,,,Yes,
2/23/2025 9:28:39,P1XAA (276th EN),Greater than 12 years,Yes,None,Yes,None,No,No,Yes,No,I am happy at my current unit,I am happy in my current MOS,Yes,A job/ career, Reached 20 years of service,20 year retirement,None,,,,,,,Yes,
2/23/2025 9:28:53,P1XAA (276th EN),Greater than 3 years but less than 6,No,No,No,,No,No,Yes,Undecided,I am happy at my current unit,Yes,No,Benefits ,Unorganized ,Unorganized ,More communication and organization ,,,,,,,No,
2/23/2025 9:31:54,X6TAA (329th HHC),Greater than 12 years,Yes,No,No,,No,No,Yes,Yes,Yes,Yes,Yes,Benefits ,Long travel to drill,"I want to be closer to
Home ",Awards day ,,,,,,,Yes,
2/23/2025 9:33:34,P1XAA (276th EN),Greater than 12 years,Yes,,Yes,Gi bill,Yes,No,Yes,Undecided,Yes,Yes,Yes,Gibill,Nothing ,Retirement ,None ,,,,,,,Yes,
2/23/2025 9:35:42,P1XAA (276th EN),Greater than 12 years,Yes,No,Yes,Gave spouse college,No,Yes,Yes,Undecided,No,Yes,Yes,To explore carrer opportunities ,Just want to deploy  more,Want to explore reserve,More soldier mwr ,,,,,,,Yes,
2/23/2025 9:36:54,P1XAA (276th EN),Greater than 12 years,Yes,No,Yes,Post 911,No,No,Yes,No,No,No,Yes,Service ,Same ,Retirement ,Na,,,,,,,Yes,
2/23/2025 9:36:58,P1XAA (276th EN),Greater than 3 years but less than 6,No,Bonus,No,,No,No,Yes,Yes,I am happy at my current unit,I am happy in my current MOS,Yes,Benefits,Organization,Benefits,Organization,,,,,,,Yes,
2/23/2025 9:46:16,PE1AA (229th Engineer),Greater than 6 years but less than 12,Yes,Yes,Yes,Yes,No,Yes,Yes,Yes,I am happy at my current unit,I am happy in my current MOS,Yes,Calling to serve my ,No,For the extra money,Having effectively communication with Recruiters ,,,,,,,No,
2/23/2025 9:58:55,P1XAA (276th EN),Less than 3 years,No,,No,,No,No,No,No,No,No,Yes,The experience ,Time & money away from work,I lose money away from work on drill weekends,Showing more empathy towards soldiers health,,,,,,,No,
2/23/2025 10:01:39,P1XAA (276th EN),Greater than 3 years but less than 6,Yes,N/a,Yes,GI BILL,No,No,Yes,Undecided,No,No,Yes,Happiness ,N/a,N/a,N/a,,,,,,,No,
2/23/2025 10:02:57,P1XAA (276th EN),Less than 3 years,No,,No,,No,Yes,Yes,Undecided,No,Yes,Yes,Wanted second job,Unknown,"family life, voluntary commitment, foreign intervention ",Unknown,,,,,,,No,
2/23/2025 10:07:18,P1XAA (276th EN),Greater than 12 years,No,No,Yes,None,No,No,Yes,Yes,I am happy at my current unit,I am happy in my current MOS,Yes,To serve my country ,None,I plan to make it to 20 years,Nothing,,,,,,,Yes,
2/23/2025 10:08:04,P1XAA (276th EN),Greater than 6 years but less than 12,Yes,No,Yes,"Post 9/11, state/fed ta",No,No,Yes,Yes,Yes,I am happy in my current MOS,Yes,Education,Benefits/friends,To retire,Additional schools,,,,,,,Yes,
2/23/2025 10:08:58,PHMAA (111th FA BN),Greater than 12 years,No,No,No,,No,No,Yes,Yes,Yes,Yes,Yes,Continue my service,None. ,I am interested,Get more seats available to promote,,,,,,,No,
2/23/2025 10:13:49,P1XAA (276th EN),Less than 3 years,No,,No,,No,No,Yes,Undecided,I am happy at my current unit,I am happy in my current MOS,Yes,"Service, education ",Nothing,I enjoy the army ,Nothing,,,,,,,No,
2/23/2025 10:14:19,P1XAA (276th EN),Greater than 6 years but less than 12,No,,No,,No,No,Yes,No,No,No,Yes,Wanted more. ,N/a,Ready to move on,Care more about the soldiers ,,,,,,,Yes,
2/23/2025 10:18:06,PE1AA (229th Engineer),Greater than 12 years,No,Yes,No,,Yes,Yes,Yes,Yes,Yes,Yes,Yes,Merica,Nothing,I’ll be back,Hard work,,,,,,,No,
2/23/2025 10:18:45,P1XAA (276th EN),Greater than 12 years,Yes,My father,No,,Yes,No,Yes,Yes,Yes,Yes,Yes,Health insurance,Nothing,None,None,,,,,,,Yes,
2/23/2025 10:20:27,P1XAA (276th EN),Greater than 6 years but less than 12,No,No,No,,Yes,No,Yes,Yes,I am happy at my current unit,I am happy in my current MOS,Yes,Father,Nothinh,I enjoy serving ,None,,,,,,,No,
2/23/2025 10:21:58,P1XAA (276th EN),Greater than 12 years,Yes,No,No,,No,No,Yes,Yes,Yes,Yes,Yes,Better career advancement ,Nothing,Life long dream as a career,Transparency 100% of the time,,,,,,,Yes,
2/23/2025 10:24:18,P1XAA (276th EN),Greater than 6 years but less than 12,No,No,No,,No,No,Yes,Undecided,No,No,Yes,Benefits,N/A ,N/A,N/A,,,,,,,No,
2/23/2025 10:24:51,PHPAA (1-116th INF BN),Less than 3 years,No,n/a,Yes,Rotc scholarship,No,No,Yes,Yes,Yes,Yes,Yes,Monetary assistance,n/a,n/a,n/a,,,,,,,No,
2/23/2025 10:25:00,P1XAA (276th EN),Greater than 6 years but less than 12,Yes,Yes,Yes,TA,No,Yes,Yes,Undecided,I am happy at my current unit,Yes,Yes,Prefer not to answer ,Personal life,Impacts civilian career,None,,,,,,,Yes,
2/23/2025 10:25:07,P1XAA (276th EN),Greater than 3 years but less than 6,No,Benefits and type of pay and money we will receive by being deployed,No,,No,No,Yes,Yes,I am happy at my current unit,I am happy in my current MOS,Yes,Benefits,Work overload,I will be extending,More company collaborated events,,,,,,,Yes,
2/23/2025 10:26:11,P1XAA (276th EN),Greater than 12 years,Yes,No,Yes,State,Yes,No,Yes,Yes,I am happy at my current unit,I am happy in my current MOS,Yes,Pension,Cerfp,Na,"No mandatory crfp
",,,,,,,Yes,
2/23/2025 10:26:25,P1XAA (276th EN),Greater than 6 years but less than 12,Yes,No,Yes,Gi bill,No,Yes,Yes,No,No,No,Yes,School,Nothing,I got what I needed,Better food,,,,,,,No,
2/23/2025 10:27:21,P1XAA (276th EN),Greater than 3 years but less than 6,No,Ets is middle of deployment ,No,,No,No,Yes,No,No,No,Yes,Kids,Structure of military ,No,Better time use,,,,,,,No,
2/23/2025 10:28:07,P1XAA (276th EN),Greater than 6 years but less than 12,No,N/A,No,,No,No,Yes,Yes,I am happy at my current unit,I am happy in my current MOS,Yes,Close to home,Pay and bonuses,I'm interested in extending ,More money,,,,,,,No,
2/23/2025 10:28:50,P1XAA (276th EN),Greater than 12 years,Yes,No,No,,Yes,No,Yes,Yes,I am happy at my current unit,Yes,Yes,Wanted a career,Nothing,Over the hump pushing for 20 years.,More operating equipment ,,,,,,,Yes,
2/23/2025 10:29:52,P1XAA (276th EN),Greater than 6 years but less than 12,Yes,,No,,No,Yes,No,No,No,No,No,A recruiter,Toxic environment,Toxic environment,Better leadership and environment,,,,,,,No,Less narcissistic leadership 
2/23/2025 10:33:22,P1XAA (276th EN),Greater than 3 years but less than 6,No,No,No,,No,No,Yes,Undecided,I am happy at my current unit,I am happy in my current MOS,Yes,School assistance,Nothing,Undecided. ,Adding in fitness events and competitions for morale. ,,,,,,,Yes,
2/23/2025 10:33:28,P1XAA (276th EN),Greater than 12 years,Yes,Yes,Yes,Gi bill post 911,No,Yes,Yes,No,No,No,Yes,N/A,N/A,N/A,N/A,,,,,,,Yes,
2/23/2025 10:34:45,P1XAA (276th EN),Greater than 12 years,Yes,No,Yes,TA,No,No,Yes,Yes,I am happy at my current unit,I am happy in my current MOS,Yes,TA,Nothing,Insurance,Clear goals and missions for upcoming deployment. Complete transparency,,,,,,,Yes,
2/23/2025 10:35:40,P1XAA (276th EN),Less than 3 years,Yes,Yes,No,,No,Yes,No,No,No,No,Yes,Join with wife ,To much time away from family with this deployment now that I have a baby,I’m done . Just want spend more time with family and feel I got what I wanted from the military. Not happy about it took a year for me to get pay my bonus and I had to check every month. ,Pay your soldiers on time. Make drills more efficient and let use go home earlier. Give us better food than MRE when we can’t leave base. Let us use the gym at Barfoot. ,,,,,,,No,
2/23/2025 10:38:29,P1XAA (276th EN),Less than 3 years,No,No,No,,No,Yes,No,No,No,No,No,School,Disorganization ,I’m ready to be done,More team building exercises ,,,,,,,No,I feel targeted
2/23/2025 10:40:46,P1XAA (276th EN),Greater than 12 years,Yes,No,Yes,911,No,No,Yes,Undecided,I am happy at my current unit,I am happy in my current MOS,Yes,Paying for college and helping the Commonwealth of Virginia ,N/A,Family and personal commitment ,Hold leadership accountable for the lack of leadership ,,,,,,,Yes,
2/23/2025 10:41:17,P1XAA (276th EN),Greater than 12 years,Yes,No,Yes,GI Bill/Post 9/11,No,No,Yes,Yes,I am happy at my current unit,I am happy in my current MOS,Yes,Felt the need was there for me to join. Wanted to make a difference ,None,N/A,"Continue to be positive, and teach the knowledge that I have.",,,,,,,Yes,
2/23/2025 10:43:41,P1XAA (276th EN),Less than 3 years,No,,No,,No,No,Yes,Yes,Yes,Yes,Yes,"Education, change of lifestyle, be part of a bigger picture, explore the world ","How slow the guard is, the education and how state fundings work towards education ",I am still interested just not with the guard ,The structure ,,,,,,,Yes,
2/23/2025 10:44:18,P1XAA (276th EN),Greater than 6 years but less than 12,Yes,,No,,No,Yes,Yes,Undecided,Yes,No,Yes,Benefits ,Poor leadership ,Want to start a family ,Soldier care,,,,,,,No,
2/23/2025 10:46:46,P1XAA (276th EN),Less than 3 years,Yes,No,No,,No,No,Yes,No,I am happy at my current unit,No,Yes,Love my country ,None ,Age ,Everything ,,,,,,,No,
2/23/2025 10:47:19,P1XAA (276th EN),Greater than 3 years but less than 6,No,No,No,,No,No,Yes,Yes,Yes,I am happy in my current MOS,Yes,Tuition,Benefits,Benefits and serving,Nothing ,,,,,,,Yes,
2/23/2025 10:48:05,PE1AA (229th Engineer),Greater than 3 years but less than 6,No,No,No,,No,No,Yes,Yes,I am happy at my current unit,I am happy in my current MOS,Yes,Friend ,Nothing ,Better my future for retirement ,Better chow ,,,,,,,No,
2/23/2025 10:48:56,P1XAA (276th EN),Greater than 6 years but less than 12,No,No,Yes,Montgomery Bill,Yes,No,Yes,Yes,Yes,Yes,Yes,Tuition assistance ,None,N/A,N/A,,,,,,,Yes,
2/23/2025 10:50:33,P1XAA (276th EN),Greater than 6 years but less than 12,Yes,No,No,,No,Yes,Yes,Undecided,I am happy at my current unit,Yes,Yes,College help originally ,"Late bonus, management issues ","Gaslighting, lack of mental health officers, etc",As stated above ,,,,,,,Yes,
2/23/2025 11:00:38,P1XAA (276th EN),Greater than 12 years,Yes,No,No,,No,Yes,No,Undecided,Yes,I am happy in my current MOS,No,Finances,Soldier care,No comment,Better system for transferring or promotion,,,,,,,Yes,Just my opinion
2/23/2025 11:02:02,PE1AA (229th Engineer),Less than 3 years,No, No,No,,No,No,Yes,Undecided,No,No,Yes,Job opportunities ,Nothing ,Undecided at the moment ,Nothing,,,,,,,No,
2/23/2025 11:08:32,P1XAA (276th EN),Greater than 3 years but less than 6,Yes,No,Yes,"Go Army Ed, Army ignited",No,No,Yes,Yes,I am happy at my current unit,I am happy in my current MOS,Yes,Opportunities ,The effects of being away from wife and children for prolonged periods of time.,I am interested in continuing my military career with the Air Force National Guard to learn a different experience of the military.,My battalion is good. The leaders are positive and uplifting.,,,,,,,Yes,
2/23/2025 11:12:33,P1XAA (276th EN),Less than 3 years,No,No,No,,No,No,Yes,Yes,Yes,Yes,Yes,Always wanted to join,Nothing,Like being in the guard,Better communication in some areas ,,,,,,,No,
2/23/2025 11:16:23,P1XAA (276th EN),Greater than 12 years,Yes,None,No,,No,No,Yes,Yes,I am happy at my current unit,I am happy in my current MOS,Yes,Best option for me ,Nothing,I want to retire with full benifits,Better food,,,,,,,Yes,
2/23/2025 11:24:35,P1XAA (276th EN),Less than 3 years,No,,Yes,FTA ,No,No,Yes,Yes,I am happy at my current unit,Yes,Yes,Education benefits ,Nothing ,Nothing ,No changes ,,,,,,,No,
2/23/2025 11:29:43,P1XAA (276th EN),Greater than 3 years but less than 6,No,"Basic safety, likely will seek council regarding anxiety for the upcoming deployment. ",No,,No,No,Yes,Undecided,Yes,Yes,Yes,"School benefits, networking, life experience ","“Sit around and wait”, poor planning, bureaucracy","It is too much time before my ets date to tell, as well as looking at other branches (air guard)",More freedom to attend religious services ,,,,,,,No,
2/23/2025 11:32:26,P1XAA (276th EN),Greater than 6 years but less than 12,Yes,Medical waviers,Yes,Tuition assistance ,No,No,Yes,Yes,I am happy at my current unit,Yes,Yes,To serve my country ,High and height,I'm planing to do 20 years ,Get ride of high and height ,,,,,,,Yes,
2/23/2025 11:35:01,P1XAA (276th EN),Greater than 3 years but less than 6,No,No,Yes,"Federal Tuition Assistance, no issue. Chapter 1606, the VA still hasn’t put me into their system even though I completed all forms on time.",No,Yes,No,No,No,No,Yes,"Personal development, school benefits, other benefits.","Maturing, realizing I don’t want to stay in forever.",I feel I have done my part and it is time to move on.,"Better chow, no frozen box lunches for dinner.",,,,,,,No,
2/23/2025 11:35:12,P1XAA (276th EN),Greater than 12 years,Yes,Pay,Yes,State TA,Yes,No,Yes,Yes,I am happy at my current unit,Yes,Yes,Family,Toxic leadership ,I am reenlisting ,More unit projects ,,,,,,,Yes,
2/23/2025 11:40:15,P1XAA (276th EN),Greater than 3 years but less than 6,No,N/A,No,,No,Yes,Yes,Yes,I am happy at my current unit,I am happy in my current MOS,Yes,I felt like it,N/A,Because I want to ,My commander is doing a good job.,,,,,,,Yes,
2/23/2025 11:48:17,P1XAA (276th EN),Greater than 12 years,Yes,,Yes,,No,No,Yes,Undecided,I am happy at my current unit,I am happy in my current MOS,Yes,To check off my list,Nothing,For my own benefit,Nothing,,,,,,,Yes,
2/23/2025 11:49:58,P1XAA (276th EN),Greater than 12 years,Yes,No,Yes,Financial Aid/No,No,No,Yes,Undecided,I am happy at my current unit,I am happy in my current MOS,Yes,Friends,Spouse Health,Spouse Health. Might not live if no organ,None,,,,,,,No,N/a
2/23/2025 11:50:49,P1XAA (276th EN),Greater than 3 years but less than 6,No,,Yes,Montgomery GI Bill,No,No,Yes,No,I am happy at my current unit,No,Yes,Educational Benefits,N/A,Interested in IRR,N/A,,,,,,,Yes,
2/23/2025 11:59:40,P1XAA (276th EN),Greater than 3 years but less than 6,No,N/A,Yes,State tuition assistance ,No,No,Yes,Undecided,I am happy at my current unit,I am happy in my current MOS,Yes,College,I am no longer in school,I have no decided ,Better resources for advancing career as a 68W,,,,,,,Yes,
2/23/2025 12:00:40,P1XAA (276th EN),Greater than 6 years but less than 12,Yes,No,No,,No,No,No,No,Yes,I am happy in my current MOS,No,Money ,Slow progress ,Didn’t get promoted ,Promoting them ,,,,,,,Yes,N/a
2/23/2025 12:07:42,P1XAA (276th EN),Greater than 12 years,Yes,,No,,Yes,No,Yes,No,No,No,Yes,Serve county after 9/11,Ets is after 20 years ,No,Nothing ,,,,,,,Yes,
2/23/2025 12:08:29,P1XAA (276th EN),Less than 3 years,No,"Yes location, what we going be expecting arriving there and. What benefit I can get to continue growing in rank",No,,No,No,No,Undecided,I am happy at my current unit,Yes,Yes,Family reason and to growth as person,Organizations ,Organizations and communication ,Better  communication with my company ,,,,,,,No,
2/23/2025 12:10:35,P1XAA (276th EN),Greater than 3 years but less than 6,No,No,Yes,In State Tuition,Yes,No,Yes,Undecided,I am happy at my current unit,I am happy in my current MOS,Yes,"Schooling, experience, and opportunity.",Life changes outside of military. ,Not sure if I am or not yet. ,Nothing I can think of. ,,,,,,,Yes,
2/23/2025 12:12:46,P1XAA (276th EN),Less than 3 years,No,No,No,,Yes,No,Yes,Yes,Yes,Yes,Yes,"I joined for the benefits, to serve my country and state, and to be apart of something bigger than myself",Nothing,I see potential for myself to grow significantly if I can stay in the National Guard,Nothing as of right now,,,,,,,No,
2/23/2025 12:13:01,P1XAA (276th EN),Greater than 12 years,Yes,No,Yes,Federal TA assistance ,No,No,Yes,No,No,No,Yes,Lifestyle change ,Nothing ,I already re-enlisted for 6 years ,Nothing ,,,,,,,Yes,
2/23/2025 12:14:44,P1XAA (276th EN),Less than 3 years,No,No,Yes,Montgomery bill,No,No,Yes,No,I am happy at my current unit,No,Yes,Schooling ,Nothing really ,Pursue my career,Not sure,,,,,,,No,
2/23/2025 12:15:44,P1XAA (276th EN),Greater than 6 years but less than 12,No,No,No,,No,No,Yes,Undecided,I am happy at my current unit,I am happy in my current MOS,Yes,"School 
",Nothing ,Idk ,More money ,,,,,,,Yes,
2/23/2025 12:30:58,P1XAA (276th EN),Greater than 3 years but less than 6,Yes,,Yes,TA,No,No,Yes,No,No,No,Yes,Better life,My life on outside,I just finished RN school,Better moral ,,,,,,,No,
2/23/2025 12:32:20,P1XAA (276th EN),Greater than 3 years but less than 6,No,No,Yes,Gi bill state and federal tuition assistance ,Yes,No,Yes,Yes,I am happy at my current unit,Yes,Yes,School,Commitment,Changing mos to radiology specialist ,None,,,,,,,No,
2/23/2025 12:36:40,P1XAA (276th EN),Less than 3 years,No,,No,,No,No,Yes,Undecided,I am happy at my current unit,I am happy in my current MOS,Yes,I promised my grandpa ,Nothing really ,I want to grow in my civilian career ,More company celebrations ,,,,,,,No,
2/23/2025 12:36:40,P1XAA (276th EN),Greater than 3 years but less than 6,No,Yes,Yes,State TA,Yes,Yes,Yes,Undecided,I am happy at my current unit,Yes,Yes,Education ,Debt,Undedecided,Engagement ,,,,,,,No,Schools/Promotions
2/23/2025 12:36:40,P1XAA (276th EN),Less than 3 years,No,If I can prioritize my education instead ,No,,No,Yes,Yes,No,I am happy at my current unit,I am happy in my current MOS,Yes,Education and state service ,Isolation ,Undecided ,Don't waste their time ,,,,,,,No,
2/23/2025 12:36:47,P1XAA (276th EN),Greater than 3 years but less than 6,Yes,No,Yes,"TA and GI Bill, I had issues when they changed how state TA worked to make it a reimbursement",No,No,Yes,Yes,I am happy at my current unit,I am happy in my current MOS,Yes,Education benefits/ family legacy,Nothing,I’m interested in extending to deploy with my unit and after deployment I no longer want to stay in,More easy access to education benefits and help using them,,,,,,,Yes,
2/23/2025 12:36:49,P1XAA (276th EN),Greater than 6 years but less than 12,Yes,None,Yes,Montgomery gi bill,Yes,No,Yes,Yes,I am happy at my current unit,No,Yes,Recruiter,No,Im ready enlisting,None,,,,,,,Yes,
2/23/2025 12:37:20,P1XAA (276th EN),Less than 3 years,No,,Yes,Tuition Assistance ,No,No,Yes,Undecided,I am happy at my current unit,I am happy in my current MOS,Yes,School and wanting to become an officer ,none,n/a,more interactive team bonding activities ,,,,,,,No,
2/23/2025 12:37:43,P1XAA (276th EN),Less than 3 years,No,,No,,Yes,No,Yes,Undecided,I am happy at my current unit,Yes,Yes,School,Nothing,Going active,I have none,,,,,,,No,
2/23/2025 12:37:54,P1XAA (276th EN),Greater than 6 years but less than 12,No,No,No,,No,No,No,Undecided,Yes,Yes,Yes,Life change ,Nothing ,More money ,Balance between work and play ,,,,,,,No,
2/23/2025 12:38:31,P1XAA (276th EN),Greater than 6 years but less than 12,Yes,,No,,No,No,Yes,Undecided,I am happy at my current unit,I am happy in my current MOS,Yes,"Reenlisted out of the army, reserve component into the National Guard for better opportunities",None,N/A,Be a good NCO. ,,,,,,,Yes,
2/23/2025 12:39:36,P1XAA (276th EN),Greater than 3 years but less than 6,Yes,Yes,Yes,SLRP,No,No,Yes,Undecided,I am happy at my current unit,I am happy in my current MOS,Yes,Benefits and service to others,None,Considering,None,,,,,,,Yes,
2/23/2025 12:41:04,P1XAA (276th EN),Greater than 12 years,Yes,I do not want to deploy ,Yes,TA,No,Yes,No,No,No,No,No,Got out of active duty,Everything mentally ,I am physically broken and tired ,None,,,,,,,Yes,Do not want to answer 
2/23/2025 12:44:38,P1XAA (276th EN),Greater than 12 years,Yes,No,No,N/a,Yes,No,Yes,Yes,I am happy at my current unit,I am happy in my current MOS,Yes,To serve my county,Politics,I love my job,N/a,,,,,,,Yes,
2/23/2025 12:48:51,P1XAA (276th EN),Greater than 12 years,No,Financial ,Yes,Recently using the federal TA,No,Yes,Yes,Yes,Yes,I am happy in my current MOS,Yes,Service and health insurance ,Na ,Na,Air Force chow lol,,,,,,,No,
2/23/2025 12:51:22,P1XAA (276th EN),Greater than 6 years but less than 12,No,No,No,,Yes,No,Yes,Undecided,I am happy at my current unit,I am happy in my current MOS,Yes,Family,I am still motivated to stay in the guard ,I want to reenlist at my contract end,Wish everyone had more motivation ,,,,,,,Yes,
2/23/2025 12:58:14,P1XAA (276th EN),Greater than 6 years but less than 12,No,No,No,,Yes,No,Yes,Yes,I am happy at my current unit,I am happy in my current MOS,Yes,Give back to my county ,NA,I’m a T32 ,Less worthless training and more unit cohesion and team building exercises. ,,,,,,,Yes,
2/23/2025 13:02:46,P1XAA (276th EN),Less than 3 years,No,No,Yes,Tuition Assistance ,No,No,Yes,Undecided,I am happy at my current unit,I am happy in my current MOS,Yes,School ,Time away from my child ,I would like to focus on my career,Nothing ,,,,,,,No,
2/23/2025 13:14:19,P1XAA (276th EN),Greater than 12 years,Yes,,No,,No,Yes,Yes,Undecided,Yes,Yes,Yes,Tricare,Lack of communication,"I am interested in extending and staying, but I would like to pursue different career opportunities outside my MOS",Treat people as adults and hold other accountable,,,,,,,Yes,
2/23/2025 13:16:49,P1XAA (276th EN),Greater than 3 years but less than 6,Yes,More firm information on mission and timeframes. ,Yes,"GI Bill, no issues",No,No,Yes,Yes,I am happy at my current unit,I am happy in my current MOS,Yes,Help with school. ,National Guard has been an obstacle at times. I missed some school for SAD duty and getting activated. ,I like the people in my unit. ,"More focus on soldier care. Hot chow and better planning for drills, ie barracks closer to chow hall etc",,,,,,,Yes,
2/23/2025 13:22:32,P1XAA (276th EN),Greater than 6 years but less than 12,No,,No,,No,No,Yes,No,No,No,Yes,End of my active career,Married and time,To have more free time with my life ,Less briefings ,,,,,,,No,
2/23/2025 13:22:57,P1XAA (276th EN),Greater than 6 years but less than 12,No,No,Yes,Post 911 GI Bill,No,No,Yes,No,No,No,Yes,Benefits/ education ,Life style ,Want to finish school and start my career,180th is awesome ,,,,,,,No,
2/23/2025 13:33:26,P1XAA (276th EN),Greater than 3 years but less than 6,Yes,NA,Yes,Ch 1606,No,No,Yes,No,No,No,Yes,College Benefits ,Poor leadership ,Just did it for school,NA,,,,,,,No,
2/23/2025 13:34:36,P1XAA (276th EN),Greater than 12 years,Yes,,No,,No,No,Yes,Yes,I am happy at my current unit,Yes,Yes,College opportunities ,None,Want to reach my 20 years in the military ,Better the communication between soldiers ,,,,,,,No,
2/23/2025 13:43:18,P1XAA (276th EN),Less than 3 years,No,No,No,,No,No,Yes,Yes,I am happy at my current unit,Yes,Yes,I love my country ,Non,Cause I love it ,Better communication ,,,,,,,No,
2/23/2025 13:53:12,P1XAA (276th EN),Greater than 3 years but less than 6,No,,Yes,VA state,No,Yes,Yes,No,No,No,Yes,Money,Not what I want to do,Not what I want to do,N/a,,,,,,,Yes,
2/23/2025 13:54:08,P1XAA (276th EN),Less than 3 years,No,No,No,N\A,No,Yes,Yes,Undecided,I am happy at my current unit,I am happy in my current MOS,Yes,Family,None,I’ll worry about that when it comes time. I would like to include some military schools in my next contract.,None,,,,,,,No,
2/23/2025 14:04:48,PE1AA (229th Engineer),Greater than 3 years but less than 6,No,No,No,,No,No,Yes,Yes,I am happy at my current unit,Yes,Yes,Was bored over summer and family military history ,Lack of communication within unit,Deployment,Better communication ,,,,,,,Yes,
2/26/2025 13:42:19,777AA (R&R),Greater than 12 years,No,Na,Yes,"Gi bill, state TA and federal TA",No,Yes,Yes,Yes,I am happy at my current unit,I am happy in my current MOS,Yes,School,"People, time and the environment ",I’ve been in to long to leave ,Follow through with promises made and take care of soldiers.,,,,,,,Yes,
2/26/2025 13:43:01,777AA (R&R),Greater than 12 years,Yes,,Yes,State tuition ,Yes,No,Yes,Yes,I am happy at my current unit,I am happy in my current MOS,Yes,Education ,Leadership ,No bonus,Everyone get the same treatment no favorite ,,,,,,,Yes,
2/27/2025 11:26:35,P1XAA (276th EN),Greater than 6 years but less than 12,Yes,"Lack of deployment opportunities, even for volunteers. ",Yes,"State tuition assistance (no issues)
Federal tuition assistance (no issues under GoArmyED, but Army IgnitED is an absolute nightmare). IgnitED required dozens of hours to submit a request only to have the request denied, resubmitted, denied, then approved but an incorrect amount paid out. Thankfully I was in a financial situation where I could pay the school upfront and wait for reimbursement but I recognize that the vast majority of soldiers are not in that position. The Army uses TA as a recruiting and retention tool, but routinely fails to deliver on it. ",No,Yes,No,No,No,No,No,"The opportunity to serve the country, pay for school, and deploy.","The absolute nightmare of using army systems to request tuition assistance and bonuses, and the reticence of the VaARNG to allow its members to deploy, especially with units outside the state through MOBCOP.","1) Poor leadership especially at the O4/O5 level. While this has an immediate detrimental affect on organizational effectiveness, it has a long term affect when junior Soldiers, officer and enlisted, see poor behavior and poor leadership being rewarded. This creates a vicious cycle. 

2) Blatant cover ups of disciplinary problems. In my time i have witnessed AGR staff blatantly cover up multiple instances of fraternization, with two suicides related to the cases receive and deliberately ignore a sexual harassment and borderline sexual assault report, mishandle another sexual harassment and sexual assault report, a ln MDay commander and an AGR blatantly mishandle an EO report and investigation, and attempting to minimize the suicide of an AGR soldier. 

3) Blatant race-based favoritism particularly relating to membership in a race-based college fraternity. 

4) Favoritism in selection for field grade opportunities like CGSOC. 

5) Routine failures to understand training management and resourcing resulting in wasted time and money/resources for no benefit to the unit or Soldiers. The 276th would routinely execute training events out of cycle, improperly resourced, or simply because they would result in a ‘cool’ Facebook post rather than it being nested in the unit’s ReARMM cycle or resourcing prior to execution.","Educate leaders on how to lead and manage their units and then actually hold them accountable when they fail. Every single issue that I have mentioned here has been discussed on multiple climate surveys by myself and other soldiers and in face to face discussions with multiple O6s, yet the so called leaders remain in the Guard and continue to be promoted and assigned to positions of higher authority. If you know you have cancer and refuse to treat it, you can’t be surprised when you die of cancer. It’s that simple. The VaARNG is well down that path.",,,,,,,Yes,"Leadership that leads and is competent in the branch and rank to which they are assigned. As a company commander, I routinely had to correct my battalion commander, XO, and S3, one of whom was an AGR, on simple administrative and tactical functions which I would expect a platoon leader or company XO to understand. They routinely failed to understand or implement training management principles, again something a platoon leader or company XO should understand, resulting in subordinate leader frustration and attempts to execute training events not aligned with the unit lifecycle or properly resourced. 

Multiple members of the AGR staff over the years routinely degraded MDay Soldiers or subordinate AGR/ADOS Soldiers simply because they could. Even worse, in many cases the AGR Soldier was factually incorrect. Both AGR Soldiers have since been promoted and know hold positions of higher authority as a battalion commander and battalion OIC respectively. "
2/28/2025 17:32:45,PE1AA (229th Engineer),Greater than 6 years but less than 12,Yes,,Yes,,No,Yes,No,Undecided,Yes,I am happy in my current MOS,No,Service as well as betterment of my life,"Pay issues, and issues regarding available resources/incentives",The biggest reason I'm considering not extending are the pay issues regarding travel reimbursement for most school,Impactful guidance throughout service life,,,,,,,Yes,
3/1/2025 10:16:24,97PAA (91st Cyber),Greater than 12 years,Yes,,Yes,Tuition Assitance,No,Yes,No,Yes,Yes,Yes,No, 20K bonus. Win ,"My interaction with Senior NCO’s when it came to a desire to assist soldiers on pay issues or assisting in mentorship, schools request, or handling mismanaged of funding. ",I want to reenlist. I signed reenlistment paperwork on January 30th. It is March 1st. My reenlistment has not been processed. ,"NCOs should engage with their soldiers at all levels. Senior NCOs should conduct basic battlefield circulations across the brigade. Since we are all in one building, it’s very easy to walk around talk with soldiers, ask them about their day, are their any issues leadership should be aware of. I have never seen a CSM or 1SG eat with the soldiers. More often than not, they eat different food and usually in a different location outside of the armory away from soldiers. Many senior NCOs hide away in their offices with the doors shut. More often than not, it is easier to engage with an O5 or an O6 than with an E8 or E9.",,,,,,,Yes,"Soldier care, the current command team does not care about getting soldiers PME or MOSQ"
4/10/2025 17:07:55,PE1AA (229th Engineer),Greater than 3 years but less than 6,Yes,No,Yes,State tuition assistance ,No,No,Yes,No,No,Yes,Yes,College benefits and a feeling of patriotism,I don’t like the environment created by some of the NCOs who demean their soldiers.,I would like to continue my civilian career and further my education and the Army would make that difficult as I’d like to relocate to a different area.,Practice EO and respect of soldiers.,,,,,,,Yes,
4/10/2025 17:18:46,PE1AA (229th Engineer),Less than 3 years,No,No,No,,No,No,Yes,Undecided,I am happy at my current unit,I am happy in my current MOS,Yes,"Always my dream
",Not much,Undecided,Unsure,,,,,,,No,
4/12/2025 9:21:49,X6SF3 (529th BN),Greater than 3 years but less than 6,Yes,N/A,Yes,"Gi bill, state tuition assistance ",No,Yes,Yes,No,I am happy at my current unit,Yes,Yes,Pay for school ,Negative leadership ,I have gained all the resources that i seeked when initially joining the military. I feel as though my time has come to an end and it is now a burden ,Fireside chats with junior enlisted and taking their griefs abd making reasonable changes,,,,,,,No,
4/12/2025 12:09:34,X3YF3 (1030th BN),Greater than 3 years but less than 6,Yes,,Yes,"Virginia state tuition assistance 
Federal tuition assistance 
The change of when the tuition assistance pays after the semester. And student has to pay out of pocket. I am using tuition assistance because I cannot afford school not to get it after. ",No,Yes,No,Yes,Yes,No,No,Wanted to be in the military from young. Likes the physical challenge  ,"Leadership doesn’t care about lower enlisted. Full time staff does their work half way. Unit doesn’t give proper awards to people who deserve or doesn’t see what everyone contributes. Lower enlisted do all the busy work while SOME officers sit around, not all. Higher enlisted think that rank excludes them from being active and helping around. Instead they sit and do nothing as well. Or too proud to do enlisted work. 
Drill is a waste of time and we still leave at 5-6pm. If we actually did something then there would be less complaints. A lot of time gets wasted when things could be done much quicker. BIG ONE-PEOPLE GETTING PROMOTED THAT SHOULDNT BE GETTING PROMOTED. Some e-4 promoting to e-5 physically and mentally cannot lead with or without experience or knowledge. Everyone knows but they still get promoted.",Leadership mostly not doing their work properly. Wasted time. ,Follow schedule for the day. Incorporating team building. Leadership actually doing their job the whole and right way. We are all one team. Not affecting others soldiers when one soldiers is the problem. Proper leadership in leadership position. ,,,,,,,Yes,Spend drill time more wisely 
4/12/2025 13:45:16,X6SF3 (529th BN),Greater than 6 years but less than 12,No,No,No,,No,No,No,No,Yes,Yes,No,I was straight out of high school & needed a way out of my previous living situation ,"My leadership changed multiple times, communication is a major issue, I feel like I come to drill and waste my time because not much gets done of importance. ",I am not re-enlisting because my wife experience in the military has not been pleasant. I was ready to be done back in basic training so to come to my unit & still hate the military says a lot. There’s no morale whatsoever so overall 117rd has made me not want to consider another unit or stay in the national guard at all,"Better soldier care, leave earlier than 5:30 if we’re just sitting around in our cars, more unit bonding/family days. Everyone in 117rd sticks to their friend groups/rank groups so there’s people who have worked together for 6 years who have never even spoken to each other. Better communication, more thoroughly planned drill weekends. ",,,,,,,No,"Most leadership I’ve come across only cared about themselves. I once had my squad leader tell me. “Do what you want, I’ll still get a paycheck either way.” "
4/13/2025 10:53:28,X6SF3 (529th BN),Greater than 3 years but less than 6,Yes,,Yes,Tuition assistance ,Yes,No,Yes,No,No,No,Yes,"School, VA home loan. ",Change is inevitable but the efficiency of the unit should be consistent. ,"I joined for school, I tried it out but it didn’t workout for me. Now that I have found the career path that I am truly interested in, I can pursue it without being tied to a unit every month and two weeks out of the year. The thing that bothers me the most is sitting around and waiting for nothing to happen. ",Have retention work sooner than later. This conversation would’ve been great half way through my contract ! I may have considered it. Nothing will change my decision at this point. ,,,,,,,No,
4/13/2025 15:26:03,X6SF3 (529th BN),Greater than 3 years but less than 6,Yes,No,No,,No,No,Yes,Undecided,I am happy at my current unit,I am happy in my current MOS,Yes,To remove myself from the negative environment I grew up in,Personal regrets ,"I am open to re-enlisting, because I want to make up for lost time and utilize my benefits. ","I would give soldiers the opportunity to connect more with the right people, to help them make decisions for future dreams and goals that they would like to accomplish. ",,,,,,,No,
5/1/2025 16:16:32,X58AA (183rd CAV),Greater than 3 years but less than 6,Yes,,Yes,Kicker ,Yes,No,Yes,Yes,I am happy at my current unit,I am happy in my current MOS,Yes,Stepping stone,Na,I built something with the guard family.,N/a,,,,,,,No,
5/1/2025 18:21:10,X58AA (183rd CAV),Greater than 3 years but less than 6,No,no,Yes,TA,No,No,Yes,Yes,I am happy at my current unit,Yes,Yes,Benefits ,Lack of communication ,na,Be more on top of soldier care,,,,,,,No,
5/1/2025 18:23:29,X58AA (183rd CAV),Greater than 3 years but less than 6,Yes,No,Yes,TA,No,No,Yes,Undecided,Yes,Yes,No,Better life opportunities ,Not being able to attend army schools unless last minute notice ,I have friends in other units who seem to always be able to go to schools and I have been waiting 5 years for an air assault slot so I eventually stoped caring.,Better opportunities to advanced there role in the unit other than just showing up and doing the same thing every month ,,,,,,,Yes,School opportunities 
5/3/2025 9:37:59,UAXAA (224th Aviation),Greater than 3 years but less than 6,Yes,,Yes,Montgomery GI Bill,No,No,No,No,No,No,Yes,Help with college,Felt belittled ever since I joined my real unit and it hasn't changed since then.,"I am choosing not to reenlist due to the circumstances above but also I don't see any relavance continuing down this path. This is due to my chosen path of going into the medical field, and the Army doesn't offer what I seek that appeals to me. I also don't want to put my life on hold for a deployment while or before nursing school.",Nothing that would benefit all.,,,,,,,Yes,
5/7/2025 15:23:34,X58AA (183rd CAV),Greater than 3 years but less than 6,Yes,Where and when,Yes,"Chapter 1606, federal TA",Yes,No,Yes,Undecided,Yes,Yes,Yes,Vibes,Lack of care by leadership/change of opinion on military,"Don’t think I care for military values as much as I used to, I enjoy the people and the skills it takes to get a mission done",Basically impossible when you have a clown secdec,,,,,,,Yes,Be able to be of use to unit mission
5/7/2025 15:41:36,X58AA (183rd CAV),Greater than 6 years but less than 12,Yes,No,Yes,GI Bill and No,Yes,No,Yes,Yes,I am happy at my current unit,I am happy in my current MOS,Yes,Service and Benefits ,Nothing,I like what I do so I'm Reenlisting and to get my full retirement ,"More active and ""hard"" training",,,,,,,Yes,
5/7/2025 15:43:40,X58AA (183rd CAV),Less than 3 years,No,,No,,Yes,Yes,No,No,Yes,Yes,Yes,I was told I would be promoted to E5 and I wanted the bonus ,My enlistment in the Virgina NG has been short,I would not stay here if I had the choice because I have to drive to Virgina beach just to load onto a bus for a 3 hour bus ride. That’s absolutely ridiculous. ,Yall don’t even consider this anyways ,,,,,,,Yes,
5/7/2025 15:48:10,X58AA (183rd CAV),Greater than 3 years but less than 6,No,No,Yes,TA federal,Yes,No,Yes,Undecided,Yes,Yes,Yes,Legacy ,"No schools even with great ACFT scores and fast promotions with being recognized for hard work. Schools as in air assault, mountain warfare, etc.... even after asking",I'm not right now because I don't feel as if I truly growing. ,"More open with when schools are, open it up and ask everyone when and who wants what, work on reclass quicker for those soldiers who asked for it. More updates to them as well because most are in the dark with status, needs, and things of that nature. ",,,,,,,Yes,
5/7/2025 16:03:28,X58AA (183rd CAV),Greater than 3 years but less than 6,Yes,,Yes,"STAP, FTA. ",No,No,Yes,Yes,Yes,I am happy in my current MOS,Yes,N/A,"High rate of change over in company and platoon leadership resulting in constant organization changes for squads and platoons. Hard to train effectively or learn a role when constantly trying to establish new working relationships with new leaders and squadmates (while also, in most cases, in a new role within a squad). ",N/A,Allow soldiers more time to become proficient in a role in training and have the opportunity to develop the skills necessary to help train others in that role before moving them to a different position. ,,,,,,,Yes,
5/7/2025 21:17:17,X58AA (183rd CAV),Less than 3 years,Yes,No,No,N/A,No,No,Yes,Yes,I am happy at my current unit,I am happy in my current MOS,Yes,Being able to do the job and still be able to live a normal life.,N/A,I wish to continue developing as a soldier ,More training activities.,,,,,,,No,N/A
6/16/2025 11:34:18,PHMAA (111th FA BN),Greater than 12 years,No,Can I stay in the office?,Yes,State federal TA,No,No,No,No,No,I am happy in my current MOS,Yes,Stability ,Lack of accountability in Senior Leadership ,2030,Accountability ,,,,,,,Yes,
6/16/2025 11:34:23,PHMAA (111th FA BN),Greater than 6 years but less than 12,Yes,No,No,,Yes,Yes,Yes,Yes,No,Yes,Yes,To get away from home,Nothing,I extended already ,Effective communication and soldier care,,,,,,,Yes,
6/20/2025 11:16:36,PE1AA (229th Engineer),Less than 3 years,No,,No,,No,No,Yes,Undecided,I am happy at my current unit,Yes,Yes,Tuition benefit ,The effect of the guard on my everyday life,I want to have kids but don’t want to do that while in the guard,Make the lower enlisted feel more heard,,,,,,,No,
6/20/2025 11:23:16,ZGEAA (429th BN),Greater than 12 years,Yes,,Yes,GI Bill,No,No,Yes,Yes,Yes,Yes,Yes,College money,Nothing,Going warrant,Nothing,,,,,,,Yes,
6/20/2025 11:25:03,PHMAA (111th FA BN),Greater than 6 years but less than 12,No,No,No,,No,No,Yes,No,No,Yes,Yes,Country,Unpredictable timelines and unrealistic expectations and Muta 6+,I don’t have enough time with my family,Not having extended ATs and Muta 6+,,,,,,,Yes,
6/20/2025 11:25:35,PHMAA (111th FA BN),Greater than 12 years,Yes,N/A,No,,No,Yes,Yes,Yes,Yes,I am happy in my current MOS,Yes,To serve and earn some extra money,"Increased OPTEMPO, increased number of MUTA 8 drills",I am going to reenlist because I am less than 5 years from myb20,Ensure that recruited soldiers are intelligent and motivated,,,,,,,Yes,
6/20/2025 11:25:51,PHPAA (1-116th INF BN),Greater than 3 years but less than 6,Yes,None,Yes,GI bill,No,No,Yes,No,No,No,Yes,College ,None,None,Stop getting smoked,,,,,,,No,
6/20/2025 11:26:12,PHMAA (111th FA BN),Greater than 12 years,Yes,No,Yes,Post 9/11 GI Bill,No,No,Yes,Undecided,Yes,Yes,Yes,Benefits ,Disorganization of the VA ARNG compared to other states,Extended to finish out for retirement ,"Better food in garrison/home station, better planning at higher echelons to minimize last minute changes to unit training ",,,,,,,Yes,
6/20/2025 11:26:51,PHPAA (1-116th INF BN),Greater than 12 years,Yes,,No,,No,No,Yes,Yes,I am happy at my current unit,I am happy in my current MOS,Yes,Peer Pressure,Nothing,Happy with my unit,MWR days during Annual Training ,,,,,,,Yes,
6/20/2025 11:29:35,PHPAA (1-116th INF BN),Greater than 12 years,Yes,NA,Yes,gI bill,Yes,Yes,No,Undecided,Yes,I am happy in my current MOS,No,Education ,Poor leadership and pay issues ,See above ,Proper rest cycle and leadership actually implementing soldiers care ,,,,,,,Yes,"Over worked, with very poor rest cycle in the field "
6/20/2025 11:29:47,PHPAA (1-116th INF BN),Greater than 3 years but less than 6,Yes,"Yes, where/when?  Hoping its a combat deployment, will likely not extend for deployment if it is poland or a similar training rotation.",Yes,State guard tuition assistance ,No,Yes,Yes,Undecided,I am happy at my current unit,I am happy in my current MOS,Yes,"Education, wanting to do something more w life","Cooks, the food, (the new platoon sized mre meals cooks serve us are aweful, not enough food etc). We used to have steak and burgers and cooked food.","After years of asking, school slots finally coming down, excited about career for first time in a while.  Down time at drilll where in limbo is not good for morale or readiness… sports teams get more done in 2 hour practice than we do in 50 hr drill.  Focus on good reps amd motivated training.","Food, make the cooks do their job.  Alot of guys have trouble w civilian careers due to drill that makes it unreasonable to stay in.",,,,,,,Yes,
6/20/2025 12:04:09,8BJAA (JFHQ),Greater than 12 years,Yes,None,Yes,Gi bill,No,No,Yes,Yes,Yes,Yes,Yes,Active to Guard bonus,Promotion opportunity ,I am interested in staying,None,,,,,,,Yes,
6/20/2025 12:09:32,PHMAA (111th FA BN),Greater than 3 years but less than 6,Yes,What’s the timeline looking like for deployment and when do we get our orders?,Yes,Federal TA,No,No,Yes,Yes,I am happy at my current unit,Yes,Yes,Education benefits ,Soldiers who don’t listen to rules and regulation get awarded while soldiers who do listen do not get recognition ,Re-enlisting due to comrades ,Solider first instead of mission first mentality,,,,,,,No,
6/20/2025 12:12:20,PHPAA (1-116th INF BN),Greater than 3 years but less than 6,No,No,No,,No,Yes,Yes,No,No,No,Yes,18x,I failed selection ,Can’t ,No,,,,,,,Yes,
6/20/2025 12:22:07,ZGEAA (429th BN),Greater than 6 years but less than 12,Yes,No,No,,No,Yes,No,Undecided,Yes,No,No,Family ,Leadership ,Just not ,Company leadership ,,,,,,,No,
6/20/2025 12:28:10,PHMAA (111th FA BN),Greater than 3 years but less than 6,No,,No,,No,Yes,No,Undecided,No,Yes,No,I’ve always wanted to join the military ,Not getting paid for over 7-8 months,Undecided ,More/better MWR days,,,,,,,No,
6/20/2025 12:29:39,PHMAA (111th FA BN),Less than 3 years,No,No,No,,No,No,Yes,Undecided,I am happy at my current unit,I am happy in my current MOS,Yes,Control over where I live/work life balance ,N/A,N/A,"Better planning, better soldier care…better food, facilities, resources ",,,,,,,Yes,
6/20/2025 12:31:09,XA3AA (1-116th 3rd BN),Greater than 6 years but less than 12,Yes,No ,Yes,TA,No,No,Yes,Yes,I am happy at my current unit,I am happy in my current MOS,Yes,Patriotism ,Do not wish to answer. (Not applicable to my current unit),"Sense of purpose, belonging. Family and experiences. I love taking care of Soldiers.",St Lo is amazing ,,,,,,,Yes,N/A
6/20/2025 12:33:51,X6TAA (329th HHC),Greater than 3 years but less than 6,Yes,,No,,No,No,Yes,Undecided,No,Yes,Yes,School,Nothing,Idk,None,,,,,,,No,
6/20/2025 12:34:20,PHPAA (1-116th INF BN),Greater than 6 years but less than 12,Yes,,No,,No,No,Yes,Undecided,I am happy at my current unit,I am happy in my current MOS,Yes,Hooah,"Poor soldier care, money, promotion ",Don’t see anything changing retention pretends to care but doesn’t actually follow thru,"Doing cool things instead of the same train for 12 months, schools and etc",,,,,,,Yes,
6/20/2025 12:34:38,PHPAA (1-116th INF BN),Less than 3 years,Yes,,Yes,Federal ta and state ta and yes ,No,Yes,No,Undecided,Yes,Yes,No,Education and wanting to be better than myslef,Unit leadership ,Unit leadership expresses toxicity and possible EO violation ,Change leadership and actually care about your  soldiers,,,,,,,No,EO violations and favoritism 
6/20/2025 12:35:46,PHMAA (111th FA BN),Less than 3 years,No,N/a,No,N/a,No,No,Yes,Undecided,I am happy at my current unit,I am happy in my current MOS,Yes,To become a better medical professional while serving others,Not enough medical related training,Uncertain of future plans,More time training on relevant topics to our MOS,,,,,,,No,N/a
6/20/2025 12:37:04,PHPAA (1-116th INF BN),Less than 3 years,No,,No,,No,Yes,Yes,No,Yes,Yes,Yes,My recruiter was very convincing,Deploying to combat,My family life would be a lot harder if I extended as well as my work life would be impacted because I wouldn’t be able to get promoted at my job. ,Have more events for the soldiers because soldier care is at the heart of the Army and our soldiers matter the most. ,,,,,,,No,
6/20/2025 12:38:22,PE1AA (229th Engineer),Greater than 6 years but less than 12,Yes,No,No,,Yes,Yes,Yes,Yes,I am happy at my current unit,I am happy in my current MOS,Yes,To serve ,No negatives have impacted me enough to not stay in,To continue serve ,Common fucking sense among leaders at high echelons ,,,,,,,Yes,
6/20/2025 12:39:01,PHPAA (1-116th INF BN),Greater than 3 years but less than 6,Yes,No,No,,No,No,No,Undecided,Yes,Yes,Yes,National pride,Family,Family ,Not sure,,,,,,,No,
6/20/2025 12:39:30,PE1AA (229th Engineer),Greater than 3 years but less than 6,No,,Yes,Merchant Mariners licensing,No,Yes,No,Undecided,I am happy at my current unit,Yes,Yes,Serving my country,Lack of schools,Na,Na,,,,,,,No,
6/20/2025 12:42:46,XA3AA (1-116th 3rd BN),Greater than 6 years but less than 12,Yes,No,Yes,SLRP/MGIB,No,No,No,Undecided,Yes,Yes,Yes,Service,Leadership,I have 9 years might as well do more ,Not getting stuck by lightning and sleeping outside in it,,,,,,,Yes,
6/20/2025 12:45:19,XA3AA (1-116th 3rd BN),Greater than 6 years but less than 12,Yes,No,No,,No,No,Yes,Undecided,I am happy at my current unit,Yes,Yes,Needed money,Better civilian job,Better opportunity outside military,N/A,,,,,,,No,
6/20/2025 12:45:26,X3YF3 (1030th BN),Greater than 12 years,Yes,Nope,Yes,Federal/State TA,No,No,Yes,Yes,I am happy at my current unit,I am happy in my current MOS,Yes,Service to my country ,"Promotion mix ups; promised benefits that didn’t get fulfilled, discrimination ",Job security,Follow through on benefits; make schools more accessible; don’t make recruiting a unit responsibility,,,,,,,Yes,
6/20/2025 12:46:49,PHPAA (1-116th INF BN),Less than 3 years,Yes,Will I be able to complete my masters degree overseas?,Yes,"State TA, and Montgomery gi bill",No,Yes,Yes,Undecided,No,No,No,Needed a restart in life,"Toxic environment, cliquey",I’m not interested in going into detail. ,Should probably stop constantly changing plans and should’ve pre planned missions months ahead of time instead of just continuously changing plans and messing up rest plans,,,,,,,No,There’s nothing I need to say. 
6/20/2025 12:48:38,PE1AA (229th Engineer),Less than 3 years,Yes,N/A,Yes,It takes a while to get the benefits.,Yes,No,Yes,Yes,Yes,I am happy in my current MOS,Yes,Education help,N/A,I love the military so I would re-enlist,Making sure everyone is satisfied and get any help they need,,,,,,,No,N/A
6/20/2025 12:48:49,ZGEAA (429th BN),Greater than 12 years,Yes,No,No,,No,No,No,No,Yes,No,Yes,The Marines did not provide a medical field and I did not like the navy uniforms,My actual real life career as a police officer because I am a K9 handler and public safety EOD tech,The time away from my actual career puts others at risk and strains resources from surrounding jurisdictions when I am missing ,Actually listen to soldiers and take their actual actual career in consideration. ,,,,,,,No,
6/20/2025 12:49:38,ZGEAA (429th BN),Greater than 3 years but less than 6,No,,Yes,Federal Tuition Assistance- difficulty with obtaining prior to classes being released,No,Yes,Yes,Yes,I am happy at my current unit,I am happy in my current MOS,Yes,"Serve my country, and education benefits ","Didn’t feel like I finished yet, interested in taking more courses/classes","Interested in more classes/schools-
Not interested due to family planning/raising children",N/A,,,,,,,No,
6/20/2025 12:50:38,ZGEAA (429th BN),Less than 3 years,No,,No,,No,No,Yes,Undecided,I am happy at my current unit,I am happy in my current MOS,Yes,Military ID,None,Benefits,Nine,,,,,,,No,
6/20/2025 12:52:05,PHPAA (1-116th INF BN),Greater than 6 years but less than 12,Yes,,Yes,G.I. Bill,No,Yes,Yes,No,No,No,No,Not sure.,The time requirement and the influence that it has on my career outside of the military. They can’t directly punish me but they still do in ways.,I never want to deploy.,I would greatly improving the planning process and information distribution to the lowest level. The lack of detailed planning or rushed training events degrades the quality of training.,,,,,,,Yes,I feel as if I’m just another number.
6/20/2025 12:52:58,8BJAA (JFHQ),Greater than 6 years but less than 12,Yes,,Yes,Post 9/11 GI Bill,Yes,Yes,No,Yes,Yes,I am happy in my current MOS,No,To continue my service after active duty and serve Virginia ,Inadequate leadership ,"I need ALC for my 420 warrant application. I am constantly asking for the class, and not receiving any responses. My Life and career can't be put on hold snd held hostage any more ",Help get questions answered ,,,,,,,Yes,My emails and IPPSA tickets go unanswered 
6/20/2025 12:54:05,PHMAA (111th FA BN),Greater than 6 years but less than 12,No,No,No,,No,No,Yes,No,No,Yes,Yes,Country,Unpredictable timelines and unrealistic expectations and Muta 6+,I don’t have enough time with my family,Not having extended ATs and Muta 6+,,,,,,,Yes,
6/20/2025 12:54:22,PHPAA (1-116th INF BN),Greater than 12 years,Yes,No,No,,No,No,No,No,Yes,Yes,No,Wanted to serve my state,Decisions by CoC that let me know my welfare does not matter at all,I or my expertise have no vale ,"Have decision makers listen to those with paticular expertise
Don't screw Soldiers",,,,,,,Yes,"Doing my job
Being heard"
6/20/2025 13:00:54,PE1AA (229th Engineer),Less than 3 years,No,"Not presently, no.",No,,No,No,Yes,Yes,Yes,Yes,Yes,"I wanted to better myself while performing a federal public service. At the same time, I also wanted to challenge myself while acquiring new skills in life.","Well, at the moment I am looking into OCS at Fort Barfoot. I would like to utilize my MA degree and gain more leadership skills. I am just a little disappointed that I could've started an officer path at the beginning of my contract, even though my recruiter told me it wasn't an option in my case. That's all.",I am interested in serving until retirement and gaining as much experience as possible for my entire professional career. I am aiming to continue bettering myself and acquiring a PhD through the Military.,I would provide them with further incentive and more equipment that would allow them to perform their duties better and more effectively. Anything that I could do to better their work environment in a military manner is what I would do to improve their morale.,,,,,,,No,
6/20/2025 13:01:06,X58AA (183rd CAV),Greater than 12 years,Yes,Na,Yes,Yes,Yes,No,Yes,Yes,I am happy at my current unit,I am happy in my current MOS,Yes,Service,Transformation ,Na,Nothing ,,,,,,,Yes,
6/20/2025 13:01:33,PHMAA (111th FA BN),Greater than 6 years but less than 12,Yes,,Yes,"EAP, GI Bill",Yes,No,Yes,Undecided,Yes,Yes,Yes,"Service to the nation, education benefits, retirement ",Physical demand of the job,Undetermined this time as I currently have years left on current contract.  ,Clear communication across the board. It appears Battalion communication is consistently unclear that is pushed out to the Battery’s ,,,,,,,Yes,
6/20/2025 13:03:15,X58AA (183rd CAV),Greater than 12 years,Yes,No ,Yes,No ,No,Yes,Yes,Yes,Yes,Yes,Yes,College,Perspective ,N/A,N/A,,,,,,,Yes,
6/20/2025 13:12:09,XA3AA (1-116th 3rd BN),Greater than 12 years,Yes,No,Yes,9/11 GU,Yes,No,Yes,Undecided,No,I am happy in my current MOS,Yes,September 11th,Nothing,Still got 4 more to complete,Morale events,,,,,,,Yes,
6/20/2025 13:13:48,ZGEAA (429th BN),Greater than 3 years but less than 6,No,No,No,No,No,Yes,No,No,No,Yes,No,Peer pressure ,Leadership,Higher enlisted feels entitled to anything because of their rank ,I don’t know ,,,,,,,No,No
6/20/2025 13:16:54,PE1AA (229th Engineer),Greater than 6 years but less than 12,Yes,,Yes,"STA, GI bill",No,No,Yes,Yes,I am happy at my current unit,Yes,Yes,Career choice,My temper ,"No benefit, no incentive, same guard. ","Give bonuses for reenlistment to ALL soldiers, provide training to soldiers who want to go to school and utilize their benefits. Also provide step by step processes to enjoy all benefits that are provided by the guard that only 10% know about",,,,,,,Yes,
6/20/2025 13:17:45,ZGEAA (429th BN),Greater than 12 years,Yes,I dont know if im deploying in the next 12 months. ,No,,No,Yes,Yes,No,No,No,Yes,The scholarship for school,The lack of attention to basic soldier care like millage to and from drill and lack of lodging on IDT weekends for those driving 150 miles +. Its been partially addressed recently but funding ran out only a few months in. Our armorys are not suitable lodging given their present states.,Same answer as above. If I had at least a hotel room on drill weekend I would stay in much longer.,"Again, lodging in kind during drill weekend for soldiers driving across the state of Virginia.",,,,,,,Yes,
6/20/2025 13:27:57,X58AA (183rd CAV),Greater than 6 years but less than 12,No,,Yes,State TA,No,No,Yes,Undecided,Yes,Yes,Yes,School,The people,I am to retire ,"More morale flights, those were awesome",,,,,,,No,
6/20/2025 13:30:59,PHMAA (111th FA BN),Less than 3 years,No,,No,,No,Yes,Yes,Undecided,I am happy at my current unit,Yes,Yes,Family benefits ,Expectations ,Not looking forward to deploying ,No answer,,,,,,,No,
6/20/2025 13:34:45,PE1AA (229th Engineer),Less than 3 years,No,No,Yes,Army ignited ,Yes,No,Yes,Yes,Yes,Yes,Yes,Benefits ,None,None,None,,,,,,,No,
6/20/2025 13:37:33,ZGEAA (429th BN),Less than 3 years,Yes,No,Yes,State Ta,No,Yes,Yes,Yes,Yes,Yes,No,Schooling ,Leadership,Experience ,Leadership,,,,,,,Yes,
6/20/2025 13:39:22,PE1AA (229th Engineer),Greater than 6 years but less than 12,Yes,No,Yes,Fed TA,Yes,No,Yes,Yes,No,Yes,Yes,TuitionAssistance,The BDEs lack of supporting down trace BNs,Because I get to shoot guns and do land nav,Give out how the boards work for promotions by points etc for E6 and above. (The criteria) Like many other states do instead of soloing and being open to scrutiny. ,,,,,,,Yes,
6/20/2025 13:52:09,PHPAA (1-116th INF BN),Less than 3 years,Yes,No,Yes,Montgomery Gibill,No,Yes,No,No,No,No,No,School and money,Lack of communication and the unit treating me like an adult ,Terrible 1st SSG that only cares about his ranking up,Better communication and being there for the soldiers when they need help. Also don’t treat a soldier negative. Also if we’re called the best unit by everyone don’t treat us like shit.,,,,,,,No,Respect and understand my needs 
6/20/2025 13:59:04,PHPAA (1-116th INF BN),Less than 3 years,No,,Yes,Montgomery GI SR,No,No,No,No,No,No,No,School and serving my countries people.,Face paint being required.,"Lack of communication up and down the chain of command, leadership not having great communication skills, being told that split request will not be considered, being lied to about schedules, having to do other MOS jobs for them like KP duty, food being poor in quality and quantity, lack of selection for schools, being treated like a child and not being respected and being treated like we are not responsible, having to wear face paint even though it is pointless.","Fix the food, fix the speed of communication, not wear face paint, be better organized.",,,,,,,No,Being treated like a competent adult and not like a child with no responsibility or respect.
6/20/2025 14:03:33,XA3AA (1-116th 3rd BN),Greater than 3 years but less than 6,Yes,No,Yes,Va guard tuition reimbursement,No,No,Yes,Yes,I am happy at my current unit,Yes,Yes,Opportunity to serve and do cool stuff ,Bad commander,N/a,Change of commander (company,,,,,,,Yes,
6/20/2025 14:04:11,ZGEAA (429th BN),Greater than 12 years,Yes,N/A,Yes,GI Bill,No,Yes,Yes,Yes,I am happy at my current unit,Yes,Yes,Left AD and wanted to continue service,Promotion capabilities ,To continue AGR service,Transparency in upward mobility across the state and an increase in available schools. ,,,,,,,Yes,
6/20/2025 14:04:22,ZGEAA (429th BN),Less than 3 years,No,no,No,,No,No,Yes,Undecided,I am happy at my current unit,I am happy in my current MOS,Yes,1weekend a month and 2 weeks during the summer,the heat,ts is NOT 1 weekend a month and 2 weeks in the summer,more hotdogs,,,,,,,No,
6/20/2025 14:05:43,X58AA (183rd CAV),Greater than 3 years but less than 6,Yes,I’m not deploying ,Yes,STAP and Federal tuition assistance ,No,No,Yes,No,No,No,Yes,Pay for school,Getting married,Do not want to deploy again,I don’t know,,,,,,,No,I feel valued 
6/20/2025 14:07:30,V6VAA (1-116th),Greater than 3 years but less than 6,No,No,No,,No,No,Yes,Undecided,Yes,I am happy in my current MOS,Yes,To serve my community state and country ,Cooth with how orders are given ,I would like to get back to a unit closer to where I live. I got promoted out and I cannot deny promotions ,More polite leadership where applicable ,,,,,,,No,
6/20/2025 14:09:08,PE1AA (229th Engineer),Greater than 3 years but less than 6,No,No,No,,No,No,Yes,No,No,Yes,Yes,I wanted to do somthing.,Nothing,Nothing,More funding for equipment ,,,,,,,Yes,
6/20/2025 14:09:55,ZGEAA (429th BN),Greater than 12 years,Yes,No,Yes,GI Bill,No,Yes,No,No,No,No,No,I transitioned from active duty. ,I have been an E-5 since 2018 and have been denied any promotion due to error on my leadership’s part. Or I have been unable to obtain a promotion due to the limited number of slots in the state. ,"The National Guard places a giant burden of stress on my life. I show up to drill and am treated like a child during my time on duty. All of my time and experience across the army amount to exactly nothing. Enlisted soldiers are treated as though they’re irrelevant and they know it. Just the thought of having to attend drill makes me wince. 
Not to mention all of the time spent away from family. The days of my life that could have been spent productively advancing my life, were thrown into the garbage by my decision to re-enlist into the Army National Guard. My ETS date is in a few short months. I haven’t been happier in years. I can finally start living my life without the burden of SAD duty call ups, completely disorganized missions like Jan 6th, or potential irrelevant deployments to places like Qatar to do nothing for a year. ",The Military is the most abusive relationship I have ever been in. They promise they’ll stop drinking and the minute a soldier re-enlists the Army says “where’s my bottle so I can finish it and then beat you with it”. A good place to start would be to make soldiers feel as valued all the time as you tell them they are when you’re begging them to re-enlist. ,,,,,,,Yes,"I am an NCO with 13 years of experience in multiple MOSs with active duty time. The officers of the 429th treat their NCOs as though they were privates, with no regard for the amount of time or experience they have. "
6/20/2025 14:13:13,PE1AA (229th Engineer),Greater than 3 years but less than 6,No,,Yes,No,No,No,Yes,Undecided,I am happy at my current unit,Yes,Yes,Experience,None,I enjoy being in the army as a part time,Better/modern equipment,,,,,,,No,
6/20/2025 14:21:07,PHPAA (1-116th INF BN),Greater than 3 years but less than 6,Yes,No,Yes,Gi bill,No,Yes,No,No,Yes,Yes,No,Serve my country,SFC Osborne of A co 1-116th is a horrible leader,SFC Osborne ,Change leadership ,,,,,,,Yes,Leadership is horrible 
6/20/2025 14:21:48,PHPAA (1-116th INF BN),Less than 3 years,No,,No,,No,Yes,Yes,Yes,I am happy at my current unit,Yes,No,I wanted to join the military at a younger age while still in school,Sleep,I’m doing my 20 years,Sleep,,,,,,,No,
6/20/2025 14:23:16,PHPAA (1-116th INF BN),Less than 3 years,Yes,,Yes,"State TA, Federal TA",No,Yes,Yes,Undecided,Yes,Yes,Yes,Education benefits,Long ATs,Interference with professional development.,Better food,,,,,,,No,
6/20/2025 14:23:17,V5KAA (29th DIV),Greater than 3 years but less than 6,No,,No,,Yes,No,Yes,Undecided,Yes,Yes,Yes,Family ,Nothing ,AGR job,More sleep ,,,,,,,Yes,
6/20/2025 14:41:38,ZGEAA (429th BN),Greater than 6 years but less than 12,Yes,,Yes,,No,No,Yes,Undecided,I am happy at my current unit,I am happy in my current MOS,Yes,Tuition,Not receiving enough MOS specific training since AIT,Undecided,I feel my leadership does a good job at accommodating soldiers as much as they are able to,,,,,,,No,
6/20/2025 14:42:37,PE1AA (229th Engineer),Greater than 6 years but less than 12,Yes,N/A,Yes,Post 9/11 GI Bill,No,No,Yes,Yes,I am happy at my current unit,Yes,Yes,Service to country/health care,Low standards in the Army.,N/A,Better communication.,,,,,,,Yes,
6/20/2025 14:42:45,X58AA (183rd CAV),Greater than 3 years but less than 6,No,,Yes,TA & GI Bill,No,No,Yes,No,No,No,Yes,Pay for college ,Nothing ,Already have a job in the civilian world ,None ,,,,,,,No,
6/20/2025 15:03:12,PHMAA (111th FA BN),Greater than 3 years but less than 6,No,,Yes,,No,Yes,Yes,Yes,Yes,Yes,Yes,School,Nothing yet,Im re enlisting,Nothing ,,,,,,,No,
6/20/2025 16:12:03,XA3AA (1-116th 3rd BN),Greater than 6 years but less than 12,Yes,No,Yes,SLRP/MGIB,No,No,No,Undecided,Yes,Yes,Yes,Service,Leadership,I have 9 years might as well do more ,Not getting stuck by lightning and sleeping outside in it,,,,,,,Yes,
6/20/2025 16:58:52,PE1AA (229th Engineer),Less than 3 years,No,,Yes,Army ignited ,Yes,No,Yes,Undecided,Yes,Yes,Yes,Benefits ,Stuck in undesired MOS ,I’m unaware of currently bonuses ,None ,,,,,,,No,
6/20/2025 19:37:57,ZGEAA (429th BN),Greater than 3 years but less than 6,No,,No,,No,No,Yes,Yes,Yes,Yes,Yes,Just wanted to be part of the military and to help out. ,No bonuses or incentives,To give my daughter the gi bill and the bonus ,Team building exercises to boot morale ,,,,,,,No,
6/24/2025 11:27:11,PHPAA (1-116th INF BN),Less than 3 years,No,,No,,No,No,No,No,No,No,No,Hdh,Hzhs,Hshs,Hsuah,,,,,,,No,
6/26/2025 13:00:00,PHPAA (1-116th INF BN),Greater than 3 years but less than 6,Yes,No,Yes,In state tuition offered by Virginia Tech,No,Yes,No,No,No,No,No,In state tuition ,"MUTA 5’s and 6’s. 
3 and 4 week Annual trainings.
Dumbed down training objectives which do not show readiness for global deployment but are OER bullet points for officers. 
To many goals for single weekends. Realistic training plans within the weekend time frame
Paperwork being stuck but always sent completed as soon as it is inquired about. No efficient way for checking in on the process besides contacting the admin/readiness NCO",I am transferring to the Air National Gaurd to commission,Solve the small Individual issues before attempting the larger movements. A brigade FTX when the platoons aren’t validated. ,,,,,,,No,Our most valuable asset is the people and their time yet due to what appears to be constant oversights from leadership there is waste of this asset. Junior enlisted are not able to truly relax most times as there are details being called and it is not communicated when down time is and when operating time is. 24/7 being on call for details leads to resentment as it appears to be poor planning and execution when no other information is provided. 
6/26/2025 14:35:44,PHPAA (1-116th INF BN),Less than 3 years,No,No,No,,No,No,No,No,No,No,Yes,Got out of active and joined the guard for the bonus ,Going through college and in the guard has been rough and I feel like my leadership outside the company doesn’t care or help,I’m losing more time and money coming to drill then the worth of tricare ,Actually put soldiers first ,,,,,,,No,
10/18/2025 12:29:34,8GXAA (MTC),Greater than 3 years but less than 6,Yes,No,No,NA,No,Yes,No,No,No,No,No,Jump starting my life into the right direction ,My unit. I was on title 10 which was amazing and returning to my unit has been miserable ,My NCO’s only care about themselves and their personal career. They do not think what could benefit the unit for new people to get more involved and help them improve at their job here. ,"NCOs caring, thinking how we can be more effective,  ",,,,,,,No,"My NCO will not write me a letter for drill following DOD policy even though I’ve sent him the policy what DOD wants, and gave them my HR representative email."
10/18/2025 12:31:31,8GXAA (MTC),Less than 3 years,No,No,No,,No,No,Yes,Undecided,I am happy at my current unit,Yes,Yes,For the benefits,N/A,I’m probably not re-enlisting because I just wanna use the military as a pathway for my collage,N/A,,,,,,,No,
10/18/2025 12:33:09,8BJAA (JFHQ),Greater than 6 years but less than 12,Yes,No,Yes,GI,No,Yes,No,Undecided,Yes,Yes,No,School,No direction ,I want a different MOS,MORE DIRECTION FOR CIV LIFE,,,,,,,Yes,I'm not doing what I love to do
10/18/2025 13:18:38,8FUAA (183rd RTI),Greater than 6 years but less than 12,Yes,,No,,No,No,Yes,Undecided,I am happy at my current unit,I am happy in my current MOS,Yes,Didn’t know what I wanted to do out of high school ,Toxic leadership at prior unit,It depends on if I get to stay with RTI,No improves at current unit,,,,,,,Yes,
10/18/2025 13:23:58,8FUAA (183rd RTI),Greater than 12 years,Yes,,Yes,State tuition assistance and post 9/11 GI Bill,No,Yes,Yes,Undecided,I am happy at my current unit,I am happy in my current MOS,Yes,Continued service after active duty completion ,Repetitive training type. More diversity in training ,I plan on doing 20 years in the national guard,"Diverse training, outside experience/training opportunities ",,,,,,,Yes,
10/18/2025 13:26:04,8FUAA (183rd RTI),Greater than 12 years,Yes,,Yes,TA,No,Yes,Yes,No,I am happy at my current unit,I am happy in my current MOS,Yes,Friend,Lifestyle ,Retirement,More training opportunities ,,,,,,,Yes,
10/18/2025 13:28:14,8GXAA (MTC),Greater than 12 years,Yes,N/A,Yes,VA benefits ,No,Yes,Yes,Yes,Yes,Yes,Yes,School benefits and service ,Constant changes in standards,N/a,N/a,,,,,,,Yes,
10/18/2025 13:39:55,8GXAA (MTC),Less than 3 years,No,no ,No,,No,No,No,No,No,No,Yes,College,i don’t want to stay,Due to president and  environment,"Nothing, it’s great",,,,,,,No,
10/18/2025 13:40:11,8GXAA (MTC),Greater than 3 years but less than 6,No,No,Yes,TA and No,Yes,No,Yes,No,No,I am happy in my current MOS,Yes,Rent due,The world in general ,"I’m tired of the Military, tired of reporting in and it taking most of my time ",MWR,,,,,,,Yes,
10/18/2025 13:43:04,8GXAA (MTC),Greater than 6 years but less than 12,Yes,,Yes,G.I BILL,No,No,Yes,Yes,I am happy at my current unit,Yes,Yes,Paying for college,Nothing,I am,"More soldier outings or when it’s time to go, let us go.",,,,,,,No,
10/18/2025 14:00:51,PHPAA (1-116th INF BN),Greater than 6 years but less than 12,Yes,No ,No,None,No,No,No,No,No,No,Yes,Benefits ,Family,Want to get out,Nothing ,,,,,,,Yes,Nothing
10/18/2025 14:01:02,8GXAA (MTC),Greater than 12 years,Yes,No,Yes,State Tuition Assistance ,No,No,No,Undecided,Yes,Yes,Yes,College,New Presidential Administration ,20 years ,Nothing ,,,,,,,Yes,
10/18/2025 14:08:03,8FUAA (183rd RTI),Greater than 6 years but less than 12,Yes,N/a,Yes,Federal TA,No,No,Yes,Yes,I am happy at my current unit,Yes,Yes,School/ sense of duty,N/A,N/A,Transparency and not making promises that can not be kept. ,,,,,,,Yes,
10/18/2025 14:08:28,8GXAA (MTC),Greater than 6 years but less than 12,Yes,Yes,Yes,ROTC,No,Yes,Yes,Undecided,I am happy at my current unit,Yes,Yes,"To serve my state, as I had the capacity to do so and I felt an obligation to provide and extend that freedom to others that cannot serve.",Covid implementation (Dishonerable discharge and 30 days jail time threatened) / The overall lack of care of our soldiers (the overall treatment of soldiers as numbers and bodies instead of people) / The continuous promotion of bad apples to get them out of their current formation / A complete lack of focus on warfighting / A lack of funding towards legitimate training needs / A lack of general soldier competency ,"Tri care in retirement (which there is no training on the extensive benefits offered, especially implementation of those benefits with the guard vs active duty)",More cookouts during drill weekend / focus on training that will keep soldiers alive during deployment / take care of soldiers (stop checking boxes on things like PHA and do them the right way so soldiers are taken care of properly),,,,,,,Yes,
10/18/2025 14:18:14,8GXAA (MTC),Greater than 12 years,Yes,No,Yes,Post 911  and 1606 yes woth 1606.,No,Yes,Yes,Undecided,I am happy at my current unit,No,Yes,Needed direction.,Expectation to do things on civilian time unpaid like online trainings. Going to schools that are not mandatory because it makes the unit feel better. Hurt feelings training.,See above. Im undecided.,Not sure,,,,,,,Yes,
10/18/2025 14:19:02,8GXAA (MTC),Less than 3 years,No,No,Yes,Gi bill,No,No,Yes,Undecided,I am happy at my current unit,Yes,Yes,College,idk ,N/A,N/A,,,,,,,No,
10/18/2025 14:40:56,8GXAA (MTC),Greater than 6 years but less than 12,Yes,No,No,,No,No,Yes,Undecided,Yes,Yes,Yes,It was a personal challenge to myself,Soldier care is the main issue,"Because of soldier care is non existence 
There is no healthy relationships between soldiers and their leadership. Absolutely no trust nor guidance.",Listen to my soldiers. And give them a chance ,,,,,,,No,
10/18/2025 14:49:01,8FUAA (183rd RTI),Greater than 12 years,Yes,,Yes,,No,No,Yes,Yes,I am happy at my current unit,I am happy in my current MOS,Yes,School Benefits ,Re-enlist ,Re-enlist . I'm a mil-technician ,Keep training relevant ,,,,,,,Yes,
10/18/2025 15:17:07,8GXAA (MTC),Less than 3 years,No,No,No,N/a,Yes,No,Yes,Yes,Yes,Yes,Yes,Something to do,N/a,N/a,N/a,,,,,,,No,N/a
,,,,,,,,,,,,,,,,,,,,,,,,,
10/25/2025 9:04:34,X3YF3 (1030th BN),Greater than 3 years but less than 6,Yes,N/a,Yes,State TA Montgomery GI bill,No,Yes,No,No,No,No,No,I needed college money,"I got engaged, an attempted article 15, pay issues ","I was told that if I reenlisted I would be left, furthermore I don’t approve of the current president ","I don’t know if we can, training quality has improved, but largely I’m just one individual who hated his experience, maybe telling people it’s not family first aside from punishing them when they put family first per their suggestions.",,,,,,,Yes,"My unit is largely ‘family first’ until it’s time to put family first, over my tenure I’ve largely been repeatedly disappointed by my unit."
10/25/2025 9:34:04,X3YF3 (1030th BN),Greater than 3 years but less than 6,No,,Yes,"Yes, the two year requirement to use state tuition assistance is going to prevent me from going active duty and delay my career. ",No,No,Yes,Yes,I am happy at my current unit,Yes,Yes,College,N/A,"I want to go into active duty for JAG, and I will not be able to because of the two year commitment required to utilize the state tuition assistance ",CERFP negatively affects the morale of many soldiers in the formation. ,,,,,,,Yes,
10/25/2025 9:49:36,X3YF3 (1030th BN),Greater than 12 years,Yes,,Yes,They never pay SLRP on time or without a giant headache ,No,Yes,No,Yes,No,No,Yes,Service,"We are a transportation company doing a chemical mission. Our fleet is neglected and soldiers don't have time to learn or do their jobs do to constant cerfp requirements and ""mandatory"" briefs, administrative tasks, and last minute due outs from BN or agr. The soldiers don't now how to do the job they signed up for and the equipment is trashed because it's hardly able to be driven. This is a major problem.",I'm here for insurance and retirement at this point until we are able to train and do our jobs.,Let us train. Get rid of the administrative requirements that take up all the time,,,,,,,Yes,
10/25/2025 9:56:15,X3YF3 (1030th BN),Greater than 6 years but less than 12,Yes,,No,,No,Yes,Yes,No,No,No,Yes,serve my country and break out if my safe zone,nothing,my body is just tired I would rather stay close to my family instead of being god only knows where,NA,,,,,,,Yes,
10/25/2025 9:58:00,X3YF3 (1030th BN),Less than 3 years,No,N/A,No,N/A,No,Yes,Yes,Yes,Yes,I am happy in my current MOS,Yes,The buddy program ,Everything is good,I am interested,N/A,,,,,,,Yes,N/A
10/25/2025 10:10:59,X3YF3 (1030th BN),Greater than 3 years but less than 6,No,No,No,,Yes,Yes,No,No,I am happy at my current unit,Yes,No,I wanted to serve ,Picking up the surf-P mission,Surf-P,Get off surf-p,,,,,,,No,
10/25/2025 10:31:48,X3YF3 (1030th BN),Greater than 6 years but less than 12,No,,Yes,"State TA, GI BILL",No,Yes,Yes,No,Yes,Yes,Yes,Education,Solder care for some soldiers,Lies,Stop wasting time during drill weekends,,,,,,,Yes,
10/25/2025 10:32:13,X3YF3 (1030th BN),Greater than 3 years but less than 6,No,No,No,,No,No,No,No,No,No,Yes,Adventure ,New life circumstances ,New life circumstances ,Nothing ,,,,,,,No,
10/25/2025 10:32:41,X6TAA (329th HHC),Greater than 12 years,No,No,No,,Yes,No,Yes,Undecided,I am happy at my current unit,I am happy in my current MOS,Yes,Driving,Acquiring new tasks (CERF-P) that does NOT pertain to my MOS,Time in service at ETS,Training with the trucks & more hands on experiences,,,,,,,Yes,
10/25/2025 10:38:06,X3YF3 (1030th BN),Greater than 12 years,Yes,NA,Yes,GI bill,No,Yes,Yes,Undecided,I am happy at my current unit,Yes,Yes,Benefits and Pay,NA,The time away,Units to listen to soldiers ,,,,,,,Yes,
10/25/2025 10:42:17,X3YF3 (1030th BN),Greater than 6 years but less than 12,Yes,,Yes,,No,Yes,No,No,No,No,No,thought it would be beneficial ,It has hindered my family time and career ,Just gets in the way,allow two weeks notices to exit the army when I want. ,,,,,,,Yes,"It’s the Army, we’re just a number"
10/25/2025 10:43:28,X6TAA (329th HHC),Greater than 6 years but less than 12,Yes,No,No,,No,No,Yes,Undecided,No,No,Yes,Service,"The additional mission of cerf-p, I feel like we are no longer a transportation company and struggle to balance the two. ",I am interested because of benefits and other soldiers but not because the stress on family and civilian job with the additional cerf-p mission. ,Be taken off of cerf-p,,,,,,,Yes,
10/25/2025 10:50:06,X3YF3 (1030th BN),Greater than 3 years but less than 6,No,No,No,,No,No,Yes,Yes,I am happy at my current unit,Yes,Yes,Benefits ,Cerf p,I re enlisted ,Getting paid ,,,,,,,No,
10/25/2025 10:50:29,P1XAA (276th EN),Greater than 6 years but less than 12,No,N/A,Yes,VA ,Yes,No,Yes,Yes,I am happy at my current unit,I am happy in my current MOS,Yes,Money,Nothing ,AGR,Nothing,,,,,,,Yes,
10/25/2025 10:50:47,X3YF3 (1030th BN),Greater than 6 years but less than 12,Yes,No,No,,Yes,No,Yes,Undecided,I am happy at my current unit,Yes,Yes,Travel ,Having a family,The wear and tear on your body,Get rid of the cerfp mission,,,,,,,Yes,
10/25/2025 10:50:58,P1XAA (276th EN),Greater than 3 years but less than 6,No,N/A,No,,No,No,Yes,Yes,I am happy at my current unit,I am happy in my current MOS,Yes,Some thing I wanted to do for 12 years,N/A,Reenlistibg great unit great people,N/A,,,,,,,No,
10/25/2025 10:51:53,X3YF3 (1030th BN),Greater than 3 years but less than 6,No,Nah,No,,No,No,Yes,Yes,I am happy at my current unit,No,Yes,Love merica ,Cerf p ,Cerfp sucks ,No cerf p ,,,,,,,No,Get rid of cerf p
10/25/2025 10:52:36,X3YF3 (1030th BN),Greater than 12 years,Yes,,No,,Yes,Yes,Yes,Undecided,No,No,Yes,I was bored,Pay issues and more than I wanted to do,I'm just done,Be less dumb,,,,,,,Yes,
10/25/2025 10:54:18,X3YF3 (1030th BN),Greater than 12 years,Yes,No,Yes,No issues. Paid for schooling and books,No,Yes,Yes,Yes,No,No,Yes,Sign on bonus,Injuries,Wanting to retire soon,On time payments to our soldiers,,,,,,,Yes,
10/25/2025 10:54:51,P1XAA (276th EN),Greater than 6 years but less than 12,Yes,No ,No,,No,No,No,Yes,No,No,Yes,Needed a change ,Wife and kids and it’s getting stupid ,Only for insurance ,Stop the stupidity that is going on in the units and treating soldiers like kids due to the dumb ones in ,,,,,,,No,
10/25/2025 10:54:56,X3YF3 (1030th BN),Greater than 6 years but less than 12,Yes,No,No,,No,No,No,No,Yes,Yes,No,"The intent to help others, the community, and the country. ",Never being able to PT consistently with the unit. Hardly doing our actual job.  ,Tired of the constant negativity that the guard has. ,Getting off of CERF-P,,,,,,,Yes,Just feel like another body. 
10/25/2025 10:55:09,X3YF3 (1030th BN),Less than 3 years,No,N/A,Yes,No,No,Yes,Yes,Undecided,No,Yes,Yes,Personal obligation to selfless service and duty ,Nothing ,No reason ,"Change inter-platoon leadership frequently so that every sergeant has an opportunity to live up to their responsibility and form leadership tactics early in their career. 

Create a better relationship from admin/ readiness team to soldiers on a nametape level. Understand what every soldier that sits in front of you goals and career aspirations are and find them the resources and support to be successful 
",,,,,,,Yes,
10/25/2025 10:56:51,P1XAA (276th EN),Greater than 6 years but less than 12,Yes,Hopefully managed better than the 180th mobilization.,Yes,Post 9-11 GI Bill. No issues.,No,No,Yes,Undecided,I am happy at my current unit,I am happy in my current MOS,Yes,"Benefits, Sense of Service",Consideration of Work/Life balance,N/A,Treat People like adults.,,,,,,,Yes,
10/25/2025 10:57:28,X3YF3 (1030th BN),Less than 3 years,No,No,No,,No,Yes,Yes,Undecided,I am happy at my current unit,I am happy in my current MOS,Yes,Multiple reasons but I would like to better my life and I am trying to use the national guard as a way out of a life that I didn’t want anymore,I have more personal reasons that affect my desire to stay in on both the positive and negative side of wanting to stay in. Sometimes I feel as if I need to be able to have more money cause I am struggling with bills. I need my pay to come in on time,I enjoy the people here and I like to be in a place that I know will give me a better outcome in life,Stop doing the SERFP stuff. It’s not what we are supposed to be doing and it takes a toll on everyone here. It’s a burden that shouldn’t be our responsibility when we have soldiers trained specifically for those jobs,,,,,,,No,
10/25/2025 10:59:35,X3YF3 (1030th BN),Greater than 12 years,Yes,N/A,Yes,"GI Bill, Tuition Assistance ",No,Yes,Yes,No,No,No,Yes,College,I’ve done my time,I’ll be at 20 years,None,,,,,,,Yes,
10/25/2025 11:01:01,X3YF3 (1030th BN),Greater than 12 years,Yes,No,No,,No,Yes,Yes,No,No,No,Yes,Just wanted to join ,Pay issues and when soldiers turn in paperwork that impacts them in during hardships or in a career building manner it gets lost a lot and then there’s no accountability for the ones who lost the paperwork it just get blamed one the tag,Not re-enlisting ,Stop losing paperwork when soldiers turn it in and pay soldiers on  ,,,,,,,No,
10/25/2025 11:02:35,X3YF3 (1030th BN),Less than 3 years,No,No,Yes,"No issues, state and federal tuition assistance e",No,Yes,Yes,No,I am happy at my current unit,No,Yes,School,No,N/a,None,,,,,,,No,N/A
10/25/2025 11:07:14,X3YF3 (1030th BN),Greater than 12 years,Yes,,No,,Yes,No,Yes,Yes,I am happy at my current unit,I am happy in my current MOS,Yes,Serve my country and state,Nothing,Retire ,None,,,,,,,Yes,
10/25/2025 11:12:35,X3YF3 (1030th BN),Greater than 3 years but less than 6,No,No,Yes,"STAP
FTA",No,Yes,Yes,Yes,I am happy at my current unit,Yes,Yes,Schooling,Leadership,Future benefits,Better scheduling ,,,,,,,Yes,
10/25/2025 11:13:56,P1XAA (276th EN),Greater than 12 years,Yes,No,Yes,GI Bill,No,No,Yes,Yes,I am happy at my current unit,I am happy in my current MOS,Yes,Benefits,Nothing,I’m in to retire ,"More clear guidance from higher, better discipline among Soldiers",,,,,,,Yes,
10/25/2025 11:17:45,X3YF3 (1030th BN),Greater than 12 years,Yes,No,No,,Yes,No,Yes,Yes,I am happy at my current unit,I am happy in my current MOS,Yes,Child dream ,Nothing ,Retirement ,Make sure they are paid on time,,,,,,,Yes,
10/25/2025 11:24:54,X3YF3 (1030th BN),Greater than 3 years but less than 6,Yes,No,Yes,Montgomery Gi bill,No,Yes,Yes,Undecided,No,No,Yes,Brother ,Everything is chaotic for no reason ,The chain of command for the most part is wack and chaotic ,Better the chain of command and send things out way in advance ,,,,,,,No,
10/25/2025 11:31:12,X3YF3 (1030th BN),Greater than 12 years,Yes,,No,,Yes,No,Yes,Undecided,Yes,No,Yes,Money,Waste of time/family time ,Time,Free beer,,,,,,,Yes,
10/25/2025 11:38:18,X3YF3 (1030th BN),Greater than 6 years but less than 12,Yes,,No,,No,No,Yes,Yes,Yes,Yes,Yes,Personal,CERFP,None,No CERFP,,,,,,,Yes,
10/25/2025 11:40:12,X3YF3 (1030th BN),Less than 3 years,Yes,,No,,No,No,Yes,No,No,No,Yes,Help others ,The Helene mission ,No,No,,,,,,,No,
10/25/2025 11:49:49,X3YF3 (1030th BN),Greater than 3 years but less than 6,Yes,No,No,N/a,No,No,No,No,No,No,Yes,N/a,N/a,N/a,N/a,,,,,,,No,N/a
10/25/2025 12:03:11,X3YF3 (1030th BN),Greater than 6 years but less than 12,No,,No,,No,No,Yes,Undecided,I am happy at my current unit,I am happy in my current MOS,Yes,To serve and better myself for my family ,Been done wrong several times by my leadership ,N/A,N/A,,,,,,,Yes,
10/25/2025 12:08:06,X3YF3 (1030th BN),Greater than 12 years,No,No,No,N/A,No,No,Yes,Yes,I am happy at my current unit,I am happy in my current MOS,Yes,Serve my country,N/A,Retirement,N/A,,,,,,,No,N/A
10/25/2025 12:18:48,X3YF3 (1030th BN),Greater than 6 years but less than 12,No,,No,,No,No,Yes,Undecided,I am happy at my current unit,Yes,Yes,Spite,Bad habits ,Nope,Less micromanaging and more communication ,,,,,,,Yes,
10/25/2025 12:21:24,X3YF3 (1030th BN),Greater than 6 years but less than 12,Yes,,Yes,GI Bill,No,Yes,Yes,Undecided,Yes,Yes,Yes,Service,Pay issues. Lack of standards ,Already extended ,Holding basic standards ,,,,,,,Yes,
10/25/2025 12:23:54,X3YF3 (1030th BN),Less than 3 years,No,,No,,No,Yes,Yes,Yes,I am happy at my current unit,I am happy in my current MOS,Yes,Wanted to serve ,NA,NA,Have not been in long enough to know ,,,,,,,No,
10/25/2025 12:31:46,X3YF3 (1030th BN),Greater than 12 years,Yes,,Yes,Gi bill,No,Yes,Yes,Yes,I am happy at my current unit,I am happy in my current MOS,Yes,School,Pay issues,Retirement,Less nonsense from good idea fairy,,,,,,,Yes,
10/25/2025 12:43:38,X3YF3 (1030th BN),Greater than 3 years but less than 6,No,,No,,Yes,No,No,No,No,No,No,No reason ,The people!!,Not my cup of tea,They need to learn respect regardless of rank,,,,,,,No,Unit is full of disrespect 
10/25/2025 12:45:41,X3YF3 (1030th BN),Greater than 6 years but less than 12,Yes,No,No,,No,No,Yes,Yes,I am happy at my current unit,Yes,Yes,To serve my country and state ,Nothing ,I'm going to reenlist and retire ,More access to benefits,,,,,,,No,
10/25/2025 12:50:55,P1XAA (276th EN),Greater than 12 years,Yes,No,No,,No,No,Yes,Yes,I am happy at my current unit,I am happy in my current MOS,Yes,"Family Tradition, health insurance, bonus",Staying regardless till retirement,One year left till my 20 so I will extend one more year ,Communication and less FRAGOs ,,,,,,,Yes,
10/25/2025 12:58:47,X3YF3 (1030th BN),Greater than 3 years but less than 6,No,No,No,,No,No,Yes,Yes,I am happy at my current unit,Yes,Yes,Benefits ,Nothing ,Ets 2030,Good unit no changes needed,,,,,,,Yes,
10/25/2025 13:05:42,X3YF3 (1030th BN),Greater than 6 years but less than 12,Yes,,Yes,Tuition Assistance ,No,No,Yes,Yes,I am happy at my current unit,I am happy in my current MOS,Yes,Education Benefits,Nothing ,After almost 12 years retirement is something to consider,Nothing,,,,,,,No,
10/25/2025 13:18:09,P1XAA (276th EN),Greater than 12 years,No,N/A,Yes,Gi bill ,No,No,Yes,Undecided,I am happy at my current unit,No,Yes,College ,Nothing ,It’s a good work place ,None ,,,,,,,No,
10/25/2025 13:19:04,P1XAA (276th EN),Greater than 12 years,Yes,,No,,Yes,Yes,Yes,Yes,Yes,Yes,Yes,Yes,Yes,Yes,Too,,,,,,,Yes,
10/25/2025 13:29:32,X3YF3 (1030th BN),Less than 3 years,No,No,No,,Yes,No,Yes,Undecided,I am happy at my current unit,I am happy in my current MOS,Yes,Education ,Nothing,Family has become more of a focus for me but I would like to stay in as of right now ,Nothing,,,,,,,No,
10/25/2025 13:35:24,777AA (R&R),Less than 3 years,No,,No,,No,No,Yes,Undecided,Yes,Yes,Yes,Service ,Nothing,N/a,N/a,,,,,,,No,
10/25/2025 13:38:17,8FUAA (183rd RTI),Greater than 6 years but less than 12,Yes,No,No,,No,No,No,Undecided,I am happy at my current unit,Yes,No,Benefits ,Ego and leadership has got worse over time.,Not interested is because the value of being in is out weighted by family jobs and stress.,I really don’t know how to increase the morale.  If the unit would give mission and let the E4s instruct the classes and turn it into a learning environment or experience for all.   ,,,,,,,Yes,More valued as in the form as the sec. Of war addressed the national and now your first Sgts is all gas no brakes.  The leadership is like we will just kick you out and if you have any problems.  
10/25/2025 14:07:59,X3YF3 (1030th BN),Less than 3 years,No,,Yes,"Tuition assistance, no issues",No,No,Yes,Undecided,I am happy at my current unit,I am happy in my current MOS,Yes,Tuition help for college,Nothing much honestly,I’m trying to commission so…,I can’t think of any now,,,,,,,No,
10/25/2025 14:32:14,X3YF3 (1030th BN),Greater than 3 years but less than 6,Yes,No,Yes,TA,No,Yes,No,No,Yes,Yes,Yes,Because I hated my work life balance in active duty,The guard isn’t what I’d hoped it would be it took more of the negative of active and made it so much worse,The army isn’t worth the headache ,Morale events,,,,,,,Yes,
10/25/2025 14:33:52,X3YF3 (1030th BN),Greater than 3 years but less than 6,No,,Yes,"Gi bill,  federal tuition assistance",No,No,Yes,Undecided,Yes,Yes,Yes,Money,No one telling us everything,Not sure,Giving accurate schedule ,,,,,,,Yes,
10/25/2025 14:37:23,X3YF3 (1030th BN),Greater than 3 years but less than 6,No,,No,,Yes,No,Yes,Yes,I am happy at my current unit,I am happy in my current MOS,Yes,Military family ,N/A,N/A,N/A,,,,,,,No,
10/25/2025 14:40:08,P1XAA (276th EN),Greater than 3 years but less than 6,Yes,,No,,No,No,No,No,No,No,No,Change ,Leadership ,Na,Na,,,,,,,Yes,
10/25/2025 14:51:13,PE1AA (229th Engineer),Less than 3 years,No,No,No,None,No,Yes,Yes,No,No,No,Yes,Tricare and bonus,Spiritual truth,USA is Babylon. America is getting destroyed soon.,Reward system,,,,,,,No,
10/25/2025 15:29:11,X3YF3 (1030th BN),Less than 3 years,No,No,No,No,No,No,Yes,Undecided,No,No,Yes,I wanted a side job. I wanted the benefits. I wanted to be apart of something great.,Nothing,I’m not sure if I want to or not ,Nothing ,,,,,,,No,
10/25/2025 15:34:36,P1XAA (276th EN),Less than 3 years,No,No,No,No,Yes,No,No,No,I am happy at my current unit,No,No,N/a,N/a,N/a,N/a,,,,,,,Yes,N/a
10/25/2025 15:50:12,P1XAA (276th EN),Greater than 3 years but less than 6,No,No,No,,No,No,No,No,Yes,No,Yes,Na,Leadership and lack of communication ,Lack of good leadership and bad communication (first Sgt Howard),Lee soldiers in the loop and have events to help boost company morale ,,,,,,,Yes,First Sgt Howard has caused the company moral to plummet. I have watched him throw personal items of other soldiers.
10/25/2025 16:22:41,X3YF3 (1030th BN),Greater than 6 years but less than 12,Yes,No,Yes,Post 9/11 Gi-Bill,Yes,No,Yes,No,No,No,Yes,Insurance,Life ,Life,Serve beer for ua ,,,,,,,No,
10/26/2025 8:03:53,777AA (R&R),Greater than 12 years,Yes,No,Yes,FTA,Yes,No,Yes,Yes,I am happy at my current unit,I am happy in my current MOS,Yes,Service to country,Leaders,N/A,n/a,,,,,,,Yes,
10/26/2025 10:26:11,777AA (R&R),Greater than 6 years but less than 12,Yes,no,Yes,gi bill,No,No,Yes,Yes,I am happy at my current unit,Yes,Yes,I had to much fun ,nothing,"I like the people, they get me",more money,,,,,,,Yes,
10/26/2025 10:34:11,X3YF3 (1030th BN),Greater than 6 years but less than 12,Yes,,No,,Yes,No,Yes,Undecided,I am happy at my current unit,No,Yes,Pay,N/A,None,None,,,,,,,Yes,
10/26/2025 10:34:42,P1XAA (276th EN),Greater than 6 years but less than 12,No,,Yes,Federal TA ,Yes,No,Yes,Yes,I am happy at my current unit,I am happy in my current MOS,Yes,Career opportunities ,Family issues,Already re-enlisted,Group activities,,,,,,,Yes,
10/26/2025 11:03:58,X3YF3 (1030th BN),Greater than 12 years,Yes,No,No,,Yes,Yes,Yes,Yes,I am happy at my current unit,Yes,Yes,Patriotism,New Soldiers not wanting to be warriors.,None,None,,,,,,,Yes,
10/26/2025 11:21:08,X3YF3 (1030th BN),Greater than 3 years but less than 6,No,No,Yes,GI BILL,Yes,No,Yes,No,No,No,Yes,School,Nothing,Commissioning,Nothing,,,,,,,No,
10/26/2025 11:25:22,X3YF3 (1030th BN),Greater than 6 years but less than 12,Yes,,No,,No,No,Yes,Yes,Yes,Yes,Yes,Tricare,Nothing,I am,None,,,,,,,Yes,
10/26/2025 11:37:57,X3YF3 (1030th BN),Greater than 12 years,No,,No,,No,No,No,Undecided,Yes,Yes,No,Benefits - schools - college,Skip,Skip,Skip,,,,,,,Yes,Too new
10/26/2025 11:39:47,X3YF3 (1030th BN),Greater than 6 years but less than 12,No,No,Yes,"GI Bill, state TA",No,Yes,No,No,Yes,Yes,No,"benefits, college, development",leadership ,"Awful leadership and poor decision making, my best interest is not in mind ",Better communication and integration in community ,,,,,,,No,No use for my job
10/26/2025 11:52:47,777AA (R&R),Greater than 12 years,No,,Yes,All and no,No,No,Yes,Yes,Yes,I am happy in my current MOS,Yes,College,Na,I’ll stay in for 20! ,Hands on training ,,,,,,,Yes,
10/26/2025 11:57:31,X3YF3 (1030th BN),Less than 3 years,Yes,That the deployment comes sooner than later ,Yes,Army Ignited-Issue was miscommunication ,No,Yes,Yes,Yes,I am happy at my current unit,Yes,Yes,Being able to both further my development while also serving my country,I'm reenlisting ,I'm reenlisting ,More community outreach programs and being able to train more with other Army units/Virginia Defense force unit's ,,,,,,,Yes,
10/26/2025 11:58:56,X3YF3 (1030th BN),Greater than 6 years but less than 12,No,No,Yes,School TA ,No,No,Yes,Yes,I am happy at my current unit,I am happy in my current MOS,Yes,Desire to serve ,Na,Na - Officer ,More ODT opportunities ,,,,,,,Yes,
10/26/2025 12:11:40,X3YF3 (1030th BN),Less than 3 years,No,No,No,,No,No,Yes,Undecided,I am happy at my current unit,I am happy in my current MOS,Yes,Better opportunity ,Traveling distance from home address to unit ,Undecided ,Nothing. Soldiers are great at my unit,,,,,,,No,
10/26/2025 12:23:58,X3YF3 (1030th BN),Greater than 3 years but less than 6,No,no,No,,No,No,No,No,No,No,No,got denied by active duty,"constant lies, discrimination, no soldier care, favoritism. ",each drill continues to be a waste of time. ,"soldier involvement, better communication, and soldier care. ",,,,,,,Yes,communication and soldier care 
10/26/2025 12:28:24,X3YF3 (1030th BN),Greater than 6 years but less than 12,No,,No,,No,No,No,Yes,Yes,Yes,No,Opportunity to continue service as well as the benefits.,I fill as though I do not fulfill a purpose within a unit.,I want to continue to serve.,Better Training. Make sure everyone has a purpose and is adequately trained to fulfill their role. ,,,,,,,Yes,I do not feel like I fill an actual roll within the unit.
10/26/2025 12:30:12,X3YF3 (1030th BN),Greater than 12 years,Yes,Nope,Yes,Army cool,No,Yes,Yes,Undecided,I am happy at my current unit,No,Yes,Benefits,Serf P,The amount of time the guard takes from me ,Actual training and new equipment ,,,,,,,Yes,
10/26/2025 12:30:14,PE1AA (229th Engineer),Greater than 6 years but less than 12,No,No,Yes,GI Bill,No,No,Yes,No,No,No,No,Love of my country ,The leadership of the 1033rd,My leadership is terrible and they only care about making the unit look good. They do not care about their soldiers. ,Better leadership ,,,,,,,Yes,If my leadership respected the time of their soldiers.
10/26/2025 13:01:12,X3YF3 (1030th BN),Greater than 6 years but less than 12,Yes,No,No,,No,No,No,Undecided,I am happy at my current unit,No,No,I do not know just wanted to join ,People ,I lose a lot of money being here and it eats up my time from family and friends ,Make things make since ,,,,,,,No,I don’t know what my job is but that could be on me 
10/27/2025 5:54:49,X3YF3 (1030th BN),Greater than 12 years,Yes,NA,No,NA,No,Yes,Yes,No,No,No,Yes,Tricare ,Lack of soldier care throughout the VAARNG. ,"Lack of Soldier care at the higher echelons, not getting paid, not getting reimbursed for travel, lack of funding, outdated equipment, CERFP, so much mandatory training instead actual military training. G staff never available. The upper echelons and G staff not being held to the same standards. Too many missions that impact civilians jobs; CERFP, SAD, schools and AT. Having to prepare training 120 days out, yet having tasking pushed in short notice impacting training. All the lying to soldiers, officers saying Army regs don’t apply to NG, not supporting soldiers with IST when they move  states. Leadership not allowing me to be with my dying child because we were short staffed and not getting to see her before she died. Seeing inappropriate conduct among officers and watch them get praised and promoted.",Replace the G staff and upper leadership. ,,,,,,,Yes,NA
11/14/2025 13:44:15,PE1AA (229th Engineer),Greater than 3 years but less than 6,No,,Yes,STATE + FEDERAL. NO ISSUES.,No,Yes,Yes,No,No,No,Yes,TUITION + HEALTHCARE BENEFITS,CHANGE BRANCHES,CHANGE BRANCHES,MORE FLEXIBILITY,,,,,,,No,
11/15/2025 10:14:23,X6SF3 (529th BN),Greater than 6 years but less than 12,Yes,,No,,No,No,Yes,No,I am happy at my current unit,I am happy in my current MOS,Yes,A job,Lack of soldier care,Just reenlisted ,N/A,,,,,,,No,
11/15/2025 10:19:45,X6SF3 (529th BN),Greater than 3 years but less than 6,No,,Yes,GI bill ,No,No,Yes,Yes,I am happy at my current unit,Yes,Yes,Tri care ,Nothing ,Need tri care ,More pay ,,,,,,,No,
11/15/2025 10:26:32,X3YF3 (1030th BN),Less than 3 years,No,,Yes,TA and GI Bill,Yes,No,Yes,Undecided,Yes,I am happy in my current MOS,Yes,School ,Marriage ,Money for school ,More attentive leadership,,,,,,,No,
11/15/2025 10:29:08,X3YF3 (1030th BN),Greater than 12 years,No,,No,,Yes,No,Yes,Undecided,I am happy at my current unit,I am happy in my current MOS,Yes,na,na,na,na,,,,,,,Yes,
11/15/2025 10:39:44,X3YF3 (1030th BN),Greater than 12 years,Yes,,No,,Yes,No,No,Undecided,I am happy at my current unit,I am happy in my current MOS,Yes,Technician program,Incompetent upper leadership ,I need to to keep my job,Let NCO’s do their job without being hindered by poor officer leadership ,,,,,,,Yes,
11/15/2025 10:49:59,X3YF3 (1030th BN),Greater than 6 years but less than 12,Yes,,Yes,GI,No,Yes,Yes,Yes,Yes,Yes,Yes,College,Leadership,Already enlisted,less micromanagement ,,,,,,,Yes,
11/15/2025 10:52:32,X3YF3 (1030th BN),Greater than 12 years,Yes,No,Yes,GI Bill,No,No,No,No,No,No,Yes,Family tradition,The military has become soft,Almost at twenty years,Treating soldiers as adults,,,,,,,Yes,NA
11/15/2025 10:53:25,X3YF3 (1030th BN),Greater than 6 years but less than 12,Yes,No,No,,No,No,Yes,Yes,Yes,Yes,Yes,The ability to deploy overseas ,Not being able to deploy,I'm extending for promotion ,Have NCOs process soldiers into the unit properly and make sure their concerns are heard and they felt valued ,,,,,,,Yes,
11/15/2025 10:58:13,X3YF3 (1030th BN),Greater than 3 years but less than 6,No,No,Yes,"GI BILL, FED TA, STATE TA",No,No,No,Undecided,Yes,Yes,No,To give back to community ,"My chain of command is ineffective, does not listen, micromanages, my unit is non deployable, and I am not respected as a person or soldier",If I have to stay at 1710 I will not be re upping ,"More missions, trust given back to soldiers for povs, opportunities for schools",,,,,,,Yes,Leadership that respects and trust their SM
11/15/2025 10:58:53,X6TAA (329th HHC),Greater than 12 years,Yes,No,Yes,911 GI Bill,No,No,Yes,No,I am happy at my current unit,I am happy in my current MOS,Yes,A career ,Nothing ,Age,Discipline ,,,,,,,Yes,
11/15/2025 11:02:44,PHMAA (111th FA BN),Less than 3 years,No,,Yes,,No,No,No,Undecided,I am happy at my current unit,Yes,Yes,Something new ,No ,No,nothing ,,,,,,,No,
11/15/2025 11:31:44,X6SF3 (529th BN),Greater than 12 years,Yes,NA,Yes,,Yes,No,Yes,Yes,I am happy at my current unit,Yes,Yes,Service,State isn’t recruiting new Soldiers to my MOS,I am extending because I ain’t done yet. I’d stay till 30 years TIS if they’d let me,CERFP for a unit coming off a ready year is not ideal.,,,,,,,Yes,
11/15/2025 11:40:29,UAXAA (224th Aviation),Greater than 6 years but less than 12,No,,No,,Yes,Yes,Yes,Yes,Yes,No,Yes,Na,Na,Na,Na,,,,,,,Yes,
11/15/2025 11:44:53,X3YF3 (1030th BN),Greater than 3 years but less than 6,Yes,No,No,,Yes,No,Yes,Yes,Yes,Yes,Yes,Service in home state,Injuries over time,Career and skills interests,Communication up and down the CoC,,,,,,,Yes,
11/15/2025 11:55:38,PE1AA (229th Engineer),Less than 3 years,No,No,Yes,Gi bill and tuition reimbursement ,No,Yes,Yes,Undecided,No,Yes,Yes,College,"Wrong use of power, everything is messy and unorganized ",I am probably not reenlisting because the military is very unorganized and the some leadership does not deserve their rank.,I am not sure. I do think this sudden Sgt change is not very good. It makes no sense to be in a position of power when they have done nothing to earn it. They use the their power wrong and my company is in short of lower enlisted.,,,,,,,No,
11/15/2025 12:03:48,X6SF3 (529th BN),Greater than 3 years but less than 6,Yes,,No,,No,No,Yes,Yes,I am happy at my current unit,I am happy in my current MOS,Yes,Be closer to family.,Deaths in the family ,No,A lot,,,,,,,Yes,
11/15/2025 12:23:58,X6SF3 (529th BN),Greater than 3 years but less than 6,Yes,no,No,,No,No,Yes,Yes,Yes,I am happy in my current MOS,No,"bonus, which i then loss by becoming a tech",Realizing that “we care about your mental health” is a lie. that all the resources the military provides for substance abuse and mental health are lies and that your opinion is completely ignored. ,I want my job as a tech. that is the only reason i will bare to stay in. ,"Supplying food and water in a timely manner, respecting their time and family commitments. ",,,,,,,Yes,"Being heard, and better taken care of on basic needs like food and water which are LACKING"
11/15/2025 12:48:06,X3YF3 (1030th BN),Greater than 6 years but less than 12,No,No,No,N/A,No,Yes,Yes,Undecided,I am happy at my current unit,Yes,No,Jesus,Redundancy,Family,Have more MWR,,,,,,,No,Feels monotonous
11/15/2025 12:48:50,X3YF3 (1030th BN),Greater than 12 years,Yes,Not yet,Yes,Army Ignited ,No,Yes,Yes,Yes,Yes,Yes,Yes,The ability to serve Americans at home and directly ,"Pay issues, bureaucracy, power tripping superiors and civilian employees, training in the form of PowerPoints",I plan to extend so one day I hopefully can fire civilian contractors ,"Minimum PowerPoints, If any Soldiers provide KSD there should be no excuse that anyone working at a desk should have an excuse to not process their benefits and pay",,,,,,,Yes,
11/15/2025 12:58:04,8FUAA (183rd RTI),Greater than 3 years but less than 6,No,No,No,,No,No,Yes,No,No,No,Yes,I just needed a plan out of high school ,everything ,mental health ,N/A,,,,,,,Yes,
11/15/2025 13:01:08,X3YF3 (1030th BN),Less than 3 years,No,,Yes,State TA,No,No,No,Undecided,Yes,I am happy in my current MOS,Yes,Money,Command,Commander ,More control at the lower level (NCOs),,,,,,,No,
11/15/2025 13:03:03,X6TAA (329th HHC),Greater than 12 years,Yes,No,Yes,State TA,No,Yes,Yes,Yes,I am happy at my current unit,I am happy in my current MOS,Yes,School money ,Good ole boy system ,No,Idk,,,,,,,Yes,
11/15/2025 13:08:20,X6SF3 (529th BN),Less than 3 years,Yes,NA,No,,No,No,Yes,No,I am happy at my current unit,No,Yes,To Be different ,Other Career options Aline better with Future plans,Want to build an online career to inspire the next generation to take action a build their dreams that isn't inheritly traditional,Everything good,,,,,,,No,
11/15/2025 13:41:22,X3YF3 (1030th BN),Greater than 12 years,Yes,No,No,,No,No,No,No,Yes,Yes,No,Financial need,"Unit morale. Lack of leadership. Over worked, under paid. Jerked around. FEEL LIKE A GOAT!",Unit needs to be reset with better leadership that cares for their soldiers. Lack of information. Lack of skill.,Reset entire leadership,,,,,,,No,To feel like i was part of a team!
11/15/2025 13:43:43,X3YF3 (1030th BN),Less than 3 years,Yes,NO,No,No,No,No,No,No,No,No,No,Don’t know ,Bad leadership ,No communication,Better communication ,,,,,,,No,I hate it 
11/15/2025 13:47:53,X3YF3 (1030th BN),Less than 3 years,No,,No,,Yes,No,Yes,Undecided,Yes,Yes,No,school,nothing,benefits,no,,,,,,,No,no
11/15/2025 13:54:16,X3YF3 (1030th BN),Less than 3 years,No,No,No,,No,No,Yes,Yes,Yes,I am happy in my current MOS,Yes,Benefit and a second job,No rank advancement ,I was to extend or re-enlist,To know to know,,,,,,,No,
11/15/2025 13:55:12,X6SF3 (529th BN),Less than 3 years,Yes,n/a,Yes,TUITION ASSISTANCE ,No,No,Yes,Undecided,I am happy at my current unit,I am happy in my current MOS,Yes,Better lifestyle and better opportunities to make money on the civilian side of my MOS,no,Leadership sucks,More pay,,,,,,,No,
11/15/2025 13:55:54,ZGEAA (429th BN),Greater than 12 years,Yes,No,Yes,GI bill,No,Yes,No,No,Yes,Yes,No,I wanted to serve my country.,Poor leadership and any concerns fall on deaf ears.,We can’t rely on our leadership to take care of any issues. If there is a problem with pay or getting an employer memo it doesn’t get rectified but we are expected to put ourselves in bad situations for no reason. Earlier this year soldiers were forced to report to drill when the roads were dangerous due to significant snowfalls. Vehicles were losing control on the road but yet these soldiers were still expected to put themselves in danger for a scheduled drill training. We didn’t sign up to put our lives at risk during a typical work day. ,Better Leadership ,,,,,,,Yes,CPT Drapeaux does not make good decisions when it comes to soldier care. He does not make any accommodations for lodging for soldiers who are significantly further away and our Armory is currently unusable due to Ecoli water and we still have to go to Emporia and be bused to Barfoot. This puts the soldiers who live far away in a lose lose situation because we are in a government shutdown and are not provided lodging and we could report directly to Barfoot and be provided lodging but we are expected to pay out of pocket for rooms or put ourselves in danger during deer season or in climate weather to leave early in the morning since we are being forced to go to Emporia first and can’t report directly to Barfoot.
11/15/2025 13:59:28,X6TAA (329th HHC),Greater than 6 years but less than 12,No,,No,,No,No,No,No,No,No,No,Wanted something different ,Continous b.s. overall,Im not,Treat people like people before their rank,,,,,,,No,
11/15/2025 14:08:14,X3YF3 (1030th BN),Greater than 3 years but less than 6,Yes,,No,,No,No,Yes,Yes,Yes,Yes,Yes,Family and sense of duty I want to retire as an E8 like my grandfather,Nothing,I work at mates must extend,Na,,,,,,,No,
11/15/2025 14:09:08,X3YF3 (1030th BN),Greater than 6 years but less than 12,No,N/A,No,,No,No,No,No,No,No,Yes,Insurance security ,No longer need,Ready to be done with Army ,None,,,,,,,No,
11/15/2025 14:14:36,X3YF3 (1030th BN),Less than 3 years,Yes,,Yes,Army ignited and state tuition ,No,Yes,No,Yes,I am happy at my current unit,Yes,No,money and benefits ,leadership ,bonus ,less shitty leadership ,,,,,,,No,have less shitty leadership 
11/15/2025 14:15:15,X3YF3 (1030th BN),Greater than 6 years but less than 12,Yes,No ,No,,Yes,No,Yes,Undecided,I am happy at my current unit,I am happy in my current MOS,Yes,A new truck ,Nothing ,I’ve already re enlisted ,No changes ,,,,,,,Yes,
11/15/2025 14:15:24,X3YF3 (1030th BN),Greater than 12 years,No,N/A,Yes,No,No,No,Yes,Yes,Yes,No,Yes,Pride ,Motivation ,NA,More pay,,,,,,,Yes,N-A
11/15/2025 14:18:18,X3YF3 (1030th BN),Greater than 12 years,No,No,No,,No,No,Yes,Undecided,Yes,Yes,Yes,Learn a new skill,Commute to my unit,I’ve been in the same unit for 16 years. I would like to work with a new unit,Clear and precise communication regarding daily tasks,,,,,,,Yes,
11/15/2025 14:19:20,X6SF3 (529th BN),Greater than 12 years,Yes,No,No,,No,Yes,Yes,Undecided,I am happy at my current unit,I am happy in my current MOS,Yes,Back up plan,Military in general and pay,Not paid or compensated enough,N/A,,,,,,,Yes,
11/15/2025 14:20:10,X3YF3 (1030th BN),Greater than 6 years but less than 12,Yes,0,Yes,"State ta, gi bill",No,Yes,No,Undecided,Yes,Yes,No,Serve my country,"Leadership, being berated for trying to hold a standard, having a PSG who has less time and rank than me bc that’s who they wanted","I was put under and investigation and treated unfairly compared to the others being investigate and my husband was targeted, I had an open door with LTC Crocker and he promised me a detailed memo and sent me a peice of shit memo. When I asked about an EO rep I was never provided their contact info, when I said something about IG they said good luck. I understand retention and saving soldiers but you keep soldiers like Hileman who harass people bc he can go cry about an NCO and get them in trouble, you retain soldiers who act like they’re withdrawing when they come to drill, and when brought to Boozes attention he laughed and said well we don’t have UPLs - you are draining good NCOs but keeping these people",See above problems,,,,,,,Yes,"Males NCOs at 229 chem - treat female NCOs like less than. They do not listen to their suggestions, question and berate their decisions more than a decision if it came from a man. There could be a passed on soldier problem and the female NCO that dealt with the issue second gets shit on versus the male where it was let go."
11/15/2025 14:20:42,X3YF3 (1030th BN),Greater than 3 years but less than 6,No,No,No,,No,No,No,No,No,Yes,No,Selfless service,Terrible leadership and bad communication,I love my family. ,New leadership that isn't so arrogant and dismissive,,,,,,,No,
11/15/2025 14:20:59,X3YF3 (1030th BN),Greater than 3 years but less than 6,No,N/A,Yes,State tuition ,No,No,No,Undecided,I am happy at my current unit,I am happy in my current MOS,No,"To better myself, and school assistance ","My MEB is constantly being ignored. No awards are ever given out, I try to help my career but the ones in charge don’t hell",I would potentially but I am in the MEB process,"Our leadership making decisions MONTHS in advance not a week or day before. Also, provide water during drill at Pickett. Would also enjoy being treated like an adult.",,,,,,,No,"I would feel valued if I was treated like a human sometimes. Lack of water when at a military installation, food is hard to come by, also we’re not notified if there is food available. We are treated like new trainees at basic training every drill lately. Being baby sat like we’re children. Our old leadership didn’t do that and things ran smoothly and I felt respected. Questionable decisions are constantly made. No common sense."
11/15/2025 14:21:05,P1XAA (276th EN),Greater than 6 years but less than 12,Yes,No,Yes,Montgomery. No,No,No,Yes,Undecided,I am happy at my current unit,I am happy in my current MOS,Yes,Benefits,N/A,Contract runs out 2029,N/A,,,,,,,Yes,
11/15/2025 14:24:09,X6SF3 (529th BN),Greater than 3 years but less than 6,Yes,No,Yes,Va loan,No,No,No,Yes,Yes,Yes,Yes,"School, calling to serve 
",Nothing yet,I’m interested ,Great motivated company ,,,,,,,No,
11/15/2025 14:25:58,ZGEAA (429th BN),Less than 3 years,No,No,No,,No,No,No,No,No,No,Yes,Paying for School,N/A,Want different things in life ,Make sure they have personal time ,,,,,,,No,
11/15/2025 14:27:52,X6SF3 (529th BN),Greater than 12 years,Yes,N/A,No,N/A,Yes,Yes,No,No,No,No,No,To join a CST,"The VANG lack of ability to follow through on their COVID commitments. In the end it was threats and intimidation. No honor or follow through with the enforcement of disobeying a lawful order. 
 To be screamed at, threatened, shunned and then sent away for months AND then told to laugh it off when you find out that your Bar, Flag, GOMOR were all just intimidating practices to gain non voluntary compliance. I could have had more respect if they would have followed through with their administrative actions, but in the end it just showed how little honor the VANG really has. Embarrassing. ",See Above. ,Understand that MTOE and organizational readiness are not the same thing. Having equipment that you cannot train on for the simple fact that they stopped making parts a decade ago will effect a soldiers desire to train when their equipment is quite literally useless. ,,,,,,,Yes,Better Time Management. Mandated Big Army Training steals from the units precious 48 hours
11/15/2025 14:28:03,X3YF3 (1030th BN),Greater than 3 years but less than 6,No,No,Yes,TA,No,No,No,Yes,Yes,Yes,No,School and army for better purpose ,None,I am because of retirement,Better communication and more connections ,,,,,,,No,They have no communication and don’t care where you are at
11/15/2025 14:29:26,X3YF3 (1030th BN),Greater than 12 years,Yes,,No,,Yes,No,Yes,No,No,No,Yes,School,Job location,I love half way across the country and there is no assistance in travel.,Better leaders,,,,,,,Yes,
11/15/2025 14:31:52,X6SF3 (529th BN),Greater than 3 years but less than 6,Yes,N/A,Yes,Minuteman Scholarship,No,No,Yes,Undecided,I am happy at my current unit,Yes,Yes,Scholarship and service,Nothing,"7 years out, undecided because life may change",More intentional developmental counseling,,,,,,,Yes,
11/15/2025 14:32:57,X3YF3 (1030th BN),Greater than 12 years,Yes,,No,,No,Yes,Yes,Yes,Yes,No,Yes,To serve ,Micro management ,Finish my 20,Not micro manage,,,,,,,Yes,
11/15/2025 14:33:15,X6SF3 (529th BN),Greater than 6 years but less than 12,No,N/A,No,,Yes,No,Yes,Yes,I am happy at my current unit,I am happy in my current MOS,Yes,Money,nothing ,Money,More money,,,,,,,No,
11/15/2025 14:33:41,X6SF3 (529th BN),Greater than 12 years,Yes,,No,,Yes,Yes,Yes,Undecided,No,Yes,Yes,Leading soldiers,Family growing ,Just tired of the politics and not doing the job I was trained to do,going back to just doing maintenance and strictly maintenance ,,,,,,,Yes,
11/15/2025 14:35:19,X3YF3 (1030th BN),Greater than 6 years but less than 12,Yes,No,Yes,State TA,No,Yes,No,No,Yes,Yes,No,Family,Leadership,Poor leadership ,Better leadership,,,,,,,Yes,Unappreciated and unnoticed
11/15/2025 14:35:58,V5KAA (29th DIV),Greater than 3 years but less than 6,Yes,,No,,No,No,No,No,No,No,No,Money,People ,None,Money,,,,,,,No,
11/15/2025 14:38:54,X3YF3 (1030th BN),Greater than 3 years but less than 6,Yes,N/a,Yes,College ,Yes,Yes,Yes,Undecided,No,I am happy in my current MOS,Yes,School,Nothing,20 years I’m approaching. ,Give more power to PSG’s ,,,,,,,Yes,N/a
11/15/2025 14:40:35,X6SF3 (529th BN),Greater than 3 years but less than 6,No,,Yes,TA,No,No,Yes,No,No,No,No,Family ,The army,N/A,n/A,,,,,,,Yes,
11/15/2025 14:41:49,X6SF3 (529th BN),Less than 3 years,No,Nope,No,Nope,No,Yes,Yes,Undecided,No,No,Yes,Myself,The government ,Have a specific year I wanna stop,Make sure Info is spread out thouroly and good,,,,,,,No,
11/15/2025 14:43:23,X3YF3 (1030th BN),Less than 3 years,No,,No,,No,No,Yes,Yes,Yes,Yes,Yes,Home Loan,Nothing currently,I love the family i’ve made. ,More community events,,,,,,,No,
11/15/2025 14:44:58,X3YF3 (1030th BN),Greater than 3 years but less than 6,No,N/a,Yes,,No,No,Yes,Yes,Yes,Yes,Yes,School,N/a,N/a,N/a,,,,,,,No,N/a
11/15/2025 14:50:37,X6SF3 (529th BN),Greater than 12 years,Yes,No,No,,Yes,No,Yes,Yes,I am happy at my current unit,I am happy in my current MOS,Yes,Life Change,Nothing,I love the Army,N/A,,,,,,,Yes,
11/15/2025 14:50:59,X3YF3 (1030th BN),Greater than 12 years,No,No,Yes,State TA ,Yes,No,Yes,No,I am happy at my current unit,I am happy in my current MOS,Yes,Na,Na,Na,Na,,,,,,,Yes,Na
11/15/2025 14:51:21,X3YF3 (1030th BN),Less than 3 years,No,no,No,,No,Yes,No,No,Yes,Yes,Yes,money,change your command,my unit,better communication,,,,,,,Yes,
11/15/2025 14:51:52,X6SF3 (529th BN),Greater than 12 years,Yes,,Yes,GI bill,No,No,No,Undecided,Yes,Yes,No,School,Leadership ,I would like to deploy ,More moral days in between drill,,,,,,,Yes,
11/15/2025 14:51:58,X3YF3 (1030th BN),Less than 3 years,No,N/a,No,,No,No,Yes,Undecided,Yes,Yes,Yes,As a backup for college ,Bad leadership ,N/a,New leadership,,,,,,,Yes,
11/15/2025 14:54:07,X6TAA (329th HHC),Greater than 6 years but less than 12,Yes,,Yes,,No,No,No,Undecided,Yes,Yes,No,Familial relationship inspired it,Leadership ability to trust in soldiers and their abilities.,I would be more enticed to enlist if there was more recognition for accomplishing tasks. I feel a lot of hard work goes unnoticed. ,I would let squad leaders of soldiers be trusted to utilize their vehicles on drill weekends to transport them and soldiers. It makes no sense to travel to emporia and then travel to fort Barfoot just to have a morning formation. There are soldiers that live farther away and they would benefit from that opportunity. ,,,,,,,No,
11/15/2025 14:57:58,X3YF3 (1030th BN),Greater than 6 years but less than 12,Yes,No,No,,No,No,Yes,Undecided,I am happy at my current unit,No,Yes,Benefits for children,Time away from family,N/A,N/a,,,,,,,No,
11/15/2025 14:58:22,X3YF3 (1030th BN),Greater than 6 years but less than 12,No,No,No,,No,No,Yes,Yes,I am happy at my current unit,Yes,Yes,"Army reserves didn’t want me because of too many waivers, National Guard here I am.",Na,Na,Na,,,,,,,Yes,
11/15/2025 15:01:16,X3YF3 (1030th BN),Greater than 3 years but less than 6,No,,No,State ,Yes,No,Yes,No,No,No,Yes,Benefits ,Nothing,Want to try life without army.,Beer in the barracks ,,,,,,,No,
11/15/2025 15:03:38,X6SF3 (529th BN),Greater than 12 years,Yes,N/a,Yes,"GI Bill, Tuition assistance ",Yes,No,Yes,No,I am happy at my current unit,I am happy in my current MOS,Yes,School,Nothing. I’m staying until retirement.,I’m retiring in 1 1/2 years.,More recognition for high performing soldiers.,,,,,,,Yes,
11/15/2025 15:04:19,X6SF3 (529th BN),Greater than 6 years but less than 12,Yes,,No,,No,No,Yes,Yes,Yes,Yes,No,Went to school while away from active duty,3647ths general basics of soldiers task and drills are embarrassingly bad.,I can no longer advance in my MOS,If I change my MOS to 68W,,,,,,,No,Sargent are the new e-4s and 3647th. Because the lake of discipline and leadership e-4 and below vanish leaving the incredible amounts of e-5 to do everything else.
11/15/2025 15:09:38,X6SF3 (529th BN),Greater than 6 years but less than 12,No,,Yes,Have not been able to use my loan repayment program ,No,No,No,No,No,No,No,Health insurance ,Taking me away from my family. Military doesn't keep their end of the contract. Too stressful ,Taking me away from my family. Military doesn't keep their end of the contract. Too stressful. The army is run by people who barely pass high school and it shows,Ability to change MOS more freely without consequence of losing bonus,,,,,,,Yes,
11/15/2025 15:09:41,777AA (R&R),Greater than 12 years,Yes,,Yes,FTA,No,No,Yes,Yes,I am happy at my current unit,Yes,Yes,Challenge myself,Na,I am extending,Hotel for drills,,,,,,,Yes,
11/15/2025 15:10:32,X6SF3 (529th BN),Greater than 12 years,Yes,,Yes,Gi bill,No,No,Yes,Yes,Yes,No,Yes,Wanted to be in the military,Had a promise of a transfer to a new unit threatened to be pulled when i didn't get a response to a split request and made the plans for travel to be told I needed to be here,Transfer to new unit,Soldier care. Feed soldiers that are required to stay at the armory over AT. Don't threaten to pull an offer that was made in order to convince someone to sign a reenlistment contract,,,,,,,Yes,
11/15/2025 15:13:05,X3YF3 (1030th BN),Greater than 6 years but less than 12,No,,No,,No,No,Yes,Undecided,Yes,I am happy in my current MOS,Yes,College ,Childcare issues,I’d like to be fully there for my kids every weekend.,"Make classes more fun and engaging, like after teaching a class offer candy for those that get your after review questions correct, or some other prize that’ll want them to listen.",,,,,,,Yes,
11/15/2025 15:18:03,X3YF3 (1030th BN),Less than 3 years,No,,Yes,Tuition Assistance,No,No,Yes,Undecided,I am happy at my current unit,Yes,Yes,Tuition assistance,Slow leadership ,"I might have to do it to have the 2 years on the back end of my contract to get tuition assistance, other than that I don’t think I’d have a reason ",Better explanation of educational benefits and how to use them,,,,,,,No,
11/15/2025 15:18:21,X3YF3 (1030th BN),Less than 3 years,Yes,No,No,,No,No,Yes,Undecided,I am happy at my current unit,Yes,Yes,Legacy,Na,NA,Better communication with incoming soldiers ,,,,,,,No,
11/15/2025 15:22:41,X3YF3 (1030th BN),Less than 3 years,Yes,No,Yes,State and federal tuition assistance ,No,Yes,Yes,Yes,Yes,Yes,Yes,Career,Na,Na,Na,,,,,,,No,
11/15/2025 15:26:23,PE1AA (229th Engineer),Greater than 6 years but less than 12,Yes,No,Yes,Family education ,Yes,No,Yes,Undecided,I am happy at my current unit,I am happy in my current MOS,Yes,Education benefits ,Inefficiency ,Undecided ,More efficiency ,,,,,,,Yes,
11/15/2025 15:27:42,X3YF3 (1030th BN),Greater than 6 years but less than 12,No,No,No,,No,No,Yes,Yes,Yes,Yes,Yes,Benefits and the experience,Poor leadership within the unit,Interested in extending because of the job security,Leadership to quit disrespecting lower enlisted soldiers while demanding respect. ,,,,,,,No,
11/15/2025 15:39:37,X3YF3 (1030th BN),Greater than 6 years but less than 12,No,,No,,No,Yes,Yes,No,No,No,Yes,A better future,The people and processes that make zero since ,Because im ready to go back to normal life and get away from the chokehold grip of the army. ,Focus on career advancement ,,,,,,,Yes,
11/15/2025 15:40:25,X3YF3 (1030th BN),Less than 3 years,No,n/a,No,no,No,No,No,No,Yes,Yes,No,Benefits,The people in my unit ,My unit doesn’t care ,no,,,,,,,No,They discriminate against people 
11/15/2025 15:42:12,X3YF3 (1030th BN),Greater than 3 years but less than 6,No,No ,No,,Yes,No,Yes,No,No,No,Yes,I was bored ,I have a family now ,I would rather stay home with my family ,More allotted bonding time with platoons ,,,,,,,No,
11/15/2025 15:44:21,X58AA (183rd CAV),Less than 3 years,No,no,No,,No,No,No,Undecided,I am happy at my current unit,I am happy in my current MOS,Yes,tuition assistance ,nothing,tuition assistance ,nothing,,,,,,,No,
11/15/2025 15:46:47,X6TAA (329th HHC),Greater than 12 years,Yes,,Yes,Tmtuition assistance,No,Yes,Yes,Undecided,I am happy at my current unit,I am happy in my current MOS,Yes,Needed a job,"Leadership, including the president, only caring about themselves/himself",Leadership with this country starting with the president and Hegseth are a disgrace ,"Show them they actually matter, do not feed them word salad",,,,,,,Yes,
11/15/2025 15:52:32,X3YF3 (1030th BN),Greater than 3 years but less than 6,No,,No,,No,No,Yes,Undecided,I am happy at my current unit,I am happy in my current MOS,Yes,Because I wanted to ,Nothing ,Nothing ,Nothing ,,,,,,,No,
11/15/2025 15:54:00,X3YF3 (1030th BN),Greater than 3 years but less than 6,No,,Yes,Federal and state tuition assistance,Yes,Yes,No,Undecided,Yes,Yes,No,Tuition assistance ,Morale,N/A,N/A,,,,,,,No,
11/15/2025 16:01:36,X3YF3 (1030th BN),Greater than 6 years but less than 12,No,No ,No,,Yes,No,No,No,No,No,No,Wanting to do more with my life ,This unit ,This unit put sour taste in my mouth ,Better leadership and more opportunities to do things ,,,,,,,Yes,Unit treats soldiers poorly 
11/15/2025 16:10:01,X6SF3 (529th BN),Greater than 6 years but less than 12,Yes,No,Yes,State and ignited,Yes,No,Yes,Undecided,No,I am happy in my current MOS,Yes,Family ,Nothing still the same gaurd,Money,"Higher pay,competitive pay",,,,,,,Yes,
11/15/2025 16:20:29,X6SF3 (529th BN),Greater than 6 years but less than 12,Yes,I want better equipment ,Yes,Post 911 GI Bill,No,Yes,Yes,Yes,Yes,Yes,Yes,"no direction, wanted to deploy ","Not getting paid high enough to support off duty training to be proficient in military duties. No support such as food, water, shelter, health care, have to provide everything based on the civilian job market",Not everyone has a job that provides everything to devote focus to being a part time soldier,pay the guard more to offset variable costs of living. Not everyone is rocking six figure jobs,,,,,,,Yes,Brigade needs to push my transfer paperwork
11/15/2025 16:21:05,X3YF3 (1030th BN),Greater than 3 years but less than 6,No,No,No,,No,No,No,Yes,No,No,No,No,No,No,No,,,,,,,No,No
11/15/2025 16:23:53,X3YF3 (1030th BN),Greater than 12 years,Yes,,Yes,No,No,No,Yes,No,No,No,Yes,"Service, Family Tradition, Colleg",Nothing I will have 20,Retirement,"Cerf P or green mission , not both",,,,,,,Yes,
11/15/2025 16:28:16,X3YF3 (1030th BN),Less than 3 years,No,No,No,Na,Yes,No,Yes,Yes,Yes,Yes,Yes,My brothers ,Na,To pursue a long career in the guard ,Na,,,,,,,No,Na
11/15/2025 16:28:57,X6TAA (329th HHC),Greater than 3 years but less than 6,No,None,Yes,No issues but I did a semester of community college,Yes,No,Yes,Yes,Yes,I am happy in my current MOS,Yes,Benefits,Nothing has changed,N/A,I’m not sure,,,,,,,No,N/A
11/15/2025 16:43:59,ZGEAA (429th BN),Greater than 12 years,Yes,No,No,,Yes,No,Yes,Yes,Yes,I am happy in my current MOS,Yes,Insurance costs,N/A,"I’m a dual status Technician, I’ll be in forever. ",N/A,,,,,,,Yes,
11/15/2025 16:57:20,X3YF3 (1030th BN),Greater than 6 years but less than 12,Yes,No,No,,No,No,Yes,Undecided,Yes,Yes,No,Liked the idea of part soldier part civilian and the opportunities the guard offered.,Nothing ,I want to drill else where I dont want to be with this company ,Trust soldiers to have integrity and not micromanage them ,,,,,,,Yes,Ive never been at a transportation company where we get transported everywhere by bus.
11/15/2025 17:04:38,X3YF3 (1030th BN),Greater than 3 years but less than 6,No,,Yes,ArmyIgnited,No,No,Yes,Undecided,I am happy at my current unit,I am happy in my current MOS,Yes,Benefits for school,Leadership changes,I don’t have an answer for that yet,Treat us like adult soldiers and not middle school kids,,,,,,,No,
11/15/2025 17:07:15,X3YF3 (1030th BN),Greater than 3 years but less than 6,No,,No,,No,Yes,Yes,Undecided,Yes,Yes,Yes,Dual life ,Nothing,I just started ,More clear communication ,,,,,,,No,
11/15/2025 17:19:03,X3YF3 (1030th BN),Greater than 3 years but less than 6,Yes,,No,,Yes,No,Yes,Yes,No,No,Yes,I saw what was going on with the COVID-19 pandemic and wanted to do my part to help my country get through it.,Nothing has negatively impacted my desire to stay in.,I am planning to go back to school.,I would not make any changes to improve the morale of soldiers within my company or battalion.,,,,,,,No,
11/15/2025 17:35:12,X6SF3 (529th BN),Greater than 6 years but less than 12,No,,No,,No,No,No,Undecided,No,Yes,No,I always wanted to join,Morale,Ready for something different ,More opportunities for schools and deployments,,,,,,,Yes,I have no idea honestly 
11/15/2025 17:40:47,X3YF3 (1030th BN),Greater than 3 years but less than 6,No,NA,No,NA,No,No,Yes,Yes,No,I am happy in my current MOS,Yes,Benefits,Active Duty ,NA,NA,,,,,,,Yes,
11/15/2025 17:40:48,X6SF3 (529th BN),Greater than 3 years but less than 6,No,No ,No,,No,No,No,Undecided,I am happy at my current unit,Yes,No,School ,Nothing ,It’s not worth my mental health ,Certain people in command personality changes ,,,,,,,No,It’s okay 
11/15/2025 17:43:23,X6SF3 (529th BN),Greater than 3 years but less than 6,No,,Yes,Federal and State Tuition Assistance ,No,No,Yes,Undecided,I am happy at my current unit,Yes,Yes,Serving my state and United States. ,Late formation and lack of retention to do team work.,Might transfer to another military branch.,Early release date and better food.,,,,,,,Yes,
11/15/2025 17:47:11,P1XAA (276th EN),Greater than 6 years but less than 12,No,"N-a
",Yes,State tuition assistance ,No,No,Yes,Yes,I am happy at my current unit,I am happy in my current MOS,Yes,N/A,N/A,N/A,N/A,,,,,,,Yes,
11/15/2025 17:49:19,X3YF3 (1030th BN),Greater than 12 years,Yes,No,Yes,No,Yes,No,Yes,Yes,I am happy at my current unit,I am happy in my current MOS,Yes,Patriotism ,Nothing,I’ll finish with 20,Better food,,,,,,,Yes,
11/15/2025 17:49:37,X3YF3 (1030th BN),Greater than 6 years but less than 12,Yes,No,Yes,TA,No,No,Yes,Yes,Yes,Yes,Yes,Personal/Spiritual ,"Government shutdowns, sometimes lacking execution of family/MWR days, lack of LIK, and over-planning/poor time management during some drills and AT.",N/A,"Not being spread so thin on missions, better organization when going to ranges, more overall practicality in the development phases of planning training and logistics.",,,,,,,Yes,
11/15/2025 17:53:27,UAXAA (224th Aviation),Greater than 3 years but less than 6,No,No,Yes,Gi bill ,No,No,Yes,Yes,I am happy at my current unit,I am happy in my current MOS,Yes,Switching to an aviation MOS,Nothing ,For the Try-care and also its a good environment ,Teaching more aircraft maintenance to the new people ,,,,,,,No,
11/15/2025 18:00:46,X3YF3 (1030th BN),Greater than 12 years,No,No,No,,No,Yes,No,No,Yes,I am happy in my current MOS,No,Wanted a better life ,How my leadership treat me and others ,My unit is my concerned about checking a box rather than taking care of soldiers individual needs,Consider each soldiers wants and needs and goals ,,,,,,,Yes,If they cared more about mental health 
11/15/2025 18:05:08,X3YF3 (1030th BN),Less than 3 years,No,NA,No,NA,Yes,No,No,Yes,Yes,Yes,No,Wanted to challenge myself ,Leadership,I want a different mos. That brings better leadership.,Better communication ,,,,,,,No,Better communication 
11/15/2025 18:09:45,P1XAA (276th EN),Greater than 3 years but less than 6,No,,No,,No,No,No,Yes,I am happy at my current unit,Yes,No,Something to do,Nothing,More money and retirement,Competition,,,,,,,No,I have no equipment to do my MOS
11/16/2025 9:28:59,UAXAA (224th Aviation),Greater than 6 years but less than 12,Yes,No,Yes,State and federal TA - Bachelors and Associates,No,No,Yes,No,I am happy at my current unit,I am happy in my current MOS,Yes,Proud to serve. Education. Unique opportunities.,Nothing negative. Just finished education goals.,Finished education. Pursing overseas work.,I believe our unit is already taking great steps to improve,,,,,,,Yes,
11/16/2025 11:17:32,UAXAA (224th Aviation),Greater than 6 years but less than 12,Yes,No,No,,No,No,Yes,Undecided,No,No,Yes,For school,Standards and values ,Undecided ,Better leadership ,,,,,,,No,
11/16/2025 13:43:59,UAXAA (224th Aviation),Greater than 6 years but less than 12,Yes,N/A,No,N/A,No,No,Yes,Undecided,I am happy at my current unit,I am happy in my current MOS,Yes,"State Emergency Response, School","Policies,",N/A,N/A,,,,,,,Yes,
11/16/2025 14:01:00,UAXAA (224th Aviation),Greater than 12 years,Yes,Nope,Yes,No,Yes,No,Yes,Yes,I am happy at my current unit,No,Yes,Aviation ,Toxic people ,I want to retire and I love the Army,More money,,,,,,,Yes,
11/17/2025 10:39:40,ZGEAA (429th BN),Less than 3 years,No,,No,,No,No,Yes,No,Yes,Yes,Yes,My dad,I want to go active ,To support my family ,Providing soldiers the opportunity to train with better equipment ,,,,,,,No,